[{"model": "main.parameters", "pk": 1, "fields": {"contact_email": "JohnSmith@abc.edu", "experiment_time_zone": "US/Pacific", "site_url": "http://localhost:8000", "invitation_text": "<p>Welcome,</p>\r\n<p>Login in here:</p>\r\n<p>[log in link]</p>\r\n<p>Thanks for your participation!</p>", "invitation_subject": "Experiment Log In Link", "timestamp": "2022-10-09T22:03:56.516Z", "updated": "2022-11-03T15:30:57.782Z"}}, {"model": "main.instructionset", "pk": 1, "fields": {"label": "One - Part 1", "timestamp": "2022-05-13T22:39:37.320Z", "updated": "2022-11-04T16:24:47.670Z"}}, {"model": "main.instructionset", "pk": 2, "fields": {"label": "One - Part 2", "timestamp": "2022-10-31T15:44:39.634Z", "updated": "2022-11-04T18:13:49.594Z"}}, {"model": "main.instructionset", "pk": 3, "fields": {"label": "One - Part 3", "timestamp": "2022-10-31T15:45:05.353Z", "updated": "2022-11-04T18:18:08.152Z"}}, {"model": "main.instructionset", "pk": 4, "fields": {"label": "One - test", "timestamp": "2022-11-08T21:34:39.736Z", "updated": "2022-11-08T21:34:53.222Z"}}, {"model": "main.instruction", "pk": 1, "fields": {"instruction_set": 1, "text_html": "<p><strong><span style=\"font-size: 14pt;\">Welcome</span></strong></p>\r\n<p><span style=\"font-size: 14pt;\">This is an experiment in decision-making. You will earn money based on the decisions you and others make in the experiment. We will pay you at the end of the session.</span></p>\r\n<p><span style=\"font-size: 14pt;\">You are one of #number_of_players# participants in this session. We have assigned you the ID \"#player_id_label#\".</span></p>\r\n<p><span style=\"font-size: 14pt;\">The session has #part_count# parts, each part has #period_count# periods.</span></p>\r\n<p><span style=\"font-size: 14pt;\">Each part is independent of the other #part_count-1# parts.</span></p>\r\n<p><span style=\"font-size: 14pt;\">In each part, your earnings do not depend on the earnings or choices in the other #part_count-1# parts.<br /></span></p>\r\n<p><span style=\"font-size: 14pt;\">Before each part begins, we will give you instructions explaining how it works.</span></p>\r\n<p><span style=\"font-size: 14pt;\">Continue to the next page of the instructions by pressing the <span style=\"background-color: #0d6efd; color: #ffffff;\">Next <span class=\"far fa-arrow-alt-circle-right\">&nbsp;</span></span>button in the bottom right corner of this frame.</span></p>", "page_number": 1, "timestamp": "2022-10-31T15:44:34.580Z", "updated": "2022-11-04T15:01:03.319Z"}}, {"model": "main.instruction", "pk": 2, "fields": {"instruction_set": 1, "text_html": "<p><span style=\"font-size: 14pt;\"><strong>Part #current_part#</strong></span></p>\r\n<p><span style=\"font-size: 14pt;\">Part #current_part# has two steps. In Step 1, the computer will show the same image to everyone in the experiment. This image is at the top of the frame below.</span></p>\r\n<p><span style=\"font-size: 14pt;\">Possible images:</span></p>\r\n<p><span style=\"font-size: 14pt;\">#outcome_images#</span></p>\r\n<p><span style=\"font-size: 14pt;\">The image can be either #outcome_name_list#. Everyone in the session sees the same image.</span></p>\r\n<p><span style=\"font-size: 14pt;\">In Step 2, shown at the bottom of the frame below, you must report either #outcome_name_list#. To do so, click one of the images and press the <span style=\"color: #ffffff;\"><span style=\"background-color: #198754;\">Report</span></span> button at the bottom of the frame.</span></p>\r\n<p><span style=\"font-size: 14pt;\">Everyone in the session will repeat the following process #period_count# times in this part. First, the computer will show everyone one of the possible images, and then everyone makes a report.</span></p>\r\n<p><span style=\"font-size: 14pt;\">Continue to the next page of the instructions.</span></p>", "page_number": 2, "timestamp": "2022-10-31T15:44:34.582Z", "updated": "2022-11-04T16:24:47.671Z"}}, {"model": "main.instruction", "pk": 3, "fields": {"instruction_set": 2, "text_html": "<p><span style=\"font-size: 14pt;\"><strong>Part #current_part#</strong></span></p>\r\n<p><span style=\"font-size: 14pt;\">In Part #current_part# we have put everyone into new groups. Your group has the following members: #group_list#.</span></p>\r\n<p><span style=\"font-size: 14pt;\">Part two has two steps. In Step 1, the computer will show the same image to everyone in your group. This image is at the top of the frame below. Everyone in your group also has a label. Both the image at the top of the frame and your group's labels are one of the possible images below.</span></p>\r\n<p><span style=\"font-size: 14pt;\">#outcome_images#</span></p>\r\n<p><span style=\"font-size: 14pt;\">The image and labels can be either #outcome_name_list#. Everyone in your group sees the same image. Everyone in your group sees the same labels.</span></p>\r\n<p><span style=\"font-size: 14pt;\">In Step 2, shown at bottom of the frame below, you must report either #outcome_name_list#. To do so, click one of the images and press the <span style=\"color: #ffffff;\"><span style=\"background-color: #198754;\">Report</span></span> button at the bottom of the frame.</span></p>\r\n<p><span style=\"font-size: 14pt;\">Everyone in your group will repeat the following process #period_count# times in this part. First, the computer will show everyone one of the possible images and labels, and then everyone in your group makes a report. Your group will not change during this part.</span></p>\r\n<p><span style=\"font-size: 14pt;\">Continue to the next page of the instructions.</span></p>\r\n<p>&nbsp;</p>", "page_number": 1, "timestamp": "2022-10-31T15:44:39.643Z", "updated": "2022-11-04T18:07:43.319Z"}}, {"model": "main.instruction", "pk": 4, "fields": {"instruction_set": 2, "text_html": "<p><span style=\"font-size: 14pt;\"><strong>Part #current_part# Earnings</strong></span></p>\r\n<p><span style=\"font-size: 14pt;\">We will randomly pay you for one of the periods in this part.</span></p>\r\n<p><span style=\"font-size: 14pt;\">Periods in this part have two possible earnings outcomes.&nbsp;</span></p>\r\n<ol>\r\n<li><span style=\"font-size: 14pt;\">If your label is in the majority reported by your group in the paid period, you earn $#pay_label_majority#.</span></li>\r\n<li><span style=\"font-size: 14pt;\">If your label is not in the majority, you instead earn $#pay_label_minority#.</span></li>\r\n</ol>\r\n<p><span style=\"font-size: 14pt;\">For your label to be in the majority, it must match at least #minimum_for_majority-1# other report(s).</span></p>\r\n<p><span style=\"font-size: 14pt;\">You will not see the results for this part until the end of the experiment.</span></p>\r\n<p><span style=\"font-size: 14pt;\">At the end of the experiment, one of the participants will roll a #period_count# sided die to determine which period is paid. Everyone in the experiment is paid for the same period in this part.</span></p>\r\n<p><span style=\"font-size: 14pt;\">If you have a question, please raise your hand, and someone will help you.</span></p>\r\n<p><span style=\"font-size: 14pt;\">This is the end of the instructions. If you are finished with the instructions, please click the <span style=\"color: #ffffff;\"><span style=\"background-color: #198754;\">Start <span class=\"far fa-check-circle\">&nbsp;</span></span> </span>button located in the bottom right of this frame. The instructions will remain on your screen until the experiment begins. We need everyone to click the&nbsp; <span style=\"color: #ffffff;\"><span style=\"background-color: #198754;\">Start <span class=\"far fa-check-circle\">&nbsp;</span></span> </span>button before we can begin the experiment.</span></p>", "page_number": 2, "timestamp": "2022-10-31T15:44:39.643Z", "updated": "2022-11-04T18:11:32.154Z"}}, {"model": "main.instruction", "pk": 5, "fields": {"instruction_set": 3, "text_html": "<p><span style=\"font-size: 14pt;\"><strong>Part #current_part#</strong></span></p>\r\n<p><span style=\"font-size: 14pt;\">In Part #current_part# we have put everyone into new groups. Your group has the following members: #group_list#.</span></p>\r\n<p><span style=\"font-size: 14pt;\">Part two has two steps. In Step 1, the computer will show the same image to everyone in your group. This image is at the top of the frame below. Everyone in your group also has a label. Both the image at the top of the frame and your group's labels are one of the possible images below.</span></p>\r\n<p><span style=\"font-size: 14pt;\">#outcome_images#</span></p>\r\n<p><span style=\"font-size: 14pt;\">The image and labels can be either #outcome_name_list#. Everyone in your group sees the same image. Everyone in your group sees the same labels.</span></p>\r\n<p><span style=\"font-size: 14pt;\">In Step 2, shown at bottom of the frame below, you must report either #outcome_name_list#. To do so, click one of the images and press the <span style=\"color: #ffffff;\"><span style=\"background-color: #198754;\">Report</span></span> button at the bottom of the frame.</span></p>\r\n<p><span style=\"font-size: 14pt;\">Everyone in your group will repeat the following process #period_count# times in this part. First, the computer will show everyone one of the possible images and labels, and then everyone in your group makes a report. Your group will not change during this part.</span></p>\r\n<p><span style=\"font-size: 14pt;\">Continue to the next page of the instructions.</span></p>", "page_number": 1, "timestamp": "2022-10-31T15:45:05.360Z", "updated": "2022-11-04T18:16:08.172Z"}}, {"model": "main.instruction", "pk": 6, "fields": {"instruction_set": 3, "text_html": "<p><span style=\"font-size: 14pt;\"><strong>Part #current_part# Earnings</strong></span></p>\r\n<p><span style=\"font-size: 14pt;\">We will randomly pay you for one of the periods in this part.</span></p>\r\n<p><span style=\"font-size: 14pt;\">Periods in this part have two possible earnings outcomes.&nbsp;</span></p>\r\n<ol>\r\n<li><span style=\"font-size: 14pt;\">If your label is in the majority reported by your group in the paid period, you earn $#pay_label_majority#.</span></li>\r\n<li><span style=\"font-size: 14pt;\">If your label is not in the majority, you instead earn $#pay_label_minority#.</span></li>\r\n</ol>\r\n<p><span style=\"text-decoration: underline;\"><span style=\"font-size: 14pt;\">Additionally if your report is in the majority, you earn an extra $#pay_choice_majority#.</span></span></p>\r\n<p><span style=\"font-size: 14pt;\">For your label to be in the majority, it must match at least #minimum_for_majority-1# other report(s).</span></p>\r\n<p><span style=\"font-size: 14pt;\">You will not see the results for this part until the end of the experiment.</span></p>\r\n<p><span style=\"font-size: 14pt;\">At the end of the experiment, one of the participants will roll a #period_count# sided die to determine which period is paid. Everyone in the experiment is paid for the same period in this part.</span></p>\r\n<p><span style=\"font-size: 14pt;\">If you have a question, please raise your hand, and someone will help you.</span></p>\r\n<p><span style=\"font-size: 14pt;\">This is the end of the instructions. If you are finished with the instructions, please click the <span style=\"color: #ffffff;\"><span style=\"background-color: #198754;\">Start <span class=\"far fa-check-circle\">&nbsp;</span></span> </span>button located in the bottom right of this frame. The instructions will remain on your screen until the experiment begins. We need everyone to click the&nbsp; <span style=\"color: #ffffff;\"><span style=\"background-color: #198754;\">Start <span class=\"far fa-check-circle\">&nbsp;</span></span> </span>button before we can begin the experiment.</span></p>", "page_number": 2, "timestamp": "2022-10-31T15:45:05.360Z", "updated": "2022-11-04T18:18:08.153Z"}}, {"model": "main.instruction", "pk": 7, "fields": {"instruction_set": 1, "text_html": "<p><span style=\"font-size: 14pt;\"><strong>Part #current_part# Earnings</strong></span></p>\r\n<p><span style=\"font-size: 14pt;\">You have two possible earnings outcomes for this part.&nbsp;</span></p>\r\n<ol>\r\n<li><span style=\"font-size: 14pt;\">If all #period_count# of your reports are in the majority or reports in <span style=\"text-decoration: underline;\">every period</span> in this part, you earn $#pay_choice_majority#.</span></li>\r\n<li><span style=\"font-size: 14pt;\">If one or more of your #period_count# reports in this part is not in the majority, you instead earn $#pay_choice_minority#.</span></li>\r\n</ol>\r\n<p><span style=\"font-size: 14pt;\">For your report to be in the majority, it must match at least #minimum_for_majority-1# other reports.</span></p>\r\n<p><span style=\"font-size: 14pt;\">If you have a question, please raise your hand, and someone will help you.</span></p>\r\n<p><span style=\"font-size: 14pt;\">This is the end of the instructions. If you are finished with the instructions, please click the <span style=\"color: #ffffff;\"><span style=\"background-color: #198754;\">Start <span class=\"far fa-check-circle\">&nbsp;</span></span> </span>button located in the bottom right of this frame. The instructions will remain on your screen until the experiment begins. We need everyone to click the&nbsp; <span style=\"color: #ffffff;\"><span style=\"background-color: #198754;\">Start <span class=\"far fa-check-circle\">&nbsp;</span></span> </span>button before we can begin the experiment.</span></p>", "page_number": 3, "timestamp": "2022-10-31T17:44:03.642Z", "updated": "2022-11-04T16:24:47.672Z"}}, {"model": "main.instruction", "pk": 9, "fields": {"instruction_set": 4, "text_html": "<p><strong><span style=\"font-size: 14pt;\">Welcome</span></strong></p>\r\n<p><span style=\"font-size: 14pt;\">This is an experiment in decision-making. You will earn money based on the decisions you and others make in the experiment. We will pay you at the end of the session.</span></p>\r\n<p><span style=\"font-size: 14pt;\">You are one of #number_of_players# participants in this session. We have assigned you the ID \"#player_id_label#\".</span></p>\r\n<p><span style=\"font-size: 14pt;\">The session has #part_count# parts, each part has #period_count# periods.</span></p>", "page_number": 1, "timestamp": "2022-11-08T21:34:39.743Z", "updated": "2022-11-08T21:34:53.223Z"}}, {"model": "main.instruction", "pk": 10, "fields": {"instruction_set": 4, "text_html": "<p><span style=\"font-size: 14pt;\"><strong>Part #current_part#</strong></span></p>\r\n<p><span style=\"font-size: 14pt;\">Part #current_part# has two steps. In Step 1, the computer will show the same image to everyone in the experiment. This image is at the top of the frame below.</span></p>\r\n<p><span style=\"font-size: 14pt;\">Possible images:</span></p>\r\n<p><span style=\"font-size: 14pt;\">#outcome_images#</span></p>\r\n<p><span style=\"font-size: 14pt;\">The image can be either #outcome_name_list#. Everyone in the session sees the same image.</span></p>\r\n<p><span style=\"font-size: 14pt;\">In Step 2, shown at the bottom of the frame below, you must report either #outcome_name_list#. To do so, click one of the images and press the <span style=\"color: #ffffff;\"><span style=\"background-color: #198754;\">Report</span></span> button at the bottom of the frame.</span></p>\r\n<p><span style=\"font-size: 14pt;\">Everyone in the session will repeat the following process #period_count# times in this part. First, the computer will show everyone one of the possible images, and then everyone makes a report.</span></p>\r\n<p><span style=\"font-size: 14pt;\">Continue to the next page of the instructions.</span></p>", "page_number": 2, "timestamp": "2022-11-08T21:34:39.743Z", "updated": "2022-11-08T21:34:39.743Z"}}, {"model": "main.instruction", "pk": 11, "fields": {"instruction_set": 4, "text_html": "<p><span style=\"font-size: 14pt;\"><strong>Part #current_part# Earnings</strong></span></p>\r\n<p><span style=\"font-size: 14pt;\">You have two possible earnings outcomes for this part.&nbsp;</span></p>\r\n<ol>\r\n<li><span style=\"font-size: 14pt;\">If all #period_count# of your reports are in the majority or reports in <span style=\"text-decoration: underline;\">every period</span> in this part, you earn $#pay_choice_majority#.</span></li>\r\n<li><span style=\"font-size: 14pt;\">If one or more of your #period_count# reports in this part is not in the majority, you instead earn $#pay_choice_minority#.</span></li>\r\n</ol>\r\n<p><span style=\"font-size: 14pt;\">For your report to be in the majority, it must match at least #minimum_for_majority-1# other reports.</span></p>\r\n<p><span style=\"font-size: 14pt;\">If you have a question, please raise your hand, and someone will help you.</span></p>\r\n<p><span style=\"font-size: 14pt;\">This is the end of the instructions. If you are finished with the instructions, please click the <span style=\"color: #ffffff;\"><span style=\"background-color: #198754;\">Start <span class=\"far fa-check-circle\">&nbsp;</span></span> </span>button located in the bottom right of this frame. The instructions will remain on your screen until the experiment begins. We need everyone to click the&nbsp; <span style=\"color: #ffffff;\"><span style=\"background-color: #198754;\">Start <span class=\"far fa-check-circle\">&nbsp;</span></span> </span>button before we can begin the experiment.</span></p>", "page_number": 3, "timestamp": "2022-11-08T21:34:39.743Z", "updated": "2022-11-08T21:34:39.743Z"}}, {"model": "main.parameterset", "pk": 2, "fields": {"part_count": 3, "period_count": 20, "period_length": 60, "label_set_count": 3, "private_chat": true, "show_instructions": false, "test_mode": true, "timestamp": "2022-10-09T22:05:53.617Z", "updated": "2022-11-06T23:41:17.276Z"}}, {"model": "main.parameterset", "pk": 3, "fields": {"part_count": 3, "period_count": 3, "period_length": 10, "label_set_count": 3, "private_chat": true, "show_instructions": true, "test_mode": false, "timestamp": "2022-10-13T18:26:03.935Z", "updated": "2022-11-08T21:15:52.332Z"}}, {"model": "main.parametersetrandomoutcome", "pk": 2, "fields": {"parameter_set": 2, "name": "Heads", "abbreviation": "H", "image": "heads.png", "timestamp": "2022-10-11T17:57:53.766Z", "updated": "2022-10-20T15:40:16.095Z"}}, {"model": "main.parametersetrandomoutcome", "pk": 3, "fields": {"parameter_set": 2, "name": "Tails", "abbreviation": "T", "image": "tails.png", "timestamp": "2022-10-11T18:13:45.884Z", "updated": "2022-10-20T15:40:32.722Z"}}, {"model": "main.parametersetrandomoutcome", "pk": 4, "fields": {"parameter_set": 3, "name": "Heads", "abbreviation": "H", "image": "heads.png", "timestamp": "2022-10-13T18:27:05.011Z", "updated": "2022-10-24T15:37:43.229Z"}}, {"model": "main.parametersetrandomoutcome", "pk": 5, "fields": {"parameter_set": 3, "name": "Tails", "abbreviation": "T", "image": "tails.png", "timestamp": "2022-10-13T18:27:05.017Z", "updated": "2022-10-24T15:37:43.238Z"}}, {"model": "main.parametersetpart", "pk": 1, "fields": {"parameter_set": 2, "instruction_set": 1, "mode": "A", "part_number": 1, "minimum_for_majority": 7, "pay_choice_majority": "10.00", "pay_choice_minority": "1.00", "pay_label_majority": "0.00", "pay_label_minority": "0.00", "timestamp": "2022-10-10T18:46:18.571Z", "updated": "2022-10-17T17:30:56.773Z"}}, {"model": "main.parametersetpart", "pk": 2, "fields": {"parameter_set": 2, "instruction_set": 2, "mode": "B", "part_number": 2, "minimum_for_majority": 2, "pay_choice_majority": "0.00", "pay_choice_minority": "0.00", "pay_label_majority": "10.00", "pay_label_minority": "1.00", "timestamp": "2022-10-10T18:46:18.578Z", "updated": "2022-11-02T15:19:20.141Z"}}, {"model": "main.parametersetpart", "pk": 3, "fields": {"parameter_set": 2, "instruction_set": 3, "mode": "C", "part_number": 3, "minimum_for_majority": 2, "pay_choice_majority": "1.00", "pay_choice_minority": "0.00", "pay_label_majority": "9.00", "pay_label_minority": "1.00", "timestamp": "2022-10-10T18:46:18.584Z", "updated": "2022-11-02T15:19:25.989Z"}}, {"model": "main.parametersetpart", "pk": 6, "fields": {"parameter_set": 3, "instruction_set": 4, "mode": "A", "part_number": 1, "minimum_for_majority": 2, "pay_choice_majority": "10.00", "pay_choice_minority": "1.00", "pay_label_majority": "0.00", "pay_label_minority": "0.00", "timestamp": "2022-10-13T18:27:05.024Z", "updated": "2022-11-08T21:35:14.269Z"}}, {"model": "main.parametersetpart", "pk": 7, "fields": {"parameter_set": 3, "instruction_set": 2, "mode": "B", "part_number": 2, "minimum_for_majority": 2, "pay_choice_majority": "0.00", "pay_choice_minority": "0.00", "pay_label_majority": "10.00", "pay_label_minority": "1.00", "timestamp": "2022-10-13T18:27:05.029Z", "updated": "2022-10-31T15:45:48.835Z"}}, {"model": "main.parametersetpart", "pk": 8, "fields": {"parameter_set": 3, "instruction_set": 3, "mode": "C", "part_number": 3, "minimum_for_majority": 2, "pay_choice_majority": "1.00", "pay_choice_minority": "0.00", "pay_label_majority": "9.00", "pay_label_minority": "1.00", "timestamp": "2022-10-13T18:27:05.034Z", "updated": "2022-10-31T15:45:52.084Z"}}, {"model": "main.parametersetpartperiod", "pk": 1, "fields": {"parameter_set_part": 1, "parameter_set_random_outcome": 3, "period_number": 1, "timestamp": "2022-10-17T15:38:46.108Z", "updated": "2022-11-02T15:19:38.015Z"}}, {"model": "main.parametersetpartperiod", "pk": 2, "fields": {"parameter_set_part": 1, "parameter_set_random_outcome": 3, "period_number": 2, "timestamp": "2022-10-17T15:38:46.114Z", "updated": "2022-11-02T15:19:38.019Z"}}, {"model": "main.parametersetpartperiod", "pk": 3, "fields": {"parameter_set_part": 1, "parameter_set_random_outcome": 2, "period_number": 3, "timestamp": "2022-10-17T15:38:46.118Z", "updated": "2022-11-02T15:19:38.024Z"}}, {"model": "main.parametersetpartperiod", "pk": 4, "fields": {"parameter_set_part": 1, "parameter_set_random_outcome": 2, "period_number": 4, "timestamp": "2022-10-17T15:38:46.122Z", "updated": "2022-11-02T15:19:38.027Z"}}, {"model": "main.parametersetpartperiod", "pk": 5, "fields": {"parameter_set_part": 1, "parameter_set_random_outcome": 3, "period_number": 5, "timestamp": "2022-10-17T15:38:46.127Z", "updated": "2022-11-02T15:19:38.034Z"}}, {"model": "main.parametersetpartperiod", "pk": 6, "fields": {"parameter_set_part": 1, "parameter_set_random_outcome": 3, "period_number": 6, "timestamp": "2022-10-17T15:38:46.131Z", "updated": "2022-11-02T15:19:38.038Z"}}, {"model": "main.parametersetpartperiod", "pk": 7, "fields": {"parameter_set_part": 1, "parameter_set_random_outcome": 2, "period_number": 7, "timestamp": "2022-10-17T15:38:46.135Z", "updated": "2022-11-02T15:19:38.042Z"}}, {"model": "main.parametersetpartperiod", "pk": 8, "fields": {"parameter_set_part": 1, "parameter_set_random_outcome": 2, "period_number": 8, "timestamp": "2022-10-17T15:38:46.139Z", "updated": "2022-11-02T15:19:38.047Z"}}, {"model": "main.parametersetpartperiod", "pk": 9, "fields": {"parameter_set_part": 1, "parameter_set_random_outcome": 3, "period_number": 9, "timestamp": "2022-10-17T15:38:46.143Z", "updated": "2022-11-02T15:19:38.051Z"}}, {"model": "main.parametersetpartperiod", "pk": 10, "fields": {"parameter_set_part": 1, "parameter_set_random_outcome": 3, "period_number": 10, "timestamp": "2022-10-17T15:38:46.147Z", "updated": "2022-11-02T15:19:38.055Z"}}, {"model": "main.parametersetpartperiod", "pk": 11, "fields": {"parameter_set_part": 1, "parameter_set_random_outcome": 2, "period_number": 11, "timestamp": "2022-10-17T15:38:46.152Z", "updated": "2022-11-02T15:19:38.063Z"}}, {"model": "main.parametersetpartperiod", "pk": 12, "fields": {"parameter_set_part": 1, "parameter_set_random_outcome": 3, "period_number": 12, "timestamp": "2022-10-17T15:38:46.156Z", "updated": "2022-11-02T15:19:38.067Z"}}, {"model": "main.parametersetpartperiod", "pk": 13, "fields": {"parameter_set_part": 1, "parameter_set_random_outcome": 3, "period_number": 13, "timestamp": "2022-10-17T15:38:46.160Z", "updated": "2022-11-02T15:19:38.071Z"}}, {"model": "main.parametersetpartperiod", "pk": 14, "fields": {"parameter_set_part": 1, "parameter_set_random_outcome": 3, "period_number": 14, "timestamp": "2022-10-17T15:38:46.164Z", "updated": "2022-11-02T15:19:38.075Z"}}, {"model": "main.parametersetpartperiod", "pk": 15, "fields": {"parameter_set_part": 1, "parameter_set_random_outcome": 2, "period_number": 15, "timestamp": "2022-10-17T15:38:46.168Z", "updated": "2022-11-02T15:19:38.079Z"}}, {"model": "main.parametersetpartperiod", "pk": 16, "fields": {"parameter_set_part": 1, "parameter_set_random_outcome": 2, "period_number": 16, "timestamp": "2022-10-17T15:38:46.172Z", "updated": "2022-11-02T15:19:38.083Z"}}, {"model": "main.parametersetpartperiod", "pk": 17, "fields": {"parameter_set_part": 1, "parameter_set_random_outcome": 2, "period_number": 17, "timestamp": "2022-10-17T15:38:46.177Z", "updated": "2022-11-02T15:19:38.086Z"}}, {"model": "main.parametersetpartperiod", "pk": 18, "fields": {"parameter_set_part": 1, "parameter_set_random_outcome": 2, "period_number": 18, "timestamp": "2022-10-17T15:38:46.181Z", "updated": "2022-11-02T15:19:38.090Z"}}, {"model": "main.parametersetpartperiod", "pk": 19, "fields": {"parameter_set_part": 1, "parameter_set_random_outcome": 3, "period_number": 19, "timestamp": "2022-10-17T15:38:46.186Z", "updated": "2022-11-02T15:19:38.094Z"}}, {"model": "main.parametersetpartperiod", "pk": 20, "fields": {"parameter_set_part": 1, "parameter_set_random_outcome": 2, "period_number": 20, "timestamp": "2022-10-17T15:38:46.190Z", "updated": "2022-11-02T15:19:38.098Z"}}, {"model": "main.parametersetpartperiod", "pk": 21, "fields": {"parameter_set_part": 2, "parameter_set_random_outcome": 3, "period_number": 1, "timestamp": "2022-10-17T15:38:46.283Z", "updated": "2022-11-02T15:19:38.105Z"}}, {"model": "main.parametersetpartperiod", "pk": 22, "fields": {"parameter_set_part": 2, "parameter_set_random_outcome": 2, "period_number": 2, "timestamp": "2022-10-17T15:38:46.287Z", "updated": "2022-11-02T15:19:38.109Z"}}, {"model": "main.parametersetpartperiod", "pk": 23, "fields": {"parameter_set_part": 2, "parameter_set_random_outcome": 3, "period_number": 3, "timestamp": "2022-10-17T15:38:46.291Z", "updated": "2022-11-02T15:19:38.113Z"}}, {"model": "main.parametersetpartperiod", "pk": 24, "fields": {"parameter_set_part": 2, "parameter_set_random_outcome": 3, "period_number": 4, "timestamp": "2022-10-17T15:38:46.295Z", "updated": "2022-11-02T15:19:38.119Z"}}, {"model": "main.parametersetpartperiod", "pk": 25, "fields": {"parameter_set_part": 2, "parameter_set_random_outcome": 3, "period_number": 5, "timestamp": "2022-10-17T15:38:46.300Z", "updated": "2022-11-02T15:19:38.123Z"}}, {"model": "main.parametersetpartperiod", "pk": 26, "fields": {"parameter_set_part": 2, "parameter_set_random_outcome": 2, "period_number": 6, "timestamp": "2022-10-17T15:38:46.304Z", "updated": "2022-11-02T15:19:38.127Z"}}, {"model": "main.parametersetpartperiod", "pk": 27, "fields": {"parameter_set_part": 2, "parameter_set_random_outcome": 3, "period_number": 7, "timestamp": "2022-10-17T15:38:46.310Z", "updated": "2022-11-02T15:19:38.131Z"}}, {"model": "main.parametersetpartperiod", "pk": 28, "fields": {"parameter_set_part": 2, "parameter_set_random_outcome": 2, "period_number": 8, "timestamp": "2022-10-17T15:38:46.314Z", "updated": "2022-11-02T15:19:38.135Z"}}, {"model": "main.parametersetpartperiod", "pk": 29, "fields": {"parameter_set_part": 2, "parameter_set_random_outcome": 3, "period_number": 9, "timestamp": "2022-10-17T15:38:46.318Z", "updated": "2022-11-02T15:19:38.143Z"}}, {"model": "main.parametersetpartperiod", "pk": 30, "fields": {"parameter_set_part": 2, "parameter_set_random_outcome": 2, "period_number": 10, "timestamp": "2022-10-17T15:38:46.322Z", "updated": "2022-11-02T15:19:38.147Z"}}, {"model": "main.parametersetpartperiod", "pk": 31, "fields": {"parameter_set_part": 2, "parameter_set_random_outcome": 2, "period_number": 11, "timestamp": "2022-10-17T15:38:46.326Z", "updated": "2022-11-02T15:19:38.151Z"}}, {"model": "main.parametersetpartperiod", "pk": 32, "fields": {"parameter_set_part": 2, "parameter_set_random_outcome": 2, "period_number": 12, "timestamp": "2022-10-17T15:38:46.331Z", "updated": "2022-11-02T15:19:38.160Z"}}, {"model": "main.parametersetpartperiod", "pk": 33, "fields": {"parameter_set_part": 2, "parameter_set_random_outcome": 3, "period_number": 13, "timestamp": "2022-10-17T15:38:46.335Z", "updated": "2022-11-02T15:19:38.163Z"}}, {"model": "main.parametersetpartperiod", "pk": 34, "fields": {"parameter_set_part": 2, "parameter_set_random_outcome": 2, "period_number": 14, "timestamp": "2022-10-17T15:38:46.339Z", "updated": "2022-11-02T15:19:38.167Z"}}, {"model": "main.parametersetpartperiod", "pk": 35, "fields": {"parameter_set_part": 2, "parameter_set_random_outcome": 2, "period_number": 15, "timestamp": "2022-10-17T15:38:46.343Z", "updated": "2022-11-02T15:19:38.171Z"}}, {"model": "main.parametersetpartperiod", "pk": 36, "fields": {"parameter_set_part": 2, "parameter_set_random_outcome": 3, "period_number": 16, "timestamp": "2022-10-17T15:38:46.347Z", "updated": "2022-11-02T15:19:38.175Z"}}, {"model": "main.parametersetpartperiod", "pk": 37, "fields": {"parameter_set_part": 2, "parameter_set_random_outcome": 3, "period_number": 17, "timestamp": "2022-10-17T15:38:46.351Z", "updated": "2022-11-02T15:19:38.179Z"}}, {"model": "main.parametersetpartperiod", "pk": 38, "fields": {"parameter_set_part": 2, "parameter_set_random_outcome": 2, "period_number": 18, "timestamp": "2022-10-17T15:38:46.355Z", "updated": "2022-11-02T15:19:38.186Z"}}, {"model": "main.parametersetpartperiod", "pk": 39, "fields": {"parameter_set_part": 2, "parameter_set_random_outcome": 3, "period_number": 19, "timestamp": "2022-10-17T15:38:46.360Z", "updated": "2022-11-02T15:19:38.191Z"}}, {"model": "main.parametersetpartperiod", "pk": 40, "fields": {"parameter_set_part": 2, "parameter_set_random_outcome": 3, "period_number": 20, "timestamp": "2022-10-17T15:38:46.364Z", "updated": "2022-11-02T15:19:38.195Z"}}, {"model": "main.parametersetpartperiod", "pk": 41, "fields": {"parameter_set_part": 3, "parameter_set_random_outcome": 2, "period_number": 1, "timestamp": "2022-10-17T15:38:46.457Z", "updated": "2022-11-02T15:19:38.205Z"}}, {"model": "main.parametersetpartperiod", "pk": 42, "fields": {"parameter_set_part": 3, "parameter_set_random_outcome": 2, "period_number": 2, "timestamp": "2022-10-17T15:38:46.461Z", "updated": "2022-11-02T15:19:38.209Z"}}, {"model": "main.parametersetpartperiod", "pk": 43, "fields": {"parameter_set_part": 3, "parameter_set_random_outcome": 2, "period_number": 3, "timestamp": "2022-10-17T15:38:46.465Z", "updated": "2022-11-02T15:19:38.212Z"}}, {"model": "main.parametersetpartperiod", "pk": 44, "fields": {"parameter_set_part": 3, "parameter_set_random_outcome": 2, "period_number": 4, "timestamp": "2022-10-17T15:38:46.469Z", "updated": "2022-11-02T15:19:38.232Z"}}, {"model": "main.parametersetpartperiod", "pk": 45, "fields": {"parameter_set_part": 3, "parameter_set_random_outcome": 3, "period_number": 5, "timestamp": "2022-10-17T15:38:46.473Z", "updated": "2022-11-02T15:19:38.236Z"}}, {"model": "main.parametersetpartperiod", "pk": 46, "fields": {"parameter_set_part": 3, "parameter_set_random_outcome": 3, "period_number": 6, "timestamp": "2022-10-17T15:38:46.477Z", "updated": "2022-11-02T15:19:38.240Z"}}, {"model": "main.parametersetpartperiod", "pk": 47, "fields": {"parameter_set_part": 3, "parameter_set_random_outcome": 2, "period_number": 7, "timestamp": "2022-10-17T15:38:46.481Z", "updated": "2022-11-02T15:19:38.243Z"}}, {"model": "main.parametersetpartperiod", "pk": 48, "fields": {"parameter_set_part": 3, "parameter_set_random_outcome": 3, "period_number": 8, "timestamp": "2022-10-17T15:38:46.485Z", "updated": "2022-11-02T15:19:38.247Z"}}, {"model": "main.parametersetpartperiod", "pk": 49, "fields": {"parameter_set_part": 3, "parameter_set_random_outcome": 2, "period_number": 9, "timestamp": "2022-10-17T15:38:46.489Z", "updated": "2022-11-02T15:19:38.250Z"}}, {"model": "main.parametersetpartperiod", "pk": 50, "fields": {"parameter_set_part": 3, "parameter_set_random_outcome": 3, "period_number": 10, "timestamp": "2022-10-17T15:38:46.494Z", "updated": "2022-11-02T15:19:38.253Z"}}, {"model": "main.parametersetpartperiod", "pk": 51, "fields": {"parameter_set_part": 3, "parameter_set_random_outcome": 2, "period_number": 11, "timestamp": "2022-10-17T15:38:46.498Z", "updated": "2022-11-02T15:19:38.257Z"}}, {"model": "main.parametersetpartperiod", "pk": 52, "fields": {"parameter_set_part": 3, "parameter_set_random_outcome": 3, "period_number": 12, "timestamp": "2022-10-17T15:38:46.502Z", "updated": "2022-11-02T15:19:38.260Z"}}, {"model": "main.parametersetpartperiod", "pk": 53, "fields": {"parameter_set_part": 3, "parameter_set_random_outcome": 2, "period_number": 13, "timestamp": "2022-10-17T15:38:46.506Z", "updated": "2022-11-02T15:19:38.264Z"}}, {"model": "main.parametersetpartperiod", "pk": 54, "fields": {"parameter_set_part": 3, "parameter_set_random_outcome": 2, "period_number": 14, "timestamp": "2022-10-17T15:38:46.510Z", "updated": "2022-11-02T15:19:38.267Z"}}, {"model": "main.parametersetpartperiod", "pk": 55, "fields": {"parameter_set_part": 3, "parameter_set_random_outcome": 2, "period_number": 15, "timestamp": "2022-10-17T15:38:46.514Z", "updated": "2022-11-02T15:19:38.271Z"}}, {"model": "main.parametersetpartperiod", "pk": 56, "fields": {"parameter_set_part": 3, "parameter_set_random_outcome": 2, "period_number": 16, "timestamp": "2022-10-17T15:38:46.518Z", "updated": "2022-11-02T15:19:38.275Z"}}, {"model": "main.parametersetpartperiod", "pk": 57, "fields": {"parameter_set_part": 3, "parameter_set_random_outcome": 3, "period_number": 17, "timestamp": "2022-10-17T15:38:46.522Z", "updated": "2022-11-02T15:19:38.278Z"}}, {"model": "main.parametersetpartperiod", "pk": 58, "fields": {"parameter_set_part": 3, "parameter_set_random_outcome": 2, "period_number": 18, "timestamp": "2022-10-17T15:38:46.527Z", "updated": "2022-11-02T15:19:38.282Z"}}, {"model": "main.parametersetpartperiod", "pk": 59, "fields": {"parameter_set_part": 3, "parameter_set_random_outcome": 3, "period_number": 19, "timestamp": "2022-10-17T15:38:46.531Z", "updated": "2022-11-02T15:19:38.286Z"}}, {"model": "main.parametersetpartperiod", "pk": 60, "fields": {"parameter_set_part": 3, "parameter_set_random_outcome": 2, "period_number": 20, "timestamp": "2022-10-17T15:38:46.535Z", "updated": "2022-11-02T15:19:38.290Z"}}, {"model": "main.parametersetpartperiod", "pk": 198, "fields": {"parameter_set_part": 6, "parameter_set_random_outcome": 4, "period_number": 2, "timestamp": "2022-11-08T18:19:34.475Z", "updated": "2022-11-08T21:15:52.622Z"}}, {"model": "main.parametersetpartperiod", "pk": 199, "fields": {"parameter_set_part": 6, "parameter_set_random_outcome": 4, "period_number": 3, "timestamp": "2022-11-08T18:19:34.479Z", "updated": "2022-11-08T21:15:52.626Z"}}, {"model": "main.parametersetpartperiod", "pk": 200, "fields": {"parameter_set_part": 6, "parameter_set_random_outcome": 4, "period_number": 1, "timestamp": "2022-11-08T18:19:34.484Z", "updated": "2022-11-08T21:15:52.618Z"}}, {"model": "main.parametersetpartperiod", "pk": 216, "fields": {"parameter_set_part": 7, "parameter_set_random_outcome": 5, "period_number": 2, "timestamp": "2022-11-08T18:19:34.639Z", "updated": "2022-11-08T21:15:52.774Z"}}, {"model": "main.parametersetpartperiod", "pk": 217, "fields": {"parameter_set_part": 7, "parameter_set_random_outcome": 4, "period_number": 3, "timestamp": "2022-11-08T18:19:34.644Z", "updated": "2022-11-08T21:15:52.787Z"}}, {"model": "main.parametersetpartperiod", "pk": 218, "fields": {"parameter_set_part": 7, "parameter_set_random_outcome": 4, "period_number": 1, "timestamp": "2022-11-08T18:19:34.648Z", "updated": "2022-11-08T21:15:52.758Z"}}, {"model": "main.parametersetpartperiod", "pk": 234, "fields": {"parameter_set_part": 8, "parameter_set_random_outcome": 5, "period_number": 2, "timestamp": "2022-11-08T18:19:34.920Z", "updated": "2022-11-08T21:15:53.078Z"}}, {"model": "main.parametersetpartperiod", "pk": 235, "fields": {"parameter_set_part": 8, "parameter_set_random_outcome": 4, "period_number": 3, "timestamp": "2022-11-08T18:19:34.924Z", "updated": "2022-11-08T21:15:53.086Z"}}, {"model": "main.parametersetpartperiod", "pk": 236, "fields": {"parameter_set_part": 8, "parameter_set_random_outcome": 5, "period_number": 1, "timestamp": "2022-11-08T18:19:34.928Z", "updated": "2022-11-08T21:15:53.072Z"}}, {"model": "main.parametersetlabels", "pk": 1, "fields": {"parameter_set": 2, "name": "a-2", "timestamp": "2022-10-12T17:03:24.440Z", "updated": "2022-10-17T17:30:56.524Z"}}, {"model": "main.parametersetlabels", "pk": 2, "fields": {"parameter_set": 2, "name": "a-1", "timestamp": "2022-10-12T17:03:24.457Z", "updated": "2022-10-17T17:30:56.401Z"}}, {"model": "main.parametersetlabels", "pk": 3, "fields": {"parameter_set": 2, "name": "a-3", "timestamp": "2022-10-12T17:03:24.461Z", "updated": "2022-10-17T17:30:56.651Z"}}, {"model": "main.parametersetlabels", "pk": 4, "fields": {"parameter_set": 3, "name": "a-1", "timestamp": "2022-10-13T18:27:05.040Z", "updated": "2022-10-24T15:37:42.139Z"}}, {"model": "main.parametersetlabels", "pk": 5, "fields": {"parameter_set": 3, "name": "a-2", "timestamp": "2022-10-13T18:27:05.044Z", "updated": "2022-10-24T15:37:42.737Z"}}, {"model": "main.parametersetlabels", "pk": 6, "fields": {"parameter_set": 3, "name": "a-3", "timestamp": "2022-10-13T18:27:05.048Z", "updated": "2022-10-24T15:37:42.858Z"}}, {"model": "main.parametersetlabelsperiod", "pk": 1, "fields": {"parameter_set_labels": 1, "label": 3, "period_number": 1, "timestamp": "2022-10-12T17:05:44.454Z", "updated": "2022-10-17T17:30:56.409Z"}}, {"model": "main.parametersetlabelsperiod", "pk": 2, "fields": {"parameter_set_labels": 1, "label": 2, "period_number": 2, "timestamp": "2022-10-12T17:05:44.466Z", "updated": "2022-10-17T17:30:56.415Z"}}, {"model": "main.parametersetlabelsperiod", "pk": 3, "fields": {"parameter_set_labels": 1, "label": 2, "period_number": 3, "timestamp": "2022-10-12T17:05:44.473Z", "updated": "2022-10-17T17:30:56.422Z"}}, {"model": "main.parametersetlabelsperiod", "pk": 4, "fields": {"parameter_set_labels": 1, "label": 2, "period_number": 4, "timestamp": "2022-10-12T17:05:44.479Z", "updated": "2022-10-17T17:30:56.428Z"}}, {"model": "main.parametersetlabelsperiod", "pk": 5, "fields": {"parameter_set_labels": 1, "label": 3, "period_number": 5, "timestamp": "2022-10-12T17:05:44.485Z", "updated": "2022-10-17T17:30:56.434Z"}}, {"model": "main.parametersetlabelsperiod", "pk": 6, "fields": {"parameter_set_labels": 1, "label": 2, "period_number": 6, "timestamp": "2022-10-12T17:05:44.495Z", "updated": "2022-10-17T17:30:56.439Z"}}, {"model": "main.parametersetlabelsperiod", "pk": 7, "fields": {"parameter_set_labels": 1, "label": 3, "period_number": 7, "timestamp": "2022-10-12T17:05:44.501Z", "updated": "2022-10-17T17:30:56.445Z"}}, {"model": "main.parametersetlabelsperiod", "pk": 8, "fields": {"parameter_set_labels": 1, "label": 3, "period_number": 8, "timestamp": "2022-10-12T17:05:44.512Z", "updated": "2022-10-17T17:30:56.451Z"}}, {"model": "main.parametersetlabelsperiod", "pk": 9, "fields": {"parameter_set_labels": 1, "label": 3, "period_number": 9, "timestamp": "2022-10-12T17:05:44.517Z", "updated": "2022-10-17T17:30:56.456Z"}}, {"model": "main.parametersetlabelsperiod", "pk": 10, "fields": {"parameter_set_labels": 1, "label": 2, "period_number": 10, "timestamp": "2022-10-12T17:05:44.523Z", "updated": "2022-10-17T17:30:56.462Z"}}, {"model": "main.parametersetlabelsperiod", "pk": 11, "fields": {"parameter_set_labels": 2, "label": 3, "period_number": 1, "timestamp": "2022-10-12T17:05:44.541Z", "updated": "2022-10-17T17:30:56.275Z"}}, {"model": "main.parametersetlabelsperiod", "pk": 12, "fields": {"parameter_set_labels": 2, "label": 3, "period_number": 2, "timestamp": "2022-10-12T17:05:44.569Z", "updated": "2022-10-17T17:30:56.284Z"}}, {"model": "main.parametersetlabelsperiod", "pk": 13, "fields": {"parameter_set_labels": 2, "label": 3, "period_number": 3, "timestamp": "2022-10-12T17:05:44.580Z", "updated": "2022-10-17T17:30:56.291Z"}}, {"model": "main.parametersetlabelsperiod", "pk": 14, "fields": {"parameter_set_labels": 2, "label": 2, "period_number": 4, "timestamp": "2022-10-12T17:05:44.593Z", "updated": "2022-10-17T17:30:56.297Z"}}, {"model": "main.parametersetlabelsperiod", "pk": 15, "fields": {"parameter_set_labels": 2, "label": 3, "period_number": 5, "timestamp": "2022-10-12T17:05:44.598Z", "updated": "2022-10-17T17:30:56.302Z"}}, {"model": "main.parametersetlabelsperiod", "pk": 16, "fields": {"parameter_set_labels": 2, "label": 2, "period_number": 6, "timestamp": "2022-10-12T17:05:44.603Z", "updated": "2022-10-17T17:30:56.308Z"}}, {"model": "main.parametersetlabelsperiod", "pk": 17, "fields": {"parameter_set_labels": 2, "label": 3, "period_number": 7, "timestamp": "2022-10-12T17:05:44.608Z", "updated": "2022-10-17T17:30:56.313Z"}}, {"model": "main.parametersetlabelsperiod", "pk": 18, "fields": {"parameter_set_labels": 2, "label": 2, "period_number": 8, "timestamp": "2022-10-12T17:05:44.612Z", "updated": "2022-10-17T17:30:56.319Z"}}, {"model": "main.parametersetlabelsperiod", "pk": 19, "fields": {"parameter_set_labels": 2, "label": 2, "period_number": 9, "timestamp": "2022-10-12T17:05:44.617Z", "updated": "2022-10-17T17:30:56.326Z"}}, {"model": "main.parametersetlabelsperiod", "pk": 20, "fields": {"parameter_set_labels": 2, "label": 3, "period_number": 10, "timestamp": "2022-10-12T17:05:44.621Z", "updated": "2022-10-17T17:30:56.333Z"}}, {"model": "main.parametersetlabelsperiod", "pk": 21, "fields": {"parameter_set_labels": 3, "label": 3, "period_number": 1, "timestamp": "2022-10-12T17:05:44.627Z", "updated": "2022-10-17T17:30:56.531Z"}}, {"model": "main.parametersetlabelsperiod", "pk": 22, "fields": {"parameter_set_labels": 3, "label": 2, "period_number": 2, "timestamp": "2022-10-12T17:05:44.632Z", "updated": "2022-10-17T17:30:56.537Z"}}, {"model": "main.parametersetlabelsperiod", "pk": 23, "fields": {"parameter_set_labels": 3, "label": 2, "period_number": 3, "timestamp": "2022-10-12T17:05:44.637Z", "updated": "2022-10-17T17:30:56.543Z"}}, {"model": "main.parametersetlabelsperiod", "pk": 24, "fields": {"parameter_set_labels": 3, "label": 3, "period_number": 4, "timestamp": "2022-10-12T17:05:44.642Z", "updated": "2022-10-17T17:30:56.549Z"}}, {"model": "main.parametersetlabelsperiod", "pk": 25, "fields": {"parameter_set_labels": 3, "label": 2, "period_number": 5, "timestamp": "2022-10-12T17:05:44.647Z", "updated": "2022-10-17T17:30:56.555Z"}}, {"model": "main.parametersetlabelsperiod", "pk": 26, "fields": {"parameter_set_labels": 3, "label": 2, "period_number": 6, "timestamp": "2022-10-12T17:05:44.652Z", "updated": "2022-10-17T17:30:56.560Z"}}, {"model": "main.parametersetlabelsperiod", "pk": 27, "fields": {"parameter_set_labels": 3, "label": 2, "period_number": 7, "timestamp": "2022-10-12T17:05:44.656Z", "updated": "2022-10-17T17:30:56.566Z"}}, {"model": "main.parametersetlabelsperiod", "pk": 28, "fields": {"parameter_set_labels": 3, "label": 3, "period_number": 8, "timestamp": "2022-10-12T17:05:44.661Z", "updated": "2022-10-17T17:30:56.572Z"}}, {"model": "main.parametersetlabelsperiod", "pk": 29, "fields": {"parameter_set_labels": 3, "label": 2, "period_number": 9, "timestamp": "2022-10-12T17:05:44.666Z", "updated": "2022-10-17T17:30:56.578Z"}}, {"model": "main.parametersetlabelsperiod", "pk": 30, "fields": {"parameter_set_labels": 3, "label": 3, "period_number": 10, "timestamp": "2022-10-12T17:05:44.671Z", "updated": "2022-10-17T17:30:56.583Z"}}, {"model": "main.parametersetlabelsperiod", "pk": 31, "fields": {"parameter_set_labels": 4, "label": 5, "period_number": 1, "timestamp": "2022-10-13T18:27:05.058Z", "updated": "2022-11-08T18:19:42.341Z"}}, {"model": "main.parametersetlabelsperiod", "pk": 32, "fields": {"parameter_set_labels": 4, "label": 4, "period_number": 2, "timestamp": "2022-10-13T18:27:05.064Z", "updated": "2022-11-08T18:19:42.350Z"}}, {"model": "main.parametersetlabelsperiod", "pk": 41, "fields": {"parameter_set_labels": 5, "label": 4, "period_number": 1, "timestamp": "2022-10-13T18:27:05.125Z", "updated": "2022-11-08T18:19:42.469Z"}}, {"model": "main.parametersetlabelsperiod", "pk": 42, "fields": {"parameter_set_labels": 5, "label": 4, "period_number": 2, "timestamp": "2022-10-13T18:27:05.132Z", "updated": "2022-11-08T18:19:42.474Z"}}, {"model": "main.parametersetlabelsperiod", "pk": 51, "fields": {"parameter_set_labels": 6, "label": 5, "period_number": 1, "timestamp": "2022-10-13T18:27:05.192Z", "updated": "2022-11-08T18:19:42.575Z"}}, {"model": "main.parametersetlabelsperiod", "pk": 52, "fields": {"parameter_set_labels": 6, "label": 5, "period_number": 2, "timestamp": "2022-10-13T18:27:05.199Z", "updated": "2022-11-08T18:19:42.580Z"}}, {"model": "main.parametersetlabelsperiod", "pk": 61, "fields": {"parameter_set_labels": 2, "label": 3, "period_number": 11, "timestamp": "2022-10-17T15:38:45.623Z", "updated": "2022-10-17T17:30:56.341Z"}}, {"model": "main.parametersetlabelsperiod", "pk": 62, "fields": {"parameter_set_labels": 2, "label": 2, "period_number": 12, "timestamp": "2022-10-17T15:38:45.629Z", "updated": "2022-10-17T17:30:56.347Z"}}, {"model": "main.parametersetlabelsperiod", "pk": 63, "fields": {"parameter_set_labels": 2, "label": 2, "period_number": 13, "timestamp": "2022-10-17T15:38:45.633Z", "updated": "2022-10-17T17:30:56.353Z"}}, {"model": "main.parametersetlabelsperiod", "pk": 64, "fields": {"parameter_set_labels": 2, "label": 3, "period_number": 14, "timestamp": "2022-10-17T15:38:45.638Z", "updated": "2022-10-17T17:30:56.359Z"}}, {"model": "main.parametersetlabelsperiod", "pk": 65, "fields": {"parameter_set_labels": 2, "label": 3, "period_number": 15, "timestamp": "2022-10-17T15:38:45.645Z", "updated": "2022-10-17T17:30:56.366Z"}}, {"model": "main.parametersetlabelsperiod", "pk": 66, "fields": {"parameter_set_labels": 2, "label": 3, "period_number": 16, "timestamp": "2022-10-17T15:38:45.650Z", "updated": "2022-10-17T17:30:56.372Z"}}, {"model": "main.parametersetlabelsperiod", "pk": 67, "fields": {"parameter_set_labels": 2, "label": 2, "period_number": 17, "timestamp": "2022-10-17T15:38:45.657Z", "updated": "2022-10-17T17:30:56.378Z"}}, {"model": "main.parametersetlabelsperiod", "pk": 68, "fields": {"parameter_set_labels": 2, "label": 3, "period_number": 18, "timestamp": "2022-10-17T15:38:45.662Z", "updated": "2022-10-17T17:30:56.384Z"}}, {"model": "main.parametersetlabelsperiod", "pk": 69, "fields": {"parameter_set_labels": 2, "label": 3, "period_number": 19, "timestamp": "2022-10-17T15:38:45.667Z", "updated": "2022-10-17T17:30:56.391Z"}}, {"model": "main.parametersetlabelsperiod", "pk": 70, "fields": {"parameter_set_labels": 2, "label": 3, "period_number": 20, "timestamp": "2022-10-17T15:38:45.673Z", "updated": "2022-10-17T17:30:56.397Z"}}, {"model": "main.parametersetlabelsperiod", "pk": 71, "fields": {"parameter_set_labels": 1, "label": 3, "period_number": 11, "timestamp": "2022-10-17T15:38:45.692Z", "updated": "2022-10-17T17:30:56.468Z"}}, {"model": "main.parametersetlabelsperiod", "pk": 72, "fields": {"parameter_set_labels": 1, "label": 2, "period_number": 12, "timestamp": "2022-10-17T15:38:45.697Z", "updated": "2022-10-17T17:30:56.473Z"}}, {"model": "main.parametersetlabelsperiod", "pk": 73, "fields": {"parameter_set_labels": 1, "label": 3, "period_number": 13, "timestamp": "2022-10-17T15:38:45.701Z", "updated": "2022-10-17T17:30:56.479Z"}}, {"model": "main.parametersetlabelsperiod", "pk": 74, "fields": {"parameter_set_labels": 1, "label": 2, "period_number": 14, "timestamp": "2022-10-17T15:38:45.708Z", "updated": "2022-10-17T17:30:56.484Z"}}, {"model": "main.parametersetlabelsperiod", "pk": 75, "fields": {"parameter_set_labels": 1, "label": 2, "period_number": 15, "timestamp": "2022-10-17T15:38:45.713Z", "updated": "2022-10-17T17:30:56.490Z"}}, {"model": "main.parametersetlabelsperiod", "pk": 76, "fields": {"parameter_set_labels": 1, "label": 3, "period_number": 16, "timestamp": "2022-10-17T15:38:45.718Z", "updated": "2022-10-17T17:30:56.495Z"}}, {"model": "main.parametersetlabelsperiod", "pk": 77, "fields": {"parameter_set_labels": 1, "label": 3, "period_number": 17, "timestamp": "2022-10-17T15:38:45.724Z", "updated": "2022-10-17T17:30:56.501Z"}}, {"model": "main.parametersetlabelsperiod", "pk": 78, "fields": {"parameter_set_labels": 1, "label": 3, "period_number": 18, "timestamp": "2022-10-17T15:38:45.729Z", "updated": "2022-10-17T17:30:56.508Z"}}, {"model": "main.parametersetlabelsperiod", "pk": 79, "fields": {"parameter_set_labels": 1, "label": 2, "period_number": 19, "timestamp": "2022-10-17T15:38:45.734Z", "updated": "2022-10-17T17:30:56.513Z"}}, {"model": "main.parametersetlabelsperiod", "pk": 80, "fields": {"parameter_set_labels": 1, "label": 2, "period_number": 20, "timestamp": "2022-10-17T15:38:45.740Z", "updated": "2022-10-17T17:30:56.519Z"}}, {"model": "main.parametersetlabelsperiod", "pk": 81, "fields": {"parameter_set_labels": 3, "label": 2, "period_number": 11, "timestamp": "2022-10-17T15:38:45.760Z", "updated": "2022-10-17T17:30:56.593Z"}}, {"model": "main.parametersetlabelsperiod", "pk": 82, "fields": {"parameter_set_labels": 3, "label": 2, "period_number": 12, "timestamp": "2022-10-17T15:38:45.765Z", "updated": "2022-10-17T17:30:56.600Z"}}, {"model": "main.parametersetlabelsperiod", "pk": 83, "fields": {"parameter_set_labels": 3, "label": 3, "period_number": 13, "timestamp": "2022-10-17T15:38:45.770Z", "updated": "2022-10-17T17:30:56.606Z"}}, {"model": "main.parametersetlabelsperiod", "pk": 84, "fields": {"parameter_set_labels": 3, "label": 2, "period_number": 14, "timestamp": "2022-10-17T15:38:45.780Z", "updated": "2022-10-17T17:30:56.611Z"}}, {"model": "main.parametersetlabelsperiod", "pk": 85, "fields": {"parameter_set_labels": 3, "label": 2, "period_number": 15, "timestamp": "2022-10-17T15:38:45.785Z", "updated": "2022-10-17T17:30:56.617Z"}}, {"model": "main.parametersetlabelsperiod", "pk": 86, "fields": {"parameter_set_labels": 3, "label": 3, "period_number": 16, "timestamp": "2022-10-17T15:38:45.791Z", "updated": "2022-10-17T17:30:56.623Z"}}, {"model": "main.parametersetlabelsperiod", "pk": 87, "fields": {"parameter_set_labels": 3, "label": 3, "period_number": 17, "timestamp": "2022-10-17T15:38:45.796Z", "updated": "2022-10-17T17:30:56.629Z"}}, {"model": "main.parametersetlabelsperiod", "pk": 88, "fields": {"parameter_set_labels": 3, "label": 3, "period_number": 18, "timestamp": "2022-10-17T15:38:45.801Z", "updated": "2022-10-17T17:30:56.635Z"}}, {"model": "main.parametersetlabelsperiod", "pk": 89, "fields": {"parameter_set_labels": 3, "label": 3, "period_number": 19, "timestamp": "2022-10-17T15:38:45.807Z", "updated": "2022-10-17T17:30:56.641Z"}}, {"model": "main.parametersetlabelsperiod", "pk": 90, "fields": {"parameter_set_labels": 3, "label": 3, "period_number": 20, "timestamp": "2022-10-17T15:38:45.812Z", "updated": "2022-10-17T17:30:56.647Z"}}, {"model": "main.parametersetlabelsperiod", "pk": 181, "fields": {"parameter_set_labels": 4, "label": 4, "period_number": 3, "timestamp": "2022-11-08T18:19:34.016Z", "updated": "2022-11-08T18:19:42.357Z"}}, {"model": "main.parametersetlabelsperiod", "pk": 199, "fields": {"parameter_set_labels": 5, "label": 5, "period_number": 3, "timestamp": "2022-11-08T18:19:34.141Z", "updated": "2022-11-08T18:19:42.479Z"}}, {"model": "main.parametersetlabelsperiod", "pk": 217, "fields": {"parameter_set_labels": 6, "label": 5, "period_number": 3, "timestamp": "2022-11-08T18:19:34.247Z", "updated": "2022-11-08T18:19:42.585Z"}}, {"model": "main.parametersetplayer", "pk": 1, "fields": {"parameter_set": 2, "id_label": "I", "timestamp": "2022-10-10T15:50:48.885Z", "updated": "2022-10-17T17:30:57.481Z"}}, {"model": "main.parametersetplayer", "pk": 2, "fields": {"parameter_set": 2, "id_label": "J", "timestamp": "2022-10-10T15:50:49.957Z", "updated": "2022-10-17T17:30:57.509Z"}}, {"model": "main.parametersetplayer", "pk": 3, "fields": {"parameter_set": 2, "id_label": "K", "timestamp": "2022-10-10T15:50:50.828Z", "updated": "2022-10-17T17:30:57.535Z"}}, {"model": "main.parametersetplayer", "pk": 4, "fields": {"parameter_set": 2, "id_label": "L", "timestamp": "2022-10-10T15:50:51.600Z", "updated": "2022-10-17T17:30:57.562Z"}}, {"model": "main.parametersetplayer", "pk": 5, "fields": {"parameter_set": 2, "id_label": "G", "timestamp": "2022-10-10T15:50:52.346Z", "updated": "2022-10-17T17:30:57.426Z"}}, {"model": "main.parametersetplayer", "pk": 6, "fields": {"parameter_set": 2, "id_label": "H", "timestamp": "2022-10-10T15:50:53.196Z", "updated": "2022-10-17T17:30:57.454Z"}}, {"model": "main.parametersetplayer", "pk": 11, "fields": {"parameter_set": 2, "id_label": "F", "timestamp": "2022-10-13T17:27:43.102Z", "updated": "2022-10-17T17:30:57.396Z"}}, {"model": "main.parametersetplayer", "pk": 19, "fields": {"parameter_set": 2, "id_label": "A", "timestamp": "2022-10-17T15:38:45.572Z", "updated": "2022-10-17T17:30:57.243Z"}}, {"model": "main.parametersetplayer", "pk": 20, "fields": {"parameter_set": 2, "id_label": "E", "timestamp": "2022-10-17T15:38:45.579Z", "updated": "2022-10-17T17:30:57.364Z"}}, {"model": "main.parametersetplayer", "pk": 21, "fields": {"parameter_set": 2, "id_label": "D", "timestamp": "2022-10-17T15:38:45.583Z", "updated": "2022-10-17T17:30:57.335Z"}}, {"model": "main.parametersetplayer", "pk": 22, "fields": {"parameter_set": 2, "id_label": "C", "timestamp": "2022-10-17T15:38:45.587Z", "updated": "2022-10-17T17:30:57.303Z"}}, {"model": "main.parametersetplayer", "pk": 23, "fields": {"parameter_set": 2, "id_label": "B", "timestamp": "2022-10-17T15:38:45.592Z", "updated": "2022-10-17T17:30:57.274Z"}}, {"model": "main.parametersetplayer", "pk": 24, "fields": {"parameter_set": 3, "id_label": "A", "timestamp": "2022-10-17T15:49:15.472Z", "updated": "2022-10-24T15:37:43.268Z"}}, {"model": "main.parametersetplayer", "pk": 25, "fields": {"parameter_set": 3, "id_label": "B", "timestamp": "2022-10-17T15:49:15.476Z", "updated": "2022-10-24T15:37:43.294Z"}}, {"model": "main.parametersetplayer", "pk": 26, "fields": {"parameter_set": 3, "id_label": "C", "timestamp": "2022-10-17T15:49:15.481Z", "updated": "2022-10-24T15:37:43.321Z"}}, {"model": "main.parametersetplayerpart", "pk": 1, "fields": {"parameter_set_player": 1, "parameter_set_part": 3, "parameter_set_labels": 3, "group": 1, "timestamp": "2022-10-13T15:26:28.943Z", "updated": "2022-11-02T15:19:37.952Z"}}, {"model": "main.parametersetplayerpart", "pk": 2, "fields": {"parameter_set_player": 1, "parameter_set_part": 2, "parameter_set_labels": 3, "group": 3, "timestamp": "2022-10-13T15:26:28.950Z", "updated": "2022-11-02T15:19:37.948Z"}}, {"model": "main.parametersetplayerpart", "pk": 3, "fields": {"parameter_set_player": 1, "parameter_set_part": 1, "parameter_set_labels": 2, "group": 1, "timestamp": "2022-10-13T15:26:28.953Z", "updated": "2022-11-02T15:19:37.944Z"}}, {"model": "main.parametersetplayerpart", "pk": 4, "fields": {"parameter_set_player": 2, "parameter_set_part": 3, "parameter_set_labels": 3, "group": 2, "timestamp": "2022-10-13T15:26:28.972Z", "updated": "2022-11-02T15:19:37.967Z"}}, {"model": "main.parametersetplayerpart", "pk": 5, "fields": {"parameter_set_player": 2, "parameter_set_part": 2, "parameter_set_labels": 2, "group": 4, "timestamp": "2022-10-13T15:26:28.976Z", "updated": "2022-11-02T15:19:37.963Z"}}, {"model": "main.parametersetplayerpart", "pk": 6, "fields": {"parameter_set_player": 2, "parameter_set_part": 1, "parameter_set_labels": 2, "group": 1, "timestamp": "2022-10-13T15:26:28.980Z", "updated": "2022-11-02T15:19:37.959Z"}}, {"model": "main.parametersetplayerpart", "pk": 7, "fields": {"parameter_set_player": 3, "parameter_set_part": 3, "parameter_set_labels": 3, "group": 3, "timestamp": "2022-10-13T15:26:29.000Z", "updated": "2022-11-02T15:19:37.983Z"}}, {"model": "main.parametersetplayerpart", "pk": 8, "fields": {"parameter_set_player": 3, "parameter_set_part": 2, "parameter_set_labels": 1, "group": 4, "timestamp": "2022-10-13T15:26:29.004Z", "updated": "2022-11-02T15:19:37.979Z"}}, {"model": "main.parametersetplayerpart", "pk": 9, "fields": {"parameter_set_player": 3, "parameter_set_part": 1, "parameter_set_labels": 2, "group": 1, "timestamp": "2022-10-13T15:26:29.009Z", "updated": "2022-11-02T15:19:37.975Z"}}, {"model": "main.parametersetplayerpart", "pk": 10, "fields": {"parameter_set_player": 4, "parameter_set_part": 3, "parameter_set_labels": 3, "group": 4, "timestamp": "2022-10-13T15:26:29.031Z", "updated": "2022-11-02T15:19:38.008Z"}}, {"model": "main.parametersetplayerpart", "pk": 11, "fields": {"parameter_set_player": 4, "parameter_set_part": 2, "parameter_set_labels": 3, "group": 4, "timestamp": "2022-10-13T15:26:29.035Z", "updated": "2022-11-02T15:19:37.998Z"}}, {"model": "main.parametersetplayerpart", "pk": 12, "fields": {"parameter_set_player": 4, "parameter_set_part": 1, "parameter_set_labels": 2, "group": 1, "timestamp": "2022-10-13T15:26:29.040Z", "updated": "2022-11-02T15:19:37.994Z"}}, {"model": "main.parametersetplayerpart", "pk": 13, "fields": {"parameter_set_player": 5, "parameter_set_part": 3, "parameter_set_labels": 1, "group": 3, "timestamp": "2022-10-13T15:26:29.062Z", "updated": "2022-11-02T15:19:37.919Z"}}, {"model": "main.parametersetplayerpart", "pk": 14, "fields": {"parameter_set_player": 5, "parameter_set_part": 2, "parameter_set_labels": 2, "group": 3, "timestamp": "2022-10-13T15:26:29.066Z", "updated": "2022-11-02T15:19:37.915Z"}}, {"model": "main.parametersetplayerpart", "pk": 15, "fields": {"parameter_set_player": 5, "parameter_set_part": 1, "parameter_set_labels": 2, "group": 1, "timestamp": "2022-10-13T15:26:29.071Z", "updated": "2022-11-02T15:19:37.912Z"}}, {"model": "main.parametersetplayerpart", "pk": 16, "fields": {"parameter_set_player": 6, "parameter_set_part": 3, "parameter_set_labels": 1, "group": 4, "timestamp": "2022-10-13T15:26:29.093Z", "updated": "2022-11-02T15:19:37.937Z"}}, {"model": "main.parametersetplayerpart", "pk": 17, "fields": {"parameter_set_player": 6, "parameter_set_part": 2, "parameter_set_labels": 1, "group": 3, "timestamp": "2022-10-13T15:26:29.097Z", "updated": "2022-11-02T15:19:37.933Z"}}, {"model": "main.parametersetplayerpart", "pk": 18, "fields": {"parameter_set_player": 6, "parameter_set_part": 1, "parameter_set_labels": 2, "group": 1, "timestamp": "2022-10-13T15:26:29.101Z", "updated": "2022-11-02T15:19:37.927Z"}}, {"model": "main.parametersetplayerpart", "pk": 19, "fields": {"parameter_set_player": 11, "parameter_set_part": 3, "parameter_set_labels": 1, "group": 2, "timestamp": "2022-10-13T17:27:43.123Z", "updated": "2022-11-02T15:19:37.900Z"}}, {"model": "main.parametersetplayerpart", "pk": 20, "fields": {"parameter_set_player": 11, "parameter_set_part": 2, "parameter_set_labels": 3, "group": 2, "timestamp": "2022-10-13T17:27:43.128Z", "updated": "2022-11-02T15:19:37.897Z"}}, {"model": "main.parametersetplayerpart", "pk": 21, "fields": {"parameter_set_player": 11, "parameter_set_part": 1, "parameter_set_labels": 2, "group": 1, "timestamp": "2022-10-13T17:27:43.132Z", "updated": "2022-11-02T15:19:37.894Z"}}, {"model": "main.parametersetplayerpart", "pk": 50, "fields": {"parameter_set_player": 19, "parameter_set_part": 1, "parameter_set_labels": 1, "group": 1, "timestamp": "2022-10-17T15:38:45.819Z", "updated": "2022-11-02T15:19:37.773Z"}}, {"model": "main.parametersetplayerpart", "pk": 51, "fields": {"parameter_set_player": 19, "parameter_set_part": 2, "parameter_set_labels": 2, "group": 1, "timestamp": "2022-10-17T15:38:45.823Z", "updated": "2022-11-02T15:19:37.805Z"}}, {"model": "main.parametersetplayerpart", "pk": 52, "fields": {"parameter_set_player": 19, "parameter_set_part": 3, "parameter_set_labels": 2, "group": 1, "timestamp": "2022-10-17T15:38:45.827Z", "updated": "2022-11-02T15:19:37.828Z"}}, {"model": "main.parametersetplayerpart", "pk": 53, "fields": {"parameter_set_player": 23, "parameter_set_part": 1, "parameter_set_labels": 2, "group": 1, "timestamp": "2022-10-17T15:38:45.848Z", "updated": "2022-11-02T15:19:37.834Z"}}, {"model": "main.parametersetplayerpart", "pk": 54, "fields": {"parameter_set_player": 23, "parameter_set_part": 2, "parameter_set_labels": 1, "group": 1, "timestamp": "2022-10-17T15:38:45.852Z", "updated": "2022-11-02T15:19:37.847Z"}}, {"model": "main.parametersetplayerpart", "pk": 55, "fields": {"parameter_set_player": 23, "parameter_set_part": 3, "parameter_set_labels": 2, "group": 2, "timestamp": "2022-10-17T15:38:45.856Z", "updated": "2022-11-02T15:19:37.851Z"}}, {"model": "main.parametersetplayerpart", "pk": 56, "fields": {"parameter_set_player": 22, "parameter_set_part": 1, "parameter_set_labels": 2, "group": 1, "timestamp": "2022-10-17T15:38:45.879Z", "updated": "2022-11-02T15:19:37.858Z"}}, {"model": "main.parametersetplayerpart", "pk": 57, "fields": {"parameter_set_player": 22, "parameter_set_part": 2, "parameter_set_labels": 3, "group": 1, "timestamp": "2022-10-17T15:38:45.883Z", "updated": "2022-11-02T15:19:37.861Z"}}, {"model": "main.parametersetplayerpart", "pk": 58, "fields": {"parameter_set_player": 22, "parameter_set_part": 3, "parameter_set_labels": 2, "group": 3, "timestamp": "2022-10-17T15:38:45.888Z", "updated": "2022-11-02T15:19:37.863Z"}}, {"model": "main.parametersetplayerpart", "pk": 59, "fields": {"parameter_set_player": 21, "parameter_set_part": 1, "parameter_set_labels": 2, "group": 1, "timestamp": "2022-10-17T15:38:45.911Z", "updated": "2022-11-02T15:19:37.869Z"}}, {"model": "main.parametersetplayerpart", "pk": 60, "fields": {"parameter_set_player": 21, "parameter_set_part": 2, "parameter_set_labels": 2, "group": 2, "timestamp": "2022-10-17T15:38:45.915Z", "updated": "2022-11-02T15:19:37.872Z"}}, {"model": "main.parametersetplayerpart", "pk": 61, "fields": {"parameter_set_player": 21, "parameter_set_part": 3, "parameter_set_labels": 2, "group": 4, "timestamp": "2022-10-17T15:38:45.920Z", "updated": "2022-11-02T15:19:37.876Z"}}, {"model": "main.parametersetplayerpart", "pk": 62, "fields": {"parameter_set_player": 20, "parameter_set_part": 1, "parameter_set_labels": 2, "group": 1, "timestamp": "2022-10-17T15:38:45.946Z", "updated": "2022-11-02T15:19:37.882Z"}}, {"model": "main.parametersetplayerpart", "pk": 63, "fields": {"parameter_set_player": 20, "parameter_set_part": 2, "parameter_set_labels": 1, "group": 2, "timestamp": "2022-10-17T15:38:45.950Z", "updated": "2022-11-02T15:19:37.885Z"}}, {"model": "main.parametersetplayerpart", "pk": 64, "fields": {"parameter_set_player": 20, "parameter_set_part": 3, "parameter_set_labels": 1, "group": 1, "timestamp": "2022-10-17T15:38:45.954Z", "updated": "2022-11-02T15:19:37.888Z"}}, {"model": "main.parametersetplayerpart", "pk": 65, "fields": {"parameter_set_player": 24, "parameter_set_part": 6, "parameter_set_labels": 4, "group": 1, "timestamp": "2022-10-17T15:49:15.721Z", "updated": "2022-11-08T21:15:52.416Z"}}, {"model": "main.parametersetplayerpart", "pk": 66, "fields": {"parameter_set_player": 24, "parameter_set_part": 7, "parameter_set_labels": 5, "group": 1, "timestamp": "2022-10-17T15:49:15.725Z", "updated": "2022-11-08T21:15:52.423Z"}}, {"model": "main.parametersetplayerpart", "pk": 68, "fields": {"parameter_set_player": 25, "parameter_set_part": 6, "parameter_set_labels": 5, "group": 1, "timestamp": "2022-10-17T15:49:15.749Z", "updated": "2022-11-08T21:15:52.439Z"}}, {"model": "main.parametersetplayerpart", "pk": 69, "fields": {"parameter_set_player": 25, "parameter_set_part": 7, "parameter_set_labels": 4, "group": 1, "timestamp": "2022-10-17T15:49:15.753Z", "updated": "2022-11-08T21:15:52.444Z"}}, {"model": "main.parametersetplayerpart", "pk": 70, "fields": {"parameter_set_player": 25, "parameter_set_part": 8, "parameter_set_labels": 5, "group": 2, "timestamp": "2022-10-17T15:49:15.756Z", "updated": "2022-11-08T21:15:52.450Z"}}, {"model": "main.parametersetplayerpart", "pk": 71, "fields": {"parameter_set_player": 26, "parameter_set_part": 6, "parameter_set_labels": 5, "group": 1, "timestamp": "2022-10-17T15:49:15.776Z", "updated": "2022-11-08T21:15:52.461Z"}}, {"model": "main.parametersetplayerpart", "pk": 72, "fields": {"parameter_set_player": 26, "parameter_set_part": 7, "parameter_set_labels": 6, "group": 1, "timestamp": "2022-10-17T15:49:15.780Z", "updated": "2022-11-08T21:15:52.464Z"}}, {"model": "main.parametersetplayerpart", "pk": 73, "fields": {"parameter_set_player": 26, "parameter_set_part": 8, "parameter_set_labels": 5, "group": 3, "timestamp": "2022-10-17T15:49:15.784Z", "updated": "2022-11-08T21:15:52.468Z"}}, {"model": "main.parametersetplayerpart", "pk": 80, "fields": {"parameter_set_player": 24, "parameter_set_part": 8, "parameter_set_labels": 4, "group": 0, "timestamp": "2022-10-31T16:05:50.731Z", "updated": "2022-11-08T21:15:52.429Z"}}, {"model": "main.session", "pk": 1, "fields": {"parameter_set": 2, "creator": 1, "current_session_part": null, "title": "Test Large", "start_date": "2022-11-07", "current_experiment_phase": "Run", "channel_key": "aa34c25b-825a-4c00-a175-f6422652ee68", "session_key": "0c31039e-4a92-4dcd-9a3c-1e589671e6cc", "started": false, "time_remaining": 60, "timer_running": false, "finished": false, "shared": false, "locked": false, "invitation_text": "", "invitation_subject": "", "soft_delete": false, "parameter_set_json": {}, "parameter_set_json_for_subject": {}, "timestamp": "2022-10-09T22:05:53.627Z", "updated": "2022-11-09T00:05:52.000Z", "collaborators": [1]}}, {"model": "main.session", "pk": 2, "fields": {"parameter_set": 3, "creator": 1, "current_session_part": null, "title": "Test Small", "start_date": "2022-11-08", "current_experiment_phase": "Run", "channel_key": "c4d1f39e-df2e-48fe-901c-c3b06cd136c8", "session_key": "08a61a78-9b34-4b03-846a-f0d61782d71d", "started": false, "time_remaining": 10, "timer_running": false, "finished": false, "shared": false, "locked": false, "invitation_text": "<p>Welcome,</p>\n<p>Login in here:</p>\n<p>[log in link]</p>\n<p>Thanks for your participation!</p>", "invitation_subject": "Experiment Log In Link", "soft_delete": false, "parameter_set_json": {}, "parameter_set_json_for_subject": {}, "timestamp": "2022-10-13T18:26:03.956Z", "updated": "2022-11-09T00:04:37.235Z", "collaborators": [1]}}, {"model": "main.sessionplayer", "pk": 114, "fields": {"session": 1, "parameter_set_player": 19, "player_number": 1, "player_key": "45029bb7-1e96-4341-bd78-3979362f8d79", "connecting": false, "connected_count": 11, "name": "", "student_id": "", "email": null, "earnings": 0, "name_submitted": false, "session_player_parts_json": {}, "parameter_set_player_json": {}, "timestamp": "2022-10-17T15:40:06.109Z", "updated": "2022-11-09T00:05:14.495Z"}}, {"model": "main.sessionplayer", "pk": 115, "fields": {"session": 1, "parameter_set_player": 23, "player_number": 2, "player_key": "2e9bc883-ef20-435f-903d-506f66ed7fb1", "connecting": false, "connected_count": 5, "name": "", "student_id": "", "email": null, "earnings": 0, "name_submitted": false, "session_player_parts_json": {}, "parameter_set_player_json": {}, "timestamp": "2022-10-17T15:40:06.114Z", "updated": "2022-11-09T00:05:14.511Z"}}, {"model": "main.sessionplayer", "pk": 116, "fields": {"session": 1, "parameter_set_player": 22, "player_number": 3, "player_key": "7ebb5974-f355-46c8-8da8-ab6e5071214f", "connecting": false, "connected_count": 5, "name": "", "student_id": "", "email": null, "earnings": 0, "name_submitted": false, "session_player_parts_json": {}, "parameter_set_player_json": {}, "timestamp": "2022-10-17T15:40:06.118Z", "updated": "2022-11-09T00:05:14.524Z"}}, {"model": "main.sessionplayer", "pk": 117, "fields": {"session": 1, "parameter_set_player": 21, "player_number": 4, "player_key": "b999575d-c50c-433e-8bac-548d5ff0f839", "connecting": false, "connected_count": 5, "name": "", "student_id": "", "email": null, "earnings": 0, "name_submitted": false, "session_player_parts_json": {}, "parameter_set_player_json": {}, "timestamp": "2022-10-17T15:40:06.122Z", "updated": "2022-11-09T00:05:14.536Z"}}, {"model": "main.sessionplayer", "pk": 118, "fields": {"session": 1, "parameter_set_player": 20, "player_number": 5, "player_key": "20829ea7-eb9d-4842-84a2-77e9fade1a2a", "connecting": false, "connected_count": 5, "name": "", "student_id": "", "email": null, "earnings": 0, "name_submitted": false, "session_player_parts_json": {}, "parameter_set_player_json": {}, "timestamp": "2022-10-17T15:40:06.127Z", "updated": "2022-11-09T00:05:14.550Z"}}, {"model": "main.sessionplayer", "pk": 119, "fields": {"session": 1, "parameter_set_player": 11, "player_number": 6, "player_key": "ba5f2592-9fe7-4e1e-bb65-eb63c0dea886", "connecting": false, "connected_count": 5, "name": "", "student_id": "", "email": null, "earnings": 0, "name_submitted": false, "session_player_parts_json": {}, "parameter_set_player_json": {}, "timestamp": "2022-10-17T15:40:06.132Z", "updated": "2022-11-09T00:05:14.563Z"}}, {"model": "main.sessionplayer", "pk": 120, "fields": {"session": 1, "parameter_set_player": 5, "player_number": 7, "player_key": "c1335d19-07f2-451f-9fd1-35faf783fff1", "connecting": false, "connected_count": 5, "name": "", "student_id": "", "email": null, "earnings": 0, "name_submitted": false, "session_player_parts_json": {}, "parameter_set_player_json": {}, "timestamp": "2022-10-17T15:40:06.136Z", "updated": "2022-11-09T00:05:14.576Z"}}, {"model": "main.sessionplayer", "pk": 121, "fields": {"session": 1, "parameter_set_player": 6, "player_number": 8, "player_key": "f884495c-5164-4caf-9671-3c81074af01d", "connecting": false, "connected_count": 5, "name": "", "student_id": "", "email": null, "earnings": 0, "name_submitted": false, "session_player_parts_json": {}, "parameter_set_player_json": {}, "timestamp": "2022-10-17T15:40:06.141Z", "updated": "2022-11-09T00:05:14.588Z"}}, {"model": "main.sessionplayer", "pk": 122, "fields": {"session": 1, "parameter_set_player": 1, "player_number": 9, "player_key": "72e6e31b-7271-43d7-90cd-1ee21bf1a3f6", "connecting": false, "connected_count": 5, "name": "", "student_id": "", "email": null, "earnings": 0, "name_submitted": false, "session_player_parts_json": {}, "parameter_set_player_json": {}, "timestamp": "2022-10-17T15:40:06.145Z", "updated": "2022-11-09T00:05:14.601Z"}}, {"model": "main.sessionplayer", "pk": 123, "fields": {"session": 1, "parameter_set_player": 2, "player_number": 10, "player_key": "e52208af-5b05-4e8c-8a31-8e33af0e9566", "connecting": false, "connected_count": 5, "name": "", "student_id": "", "email": null, "earnings": 0, "name_submitted": false, "session_player_parts_json": {}, "parameter_set_player_json": {}, "timestamp": "2022-10-17T15:40:06.149Z", "updated": "2022-11-09T00:05:14.614Z"}}, {"model": "main.sessionplayer", "pk": 124, "fields": {"session": 1, "parameter_set_player": 3, "player_number": 11, "player_key": "68c8dfcd-a7c0-4220-96b0-b4505096e8e9", "connecting": false, "connected_count": 5, "name": "", "student_id": "", "email": null, "earnings": 0, "name_submitted": false, "session_player_parts_json": {}, "parameter_set_player_json": {}, "timestamp": "2022-10-17T15:40:06.153Z", "updated": "2022-11-09T00:05:14.626Z"}}, {"model": "main.sessionplayer", "pk": 125, "fields": {"session": 1, "parameter_set_player": 4, "player_number": 12, "player_key": "3ef584fe-1b2d-4572-a72a-bdf60c971606", "connecting": false, "connected_count": 5, "name": "", "student_id": "", "email": null, "earnings": 0, "name_submitted": false, "session_player_parts_json": {}, "parameter_set_player_json": {}, "timestamp": "2022-10-17T15:40:06.158Z", "updated": "2022-11-09T00:05:14.664Z"}}, {"model": "main.sessionplayer", "pk": 162, "fields": {"session": 2, "parameter_set_player": 24, "player_number": 1, "player_key": "d83531bc-ea1e-4386-a52e-6df329f241c7", "connecting": false, "connected_count": 8, "name": "", "student_id": "", "email": null, "earnings": 0, "name_submitted": false, "session_player_parts_json": {}, "parameter_set_player_json": {}, "timestamp": "2022-10-24T15:37:43.339Z", "updated": "2022-11-09T00:04:37.256Z"}}, {"model": "main.sessionplayer", "pk": 163, "fields": {"session": 2, "parameter_set_player": 25, "player_number": 2, "player_key": "791c0c8e-7478-48d9-a6f9-12562e9e81b8", "connecting": false, "connected_count": 6, "name": "", "student_id": "", "email": null, "earnings": 0, "name_submitted": false, "session_player_parts_json": {}, "parameter_set_player_json": {}, "timestamp": "2022-10-24T15:37:43.343Z", "updated": "2022-11-09T00:04:37.270Z"}}, {"model": "main.sessionplayer", "pk": 164, "fields": {"session": 2, "parameter_set_player": 26, "player_number": 3, "player_key": "36a66adf-c898-48ee-911b-a84341f0b384", "connecting": false, "connected_count": 7, "name": "", "student_id": "", "email": null, "earnings": 0, "name_submitted": false, "session_player_parts_json": {}, "parameter_set_player_json": {}, "timestamp": "2022-10-24T15:37:43.348Z", "updated": "2022-11-09T00:04:37.282Z"}}]