[{"model": "main.parameters", "pk": 1, "fields": {"contact_email": "JohnSmith@abc.edu", "experiment_time_zone": "US/Pacific", "site_url": "http://localhost:8000", "invitation_text": "", "invitation_subject": "", "timestamp": "2022-10-09T22:03:56.516Z", "updated": "2022-10-09T22:03:56.516Z"}}, {"model": "main.instructionset", "pk": 1, "fields": {"label": "One - Part 1", "timestamp": "2022-05-13T22:39:37.320Z", "updated": "2022-10-31T15:44:34.579Z"}}, {"model": "main.instructionset", "pk": 2, "fields": {"label": "One - Part 2", "timestamp": "2022-10-31T15:44:39.634Z", "updated": "2022-10-31T15:45:00.335Z"}}, {"model": "main.instructionset", "pk": 3, "fields": {"label": "One - Part 3", "timestamp": "2022-10-31T15:45:05.353Z", "updated": "2022-10-31T15:45:26.595Z"}}, {"model": "main.instruction", "pk": 1, "fields": {"instruction_set": 1, "text_html": "Part 1 Page 1 Instructions", "page_number": 1, "timestamp": "2022-10-31T15:44:34.580Z", "updated": "2022-10-31T15:44:34.580Z"}}, {"model": "main.instruction", "pk": 2, "fields": {"instruction_set": 1, "text_html": "Part 1 Page 2 Instructions", "page_number": 2, "timestamp": "2022-10-31T15:44:34.582Z", "updated": "2022-10-31T15:44:34.582Z"}}, {"model": "main.instruction", "pk": 3, "fields": {"instruction_set": 2, "text_html": "<p>Part 2 Page 1 Instructions</p>", "page_number": 1, "timestamp": "2022-10-31T15:44:39.643Z", "updated": "2022-10-31T15:45:00.336Z"}}, {"model": "main.instruction", "pk": 4, "fields": {"instruction_set": 2, "text_html": "<p>Part 2 Page 2 Instructions</p>", "page_number": 2, "timestamp": "2022-10-31T15:44:39.643Z", "updated": "2022-10-31T15:45:00.338Z"}}, {"model": "main.instruction", "pk": 5, "fields": {"instruction_set": 3, "text_html": "<p>Part 3 Page 1 Instructions</p>", "page_number": 1, "timestamp": "2022-10-31T15:45:05.360Z", "updated": "2022-10-31T15:45:26.596Z"}}, {"model": "main.instruction", "pk": 6, "fields": {"instruction_set": 3, "text_html": "<p>Part 3 Page 2 Instructions</p>", "page_number": 2, "timestamp": "2022-10-31T15:45:05.360Z", "updated": "2022-10-31T15:45:26.597Z"}}, {"model": "main.parameterset", "pk": 2, "fields": {"part_count": 3, "period_count": 20, "period_length": 60, "label_set_count": 3, "private_chat": true, "show_instructions": false, "test_mode": false, "timestamp": "2022-10-09T22:05:53.617Z", "updated": "2022-10-17T17:30:55.428Z"}}, {"model": "main.parameterset", "pk": 3, "fields": {"part_count": 3, "period_count": 2, "period_length": 60, "label_set_count": 3, "private_chat": true, "show_instructions": true, "test_mode": false, "timestamp": "2022-10-13T18:26:03.935Z", "updated": "2022-10-31T16:16:43.212Z"}}, {"model": "main.parametersetrandomoutcome", "pk": 2, "fields": {"parameter_set": 2, "name": "Heads", "abbreviation": "H", "image": "heads.png", "timestamp": "2022-10-11T17:57:53.766Z", "updated": "2022-10-20T15:40:16.095Z"}}, {"model": "main.parametersetrandomoutcome", "pk": 3, "fields": {"parameter_set": 2, "name": "Tails", "abbreviation": "T", "image": "tails.png", "timestamp": "2022-10-11T18:13:45.884Z", "updated": "2022-10-20T15:40:32.722Z"}}, {"model": "main.parametersetrandomoutcome", "pk": 4, "fields": {"parameter_set": 3, "name": "Heads", "abbreviation": "H", "image": "heads.png", "timestamp": "2022-10-13T18:27:05.011Z", "updated": "2022-10-24T15:37:43.229Z"}}, {"model": "main.parametersetrandomoutcome", "pk": 5, "fields": {"parameter_set": 3, "name": "Tails", "abbreviation": "T", "image": "tails.png", "timestamp": "2022-10-13T18:27:05.017Z", "updated": "2022-10-24T15:37:43.238Z"}}, {"model": "main.parametersetpart", "pk": 1, "fields": {"parameter_set": 2, "instruction_set": 1, "mode": "A", "part_number": 1, "minimum_for_majority": 7, "pay_choice_majority": "10.00", "pay_choice_minority": "1.00", "pay_label_majority": "0.00", "pay_label_minority": "0.00", "timestamp": "2022-10-10T18:46:18.571Z", "updated": "2022-10-17T17:30:56.773Z"}}, {"model": "main.parametersetpart", "pk": 2, "fields": {"parameter_set": 2, "instruction_set": 1, "mode": "B", "part_number": 2, "minimum_for_majority": 2, "pay_choice_majority": "0.00", "pay_choice_minority": "0.00", "pay_label_majority": "10.00", "pay_label_minority": "1.00", "timestamp": "2022-10-10T18:46:18.578Z", "updated": "2022-10-17T17:30:56.898Z"}}, {"model": "main.parametersetpart", "pk": 3, "fields": {"parameter_set": 2, "instruction_set": 1, "mode": "C", "part_number": 3, "minimum_for_majority": 2, "pay_choice_majority": "1.00", "pay_choice_minority": "0.00", "pay_label_majority": "9.00", "pay_label_minority": "1.00", "timestamp": "2022-10-10T18:46:18.584Z", "updated": "2022-10-17T17:30:57.188Z"}}, {"model": "main.parametersetpart", "pk": 6, "fields": {"parameter_set": 3, "instruction_set": 1, "mode": "A", "part_number": 1, "minimum_for_majority": 7, "pay_choice_majority": "10.00", "pay_choice_minority": "1.00", "pay_label_majority": "0.00", "pay_label_minority": "0.00", "timestamp": "2022-10-13T18:27:05.024Z", "updated": "2022-10-31T15:28:01.515Z"}}, {"model": "main.parametersetpart", "pk": 7, "fields": {"parameter_set": 3, "instruction_set": 2, "mode": "B", "part_number": 2, "minimum_for_majority": 2, "pay_choice_majority": "0.00", "pay_choice_minority": "0.00", "pay_label_majority": "10.00", "pay_label_minority": "1.00", "timestamp": "2022-10-13T18:27:05.029Z", "updated": "2022-10-31T15:45:48.835Z"}}, {"model": "main.parametersetpart", "pk": 8, "fields": {"parameter_set": 3, "instruction_set": 3, "mode": "C", "part_number": 3, "minimum_for_majority": 2, "pay_choice_majority": "1.00", "pay_choice_minority": "0.00", "pay_label_majority": "9.00", "pay_label_minority": "1.00", "timestamp": "2022-10-13T18:27:05.034Z", "updated": "2022-10-31T15:45:52.084Z"}}, {"model": "main.parametersetpartperiod", "pk": 1, "fields": {"parameter_set_part": 1, "parameter_set_random_outcome": 3, "period_number": 1, "timestamp": "2022-10-17T15:38:46.108Z", "updated": "2022-10-17T17:30:56.659Z"}}, {"model": "main.parametersetpartperiod", "pk": 2, "fields": {"parameter_set_part": 1, "parameter_set_random_outcome": 3, "period_number": 2, "timestamp": "2022-10-17T15:38:46.114Z", "updated": "2022-10-17T17:30:56.664Z"}}, {"model": "main.parametersetpartperiod", "pk": 3, "fields": {"parameter_set_part": 1, "parameter_set_random_outcome": 2, "period_number": 3, "timestamp": "2022-10-17T15:38:46.118Z", "updated": "2022-10-17T17:30:56.669Z"}}, {"model": "main.parametersetpartperiod", "pk": 4, "fields": {"parameter_set_part": 1, "parameter_set_random_outcome": 2, "period_number": 4, "timestamp": "2022-10-17T15:38:46.122Z", "updated": "2022-10-17T17:30:56.675Z"}}, {"model": "main.parametersetpartperiod", "pk": 5, "fields": {"parameter_set_part": 1, "parameter_set_random_outcome": 3, "period_number": 5, "timestamp": "2022-10-17T15:38:46.127Z", "updated": "2022-10-17T17:30:56.680Z"}}, {"model": "main.parametersetpartperiod", "pk": 6, "fields": {"parameter_set_part": 1, "parameter_set_random_outcome": 3, "period_number": 6, "timestamp": "2022-10-17T15:38:46.131Z", "updated": "2022-10-17T17:30:56.685Z"}}, {"model": "main.parametersetpartperiod", "pk": 7, "fields": {"parameter_set_part": 1, "parameter_set_random_outcome": 2, "period_number": 7, "timestamp": "2022-10-17T15:38:46.135Z", "updated": "2022-10-17T17:30:56.691Z"}}, {"model": "main.parametersetpartperiod", "pk": 8, "fields": {"parameter_set_part": 1, "parameter_set_random_outcome": 2, "period_number": 8, "timestamp": "2022-10-17T15:38:46.139Z", "updated": "2022-10-17T17:30:56.697Z"}}, {"model": "main.parametersetpartperiod", "pk": 9, "fields": {"parameter_set_part": 1, "parameter_set_random_outcome": 3, "period_number": 9, "timestamp": "2022-10-17T15:38:46.143Z", "updated": "2022-10-17T17:30:56.702Z"}}, {"model": "main.parametersetpartperiod", "pk": 10, "fields": {"parameter_set_part": 1, "parameter_set_random_outcome": 3, "period_number": 10, "timestamp": "2022-10-17T15:38:46.147Z", "updated": "2022-10-17T17:30:56.708Z"}}, {"model": "main.parametersetpartperiod", "pk": 11, "fields": {"parameter_set_part": 1, "parameter_set_random_outcome": 2, "period_number": 11, "timestamp": "2022-10-17T15:38:46.152Z", "updated": "2022-10-17T17:30:56.713Z"}}, {"model": "main.parametersetpartperiod", "pk": 12, "fields": {"parameter_set_part": 1, "parameter_set_random_outcome": 3, "period_number": 12, "timestamp": "2022-10-17T15:38:46.156Z", "updated": "2022-10-17T17:30:56.719Z"}}, {"model": "main.parametersetpartperiod", "pk": 13, "fields": {"parameter_set_part": 1, "parameter_set_random_outcome": 3, "period_number": 13, "timestamp": "2022-10-17T15:38:46.160Z", "updated": "2022-10-17T17:30:56.725Z"}}, {"model": "main.parametersetpartperiod", "pk": 14, "fields": {"parameter_set_part": 1, "parameter_set_random_outcome": 3, "period_number": 14, "timestamp": "2022-10-17T15:38:46.164Z", "updated": "2022-10-17T17:30:56.731Z"}}, {"model": "main.parametersetpartperiod", "pk": 15, "fields": {"parameter_set_part": 1, "parameter_set_random_outcome": 2, "period_number": 15, "timestamp": "2022-10-17T15:38:46.168Z", "updated": "2022-10-17T17:30:56.738Z"}}, {"model": "main.parametersetpartperiod", "pk": 16, "fields": {"parameter_set_part": 1, "parameter_set_random_outcome": 2, "period_number": 16, "timestamp": "2022-10-17T15:38:46.172Z", "updated": "2022-10-17T17:30:56.744Z"}}, {"model": "main.parametersetpartperiod", "pk": 17, "fields": {"parameter_set_part": 1, "parameter_set_random_outcome": 2, "period_number": 17, "timestamp": "2022-10-17T15:38:46.177Z", "updated": "2022-10-17T17:30:56.750Z"}}, {"model": "main.parametersetpartperiod", "pk": 18, "fields": {"parameter_set_part": 1, "parameter_set_random_outcome": 2, "period_number": 18, "timestamp": "2022-10-17T15:38:46.181Z", "updated": "2022-10-17T17:30:56.756Z"}}, {"model": "main.parametersetpartperiod", "pk": 19, "fields": {"parameter_set_part": 1, "parameter_set_random_outcome": 3, "period_number": 19, "timestamp": "2022-10-17T15:38:46.186Z", "updated": "2022-10-17T17:30:56.762Z"}}, {"model": "main.parametersetpartperiod", "pk": 20, "fields": {"parameter_set_part": 1, "parameter_set_random_outcome": 2, "period_number": 20, "timestamp": "2022-10-17T15:38:46.190Z", "updated": "2022-10-17T17:30:56.768Z"}}, {"model": "main.parametersetpartperiod", "pk": 21, "fields": {"parameter_set_part": 2, "parameter_set_random_outcome": 3, "period_number": 1, "timestamp": "2022-10-17T15:38:46.283Z", "updated": "2022-10-17T17:30:56.781Z"}}, {"model": "main.parametersetpartperiod", "pk": 22, "fields": {"parameter_set_part": 2, "parameter_set_random_outcome": 2, "period_number": 2, "timestamp": "2022-10-17T15:38:46.287Z", "updated": "2022-10-17T17:30:56.788Z"}}, {"model": "main.parametersetpartperiod", "pk": 23, "fields": {"parameter_set_part": 2, "parameter_set_random_outcome": 3, "period_number": 3, "timestamp": "2022-10-17T15:38:46.291Z", "updated": "2022-10-17T17:30:56.794Z"}}, {"model": "main.parametersetpartperiod", "pk": 24, "fields": {"parameter_set_part": 2, "parameter_set_random_outcome": 3, "period_number": 4, "timestamp": "2022-10-17T15:38:46.295Z", "updated": "2022-10-17T17:30:56.800Z"}}, {"model": "main.parametersetpartperiod", "pk": 25, "fields": {"parameter_set_part": 2, "parameter_set_random_outcome": 3, "period_number": 5, "timestamp": "2022-10-17T15:38:46.300Z", "updated": "2022-10-17T17:30:56.806Z"}}, {"model": "main.parametersetpartperiod", "pk": 26, "fields": {"parameter_set_part": 2, "parameter_set_random_outcome": 2, "period_number": 6, "timestamp": "2022-10-17T15:38:46.304Z", "updated": "2022-10-17T17:30:56.811Z"}}, {"model": "main.parametersetpartperiod", "pk": 27, "fields": {"parameter_set_part": 2, "parameter_set_random_outcome": 3, "period_number": 7, "timestamp": "2022-10-17T15:38:46.310Z", "updated": "2022-10-17T17:30:56.817Z"}}, {"model": "main.parametersetpartperiod", "pk": 28, "fields": {"parameter_set_part": 2, "parameter_set_random_outcome": 2, "period_number": 8, "timestamp": "2022-10-17T15:38:46.314Z", "updated": "2022-10-17T17:30:56.823Z"}}, {"model": "main.parametersetpartperiod", "pk": 29, "fields": {"parameter_set_part": 2, "parameter_set_random_outcome": 3, "period_number": 9, "timestamp": "2022-10-17T15:38:46.318Z", "updated": "2022-10-17T17:30:56.829Z"}}, {"model": "main.parametersetpartperiod", "pk": 30, "fields": {"parameter_set_part": 2, "parameter_set_random_outcome": 2, "period_number": 10, "timestamp": "2022-10-17T15:38:46.322Z", "updated": "2022-10-17T17:30:56.835Z"}}, {"model": "main.parametersetpartperiod", "pk": 31, "fields": {"parameter_set_part": 2, "parameter_set_random_outcome": 2, "period_number": 11, "timestamp": "2022-10-17T15:38:46.326Z", "updated": "2022-10-17T17:30:56.840Z"}}, {"model": "main.parametersetpartperiod", "pk": 32, "fields": {"parameter_set_part": 2, "parameter_set_random_outcome": 2, "period_number": 12, "timestamp": "2022-10-17T15:38:46.331Z", "updated": "2022-10-17T17:30:56.846Z"}}, {"model": "main.parametersetpartperiod", "pk": 33, "fields": {"parameter_set_part": 2, "parameter_set_random_outcome": 3, "period_number": 13, "timestamp": "2022-10-17T15:38:46.335Z", "updated": "2022-10-17T17:30:56.852Z"}}, {"model": "main.parametersetpartperiod", "pk": 34, "fields": {"parameter_set_part": 2, "parameter_set_random_outcome": 2, "period_number": 14, "timestamp": "2022-10-17T15:38:46.339Z", "updated": "2022-10-17T17:30:56.857Z"}}, {"model": "main.parametersetpartperiod", "pk": 35, "fields": {"parameter_set_part": 2, "parameter_set_random_outcome": 2, "period_number": 15, "timestamp": "2022-10-17T15:38:46.343Z", "updated": "2022-10-17T17:30:56.863Z"}}, {"model": "main.parametersetpartperiod", "pk": 36, "fields": {"parameter_set_part": 2, "parameter_set_random_outcome": 3, "period_number": 16, "timestamp": "2022-10-17T15:38:46.347Z", "updated": "2022-10-17T17:30:56.870Z"}}, {"model": "main.parametersetpartperiod", "pk": 37, "fields": {"parameter_set_part": 2, "parameter_set_random_outcome": 3, "period_number": 17, "timestamp": "2022-10-17T15:38:46.351Z", "updated": "2022-10-17T17:30:56.876Z"}}, {"model": "main.parametersetpartperiod", "pk": 38, "fields": {"parameter_set_part": 2, "parameter_set_random_outcome": 2, "period_number": 18, "timestamp": "2022-10-17T15:38:46.355Z", "updated": "2022-10-17T17:30:56.882Z"}}, {"model": "main.parametersetpartperiod", "pk": 39, "fields": {"parameter_set_part": 2, "parameter_set_random_outcome": 3, "period_number": 19, "timestamp": "2022-10-17T15:38:46.360Z", "updated": "2022-10-17T17:30:56.888Z"}}, {"model": "main.parametersetpartperiod", "pk": 40, "fields": {"parameter_set_part": 2, "parameter_set_random_outcome": 3, "period_number": 20, "timestamp": "2022-10-17T15:38:46.364Z", "updated": "2022-10-17T17:30:56.894Z"}}, {"model": "main.parametersetpartperiod", "pk": 41, "fields": {"parameter_set_part": 3, "parameter_set_random_outcome": 2, "period_number": 1, "timestamp": "2022-10-17T15:38:46.457Z", "updated": "2022-10-17T17:30:56.918Z"}}, {"model": "main.parametersetpartperiod", "pk": 42, "fields": {"parameter_set_part": 3, "parameter_set_random_outcome": 2, "period_number": 2, "timestamp": "2022-10-17T15:38:46.461Z", "updated": "2022-10-17T17:30:56.938Z"}}, {"model": "main.parametersetpartperiod", "pk": 43, "fields": {"parameter_set_part": 3, "parameter_set_random_outcome": 2, "period_number": 3, "timestamp": "2022-10-17T15:38:46.465Z", "updated": "2022-10-17T17:30:56.958Z"}}, {"model": "main.parametersetpartperiod", "pk": 44, "fields": {"parameter_set_part": 3, "parameter_set_random_outcome": 2, "period_number": 4, "timestamp": "2022-10-17T15:38:46.469Z", "updated": "2022-10-17T17:30:56.977Z"}}, {"model": "main.parametersetpartperiod", "pk": 45, "fields": {"parameter_set_part": 3, "parameter_set_random_outcome": 3, "period_number": 5, "timestamp": "2022-10-17T15:38:46.473Z", "updated": "2022-10-17T17:30:56.994Z"}}, {"model": "main.parametersetpartperiod", "pk": 46, "fields": {"parameter_set_part": 3, "parameter_set_random_outcome": 3, "period_number": 6, "timestamp": "2022-10-17T15:38:46.477Z", "updated": "2022-10-17T17:30:57.010Z"}}, {"model": "main.parametersetpartperiod", "pk": 47, "fields": {"parameter_set_part": 3, "parameter_set_random_outcome": 2, "period_number": 7, "timestamp": "2022-10-17T15:38:46.481Z", "updated": "2022-10-17T17:30:57.026Z"}}, {"model": "main.parametersetpartperiod", "pk": 48, "fields": {"parameter_set_part": 3, "parameter_set_random_outcome": 3, "period_number": 8, "timestamp": "2022-10-17T15:38:46.485Z", "updated": "2022-10-17T17:30:57.042Z"}}, {"model": "main.parametersetpartperiod", "pk": 49, "fields": {"parameter_set_part": 3, "parameter_set_random_outcome": 2, "period_number": 9, "timestamp": "2022-10-17T15:38:46.489Z", "updated": "2022-10-17T17:30:57.054Z"}}, {"model": "main.parametersetpartperiod", "pk": 50, "fields": {"parameter_set_part": 3, "parameter_set_random_outcome": 3, "period_number": 10, "timestamp": "2022-10-17T15:38:46.494Z", "updated": "2022-10-17T17:30:57.069Z"}}, {"model": "main.parametersetpartperiod", "pk": 51, "fields": {"parameter_set_part": 3, "parameter_set_random_outcome": 2, "period_number": 11, "timestamp": "2022-10-17T15:38:46.498Z", "updated": "2022-10-17T17:30:57.085Z"}}, {"model": "main.parametersetpartperiod", "pk": 52, "fields": {"parameter_set_part": 3, "parameter_set_random_outcome": 3, "period_number": 12, "timestamp": "2022-10-17T15:38:46.502Z", "updated": "2022-10-17T17:30:57.096Z"}}, {"model": "main.parametersetpartperiod", "pk": 53, "fields": {"parameter_set_part": 3, "parameter_set_random_outcome": 2, "period_number": 13, "timestamp": "2022-10-17T15:38:46.506Z", "updated": "2022-10-17T17:30:57.112Z"}}, {"model": "main.parametersetpartperiod", "pk": 54, "fields": {"parameter_set_part": 3, "parameter_set_random_outcome": 2, "period_number": 14, "timestamp": "2022-10-17T15:38:46.510Z", "updated": "2022-10-17T17:30:57.124Z"}}, {"model": "main.parametersetpartperiod", "pk": 55, "fields": {"parameter_set_part": 3, "parameter_set_random_outcome": 2, "period_number": 15, "timestamp": "2022-10-17T15:38:46.514Z", "updated": "2022-10-17T17:30:57.146Z"}}, {"model": "main.parametersetpartperiod", "pk": 56, "fields": {"parameter_set_part": 3, "parameter_set_random_outcome": 2, "period_number": 16, "timestamp": "2022-10-17T15:38:46.518Z", "updated": "2022-10-17T17:30:57.155Z"}}, {"model": "main.parametersetpartperiod", "pk": 57, "fields": {"parameter_set_part": 3, "parameter_set_random_outcome": 3, "period_number": 17, "timestamp": "2022-10-17T15:38:46.522Z", "updated": "2022-10-17T17:30:57.162Z"}}, {"model": "main.parametersetpartperiod", "pk": 58, "fields": {"parameter_set_part": 3, "parameter_set_random_outcome": 2, "period_number": 18, "timestamp": "2022-10-17T15:38:46.527Z", "updated": "2022-10-17T17:30:57.169Z"}}, {"model": "main.parametersetpartperiod", "pk": 59, "fields": {"parameter_set_part": 3, "parameter_set_random_outcome": 3, "period_number": 19, "timestamp": "2022-10-17T15:38:46.531Z", "updated": "2022-10-17T17:30:57.176Z"}}, {"model": "main.parametersetpartperiod", "pk": 60, "fields": {"parameter_set_part": 3, "parameter_set_random_outcome": 2, "period_number": 20, "timestamp": "2022-10-17T15:38:46.535Z", "updated": "2022-10-17T17:30:57.183Z"}}, {"model": "main.parametersetpartperiod", "pk": 61, "fields": {"parameter_set_part": 6, "parameter_set_random_outcome": 4, "period_number": 1, "timestamp": "2022-10-17T15:49:15.985Z", "updated": "2022-10-31T16:16:43.343Z"}}, {"model": "main.parametersetpartperiod", "pk": 62, "fields": {"parameter_set_part": 6, "parameter_set_random_outcome": 4, "period_number": 2, "timestamp": "2022-10-17T15:49:15.989Z", "updated": "2022-10-31T16:16:43.347Z"}}, {"model": "main.parametersetpartperiod", "pk": 81, "fields": {"parameter_set_part": 7, "parameter_set_random_outcome": 4, "period_number": 1, "timestamp": "2022-10-17T15:49:16.154Z", "updated": "2022-10-31T16:16:43.354Z"}}, {"model": "main.parametersetpartperiod", "pk": 82, "fields": {"parameter_set_part": 7, "parameter_set_random_outcome": 5, "period_number": 2, "timestamp": "2022-10-17T15:49:16.158Z", "updated": "2022-10-31T16:16:43.358Z"}}, {"model": "main.parametersetpartperiod", "pk": 101, "fields": {"parameter_set_part": 8, "parameter_set_random_outcome": 4, "period_number": 1, "timestamp": "2022-10-17T15:49:16.325Z", "updated": "2022-10-31T16:16:43.365Z"}}, {"model": "main.parametersetpartperiod", "pk": 102, "fields": {"parameter_set_part": 8, "parameter_set_random_outcome": 4, "period_number": 2, "timestamp": "2022-10-17T15:49:16.332Z", "updated": "2022-10-31T16:16:43.369Z"}}, {"model": "main.parametersetlabels", "pk": 1, "fields": {"parameter_set": 2, "name": "a-2", "timestamp": "2022-10-12T17:03:24.440Z", "updated": "2022-10-17T17:30:56.524Z"}}, {"model": "main.parametersetlabels", "pk": 2, "fields": {"parameter_set": 2, "name": "a-1", "timestamp": "2022-10-12T17:03:24.457Z", "updated": "2022-10-17T17:30:56.401Z"}}, {"model": "main.parametersetlabels", "pk": 3, "fields": {"parameter_set": 2, "name": "a-3", "timestamp": "2022-10-12T17:03:24.461Z", "updated": "2022-10-17T17:30:56.651Z"}}, {"model": "main.parametersetlabels", "pk": 4, "fields": {"parameter_set": 3, "name": "a-1", "timestamp": "2022-10-13T18:27:05.040Z", "updated": "2022-10-24T15:37:42.139Z"}}, {"model": "main.parametersetlabels", "pk": 5, "fields": {"parameter_set": 3, "name": "a-2", "timestamp": "2022-10-13T18:27:05.044Z", "updated": "2022-10-24T15:37:42.737Z"}}, {"model": "main.parametersetlabels", "pk": 6, "fields": {"parameter_set": 3, "name": "a-3", "timestamp": "2022-10-13T18:27:05.048Z", "updated": "2022-10-24T15:37:42.858Z"}}, {"model": "main.parametersetlabelsperiod", "pk": 1, "fields": {"parameter_set_labels": 1, "label": 3, "period_number": 1, "timestamp": "2022-10-12T17:05:44.454Z", "updated": "2022-10-17T17:30:56.409Z"}}, {"model": "main.parametersetlabelsperiod", "pk": 2, "fields": {"parameter_set_labels": 1, "label": 2, "period_number": 2, "timestamp": "2022-10-12T17:05:44.466Z", "updated": "2022-10-17T17:30:56.415Z"}}, {"model": "main.parametersetlabelsperiod", "pk": 3, "fields": {"parameter_set_labels": 1, "label": 2, "period_number": 3, "timestamp": "2022-10-12T17:05:44.473Z", "updated": "2022-10-17T17:30:56.422Z"}}, {"model": "main.parametersetlabelsperiod", "pk": 4, "fields": {"parameter_set_labels": 1, "label": 2, "period_number": 4, "timestamp": "2022-10-12T17:05:44.479Z", "updated": "2022-10-17T17:30:56.428Z"}}, {"model": "main.parametersetlabelsperiod", "pk": 5, "fields": {"parameter_set_labels": 1, "label": 3, "period_number": 5, "timestamp": "2022-10-12T17:05:44.485Z", "updated": "2022-10-17T17:30:56.434Z"}}, {"model": "main.parametersetlabelsperiod", "pk": 6, "fields": {"parameter_set_labels": 1, "label": 2, "period_number": 6, "timestamp": "2022-10-12T17:05:44.495Z", "updated": "2022-10-17T17:30:56.439Z"}}, {"model": "main.parametersetlabelsperiod", "pk": 7, "fields": {"parameter_set_labels": 1, "label": 3, "period_number": 7, "timestamp": "2022-10-12T17:05:44.501Z", "updated": "2022-10-17T17:30:56.445Z"}}, {"model": "main.parametersetlabelsperiod", "pk": 8, "fields": {"parameter_set_labels": 1, "label": 3, "period_number": 8, "timestamp": "2022-10-12T17:05:44.512Z", "updated": "2022-10-17T17:30:56.451Z"}}, {"model": "main.parametersetlabelsperiod", "pk": 9, "fields": {"parameter_set_labels": 1, "label": 3, "period_number": 9, "timestamp": "2022-10-12T17:05:44.517Z", "updated": "2022-10-17T17:30:56.456Z"}}, {"model": "main.parametersetlabelsperiod", "pk": 10, "fields": {"parameter_set_labels": 1, "label": 2, "period_number": 10, "timestamp": "2022-10-12T17:05:44.523Z", "updated": "2022-10-17T17:30:56.462Z"}}, {"model": "main.parametersetlabelsperiod", "pk": 11, "fields": {"parameter_set_labels": 2, "label": 3, "period_number": 1, "timestamp": "2022-10-12T17:05:44.541Z", "updated": "2022-10-17T17:30:56.275Z"}}, {"model": "main.parametersetlabelsperiod", "pk": 12, "fields": {"parameter_set_labels": 2, "label": 3, "period_number": 2, "timestamp": "2022-10-12T17:05:44.569Z", "updated": "2022-10-17T17:30:56.284Z"}}, {"model": "main.parametersetlabelsperiod", "pk": 13, "fields": {"parameter_set_labels": 2, "label": 3, "period_number": 3, "timestamp": "2022-10-12T17:05:44.580Z", "updated": "2022-10-17T17:30:56.291Z"}}, {"model": "main.parametersetlabelsperiod", "pk": 14, "fields": {"parameter_set_labels": 2, "label": 2, "period_number": 4, "timestamp": "2022-10-12T17:05:44.593Z", "updated": "2022-10-17T17:30:56.297Z"}}, {"model": "main.parametersetlabelsperiod", "pk": 15, "fields": {"parameter_set_labels": 2, "label": 3, "period_number": 5, "timestamp": "2022-10-12T17:05:44.598Z", "updated": "2022-10-17T17:30:56.302Z"}}, {"model": "main.parametersetlabelsperiod", "pk": 16, "fields": {"parameter_set_labels": 2, "label": 2, "period_number": 6, "timestamp": "2022-10-12T17:05:44.603Z", "updated": "2022-10-17T17:30:56.308Z"}}, {"model": "main.parametersetlabelsperiod", "pk": 17, "fields": {"parameter_set_labels": 2, "label": 3, "period_number": 7, "timestamp": "2022-10-12T17:05:44.608Z", "updated": "2022-10-17T17:30:56.313Z"}}, {"model": "main.parametersetlabelsperiod", "pk": 18, "fields": {"parameter_set_labels": 2, "label": 2, "period_number": 8, "timestamp": "2022-10-12T17:05:44.612Z", "updated": "2022-10-17T17:30:56.319Z"}}, {"model": "main.parametersetlabelsperiod", "pk": 19, "fields": {"parameter_set_labels": 2, "label": 2, "period_number": 9, "timestamp": "2022-10-12T17:05:44.617Z", "updated": "2022-10-17T17:30:56.326Z"}}, {"model": "main.parametersetlabelsperiod", "pk": 20, "fields": {"parameter_set_labels": 2, "label": 3, "period_number": 10, "timestamp": "2022-10-12T17:05:44.621Z", "updated": "2022-10-17T17:30:56.333Z"}}, {"model": "main.parametersetlabelsperiod", "pk": 21, "fields": {"parameter_set_labels": 3, "label": 3, "period_number": 1, "timestamp": "2022-10-12T17:05:44.627Z", "updated": "2022-10-17T17:30:56.531Z"}}, {"model": "main.parametersetlabelsperiod", "pk": 22, "fields": {"parameter_set_labels": 3, "label": 2, "period_number": 2, "timestamp": "2022-10-12T17:05:44.632Z", "updated": "2022-10-17T17:30:56.537Z"}}, {"model": "main.parametersetlabelsperiod", "pk": 23, "fields": {"parameter_set_labels": 3, "label": 2, "period_number": 3, "timestamp": "2022-10-12T17:05:44.637Z", "updated": "2022-10-17T17:30:56.543Z"}}, {"model": "main.parametersetlabelsperiod", "pk": 24, "fields": {"parameter_set_labels": 3, "label": 3, "period_number": 4, "timestamp": "2022-10-12T17:05:44.642Z", "updated": "2022-10-17T17:30:56.549Z"}}, {"model": "main.parametersetlabelsperiod", "pk": 25, "fields": {"parameter_set_labels": 3, "label": 2, "period_number": 5, "timestamp": "2022-10-12T17:05:44.647Z", "updated": "2022-10-17T17:30:56.555Z"}}, {"model": "main.parametersetlabelsperiod", "pk": 26, "fields": {"parameter_set_labels": 3, "label": 2, "period_number": 6, "timestamp": "2022-10-12T17:05:44.652Z", "updated": "2022-10-17T17:30:56.560Z"}}, {"model": "main.parametersetlabelsperiod", "pk": 27, "fields": {"parameter_set_labels": 3, "label": 2, "period_number": 7, "timestamp": "2022-10-12T17:05:44.656Z", "updated": "2022-10-17T17:30:56.566Z"}}, {"model": "main.parametersetlabelsperiod", "pk": 28, "fields": {"parameter_set_labels": 3, "label": 3, "period_number": 8, "timestamp": "2022-10-12T17:05:44.661Z", "updated": "2022-10-17T17:30:56.572Z"}}, {"model": "main.parametersetlabelsperiod", "pk": 29, "fields": {"parameter_set_labels": 3, "label": 2, "period_number": 9, "timestamp": "2022-10-12T17:05:44.666Z", "updated": "2022-10-17T17:30:56.578Z"}}, {"model": "main.parametersetlabelsperiod", "pk": 30, "fields": {"parameter_set_labels": 3, "label": 3, "period_number": 10, "timestamp": "2022-10-12T17:05:44.671Z", "updated": "2022-10-17T17:30:56.583Z"}}, {"model": "main.parametersetlabelsperiod", "pk": 31, "fields": {"parameter_set_labels": 4, "label": 4, "period_number": 1, "timestamp": "2022-10-13T18:27:05.058Z", "updated": "2022-10-24T15:37:42.024Z"}}, {"model": "main.parametersetlabelsperiod", "pk": 32, "fields": {"parameter_set_labels": 4, "label": 4, "period_number": 2, "timestamp": "2022-10-13T18:27:05.064Z", "updated": "2022-10-24T15:37:42.030Z"}}, {"model": "main.parametersetlabelsperiod", "pk": 41, "fields": {"parameter_set_labels": 5, "label": 4, "period_number": 1, "timestamp": "2022-10-13T18:27:05.125Z", "updated": "2022-10-24T15:37:42.147Z"}}, {"model": "main.parametersetlabelsperiod", "pk": 42, "fields": {"parameter_set_labels": 5, "label": 5, "period_number": 2, "timestamp": "2022-10-13T18:27:05.132Z", "updated": "2022-10-24T15:37:42.152Z"}}, {"model": "main.parametersetlabelsperiod", "pk": 51, "fields": {"parameter_set_labels": 6, "label": 5, "period_number": 1, "timestamp": "2022-10-13T18:27:05.192Z", "updated": "2022-10-24T15:37:42.746Z"}}, {"model": "main.parametersetlabelsperiod", "pk": 52, "fields": {"parameter_set_labels": 6, "label": 4, "period_number": 2, "timestamp": "2022-10-13T18:27:05.199Z", "updated": "2022-10-24T15:37:42.752Z"}}, {"model": "main.parametersetlabelsperiod", "pk": 61, "fields": {"parameter_set_labels": 2, "label": 3, "period_number": 11, "timestamp": "2022-10-17T15:38:45.623Z", "updated": "2022-10-17T17:30:56.341Z"}}, {"model": "main.parametersetlabelsperiod", "pk": 62, "fields": {"parameter_set_labels": 2, "label": 2, "period_number": 12, "timestamp": "2022-10-17T15:38:45.629Z", "updated": "2022-10-17T17:30:56.347Z"}}, {"model": "main.parametersetlabelsperiod", "pk": 63, "fields": {"parameter_set_labels": 2, "label": 2, "period_number": 13, "timestamp": "2022-10-17T15:38:45.633Z", "updated": "2022-10-17T17:30:56.353Z"}}, {"model": "main.parametersetlabelsperiod", "pk": 64, "fields": {"parameter_set_labels": 2, "label": 3, "period_number": 14, "timestamp": "2022-10-17T15:38:45.638Z", "updated": "2022-10-17T17:30:56.359Z"}}, {"model": "main.parametersetlabelsperiod", "pk": 65, "fields": {"parameter_set_labels": 2, "label": 3, "period_number": 15, "timestamp": "2022-10-17T15:38:45.645Z", "updated": "2022-10-17T17:30:56.366Z"}}, {"model": "main.parametersetlabelsperiod", "pk": 66, "fields": {"parameter_set_labels": 2, "label": 3, "period_number": 16, "timestamp": "2022-10-17T15:38:45.650Z", "updated": "2022-10-17T17:30:56.372Z"}}, {"model": "main.parametersetlabelsperiod", "pk": 67, "fields": {"parameter_set_labels": 2, "label": 2, "period_number": 17, "timestamp": "2022-10-17T15:38:45.657Z", "updated": "2022-10-17T17:30:56.378Z"}}, {"model": "main.parametersetlabelsperiod", "pk": 68, "fields": {"parameter_set_labels": 2, "label": 3, "period_number": 18, "timestamp": "2022-10-17T15:38:45.662Z", "updated": "2022-10-17T17:30:56.384Z"}}, {"model": "main.parametersetlabelsperiod", "pk": 69, "fields": {"parameter_set_labels": 2, "label": 3, "period_number": 19, "timestamp": "2022-10-17T15:38:45.667Z", "updated": "2022-10-17T17:30:56.391Z"}}, {"model": "main.parametersetlabelsperiod", "pk": 70, "fields": {"parameter_set_labels": 2, "label": 3, "period_number": 20, "timestamp": "2022-10-17T15:38:45.673Z", "updated": "2022-10-17T17:30:56.397Z"}}, {"model": "main.parametersetlabelsperiod", "pk": 71, "fields": {"parameter_set_labels": 1, "label": 3, "period_number": 11, "timestamp": "2022-10-17T15:38:45.692Z", "updated": "2022-10-17T17:30:56.468Z"}}, {"model": "main.parametersetlabelsperiod", "pk": 72, "fields": {"parameter_set_labels": 1, "label": 2, "period_number": 12, "timestamp": "2022-10-17T15:38:45.697Z", "updated": "2022-10-17T17:30:56.473Z"}}, {"model": "main.parametersetlabelsperiod", "pk": 73, "fields": {"parameter_set_labels": 1, "label": 3, "period_number": 13, "timestamp": "2022-10-17T15:38:45.701Z", "updated": "2022-10-17T17:30:56.479Z"}}, {"model": "main.parametersetlabelsperiod", "pk": 74, "fields": {"parameter_set_labels": 1, "label": 2, "period_number": 14, "timestamp": "2022-10-17T15:38:45.708Z", "updated": "2022-10-17T17:30:56.484Z"}}, {"model": "main.parametersetlabelsperiod", "pk": 75, "fields": {"parameter_set_labels": 1, "label": 2, "period_number": 15, "timestamp": "2022-10-17T15:38:45.713Z", "updated": "2022-10-17T17:30:56.490Z"}}, {"model": "main.parametersetlabelsperiod", "pk": 76, "fields": {"parameter_set_labels": 1, "label": 3, "period_number": 16, "timestamp": "2022-10-17T15:38:45.718Z", "updated": "2022-10-17T17:30:56.495Z"}}, {"model": "main.parametersetlabelsperiod", "pk": 77, "fields": {"parameter_set_labels": 1, "label": 3, "period_number": 17, "timestamp": "2022-10-17T15:38:45.724Z", "updated": "2022-10-17T17:30:56.501Z"}}, {"model": "main.parametersetlabelsperiod", "pk": 78, "fields": {"parameter_set_labels": 1, "label": 3, "period_number": 18, "timestamp": "2022-10-17T15:38:45.729Z", "updated": "2022-10-17T17:30:56.508Z"}}, {"model": "main.parametersetlabelsperiod", "pk": 79, "fields": {"parameter_set_labels": 1, "label": 2, "period_number": 19, "timestamp": "2022-10-17T15:38:45.734Z", "updated": "2022-10-17T17:30:56.513Z"}}, {"model": "main.parametersetlabelsperiod", "pk": 80, "fields": {"parameter_set_labels": 1, "label": 2, "period_number": 20, "timestamp": "2022-10-17T15:38:45.740Z", "updated": "2022-10-17T17:30:56.519Z"}}, {"model": "main.parametersetlabelsperiod", "pk": 81, "fields": {"parameter_set_labels": 3, "label": 2, "period_number": 11, "timestamp": "2022-10-17T15:38:45.760Z", "updated": "2022-10-17T17:30:56.593Z"}}, {"model": "main.parametersetlabelsperiod", "pk": 82, "fields": {"parameter_set_labels": 3, "label": 2, "period_number": 12, "timestamp": "2022-10-17T15:38:45.765Z", "updated": "2022-10-17T17:30:56.600Z"}}, {"model": "main.parametersetlabelsperiod", "pk": 83, "fields": {"parameter_set_labels": 3, "label": 3, "period_number": 13, "timestamp": "2022-10-17T15:38:45.770Z", "updated": "2022-10-17T17:30:56.606Z"}}, {"model": "main.parametersetlabelsperiod", "pk": 84, "fields": {"parameter_set_labels": 3, "label": 2, "period_number": 14, "timestamp": "2022-10-17T15:38:45.780Z", "updated": "2022-10-17T17:30:56.611Z"}}, {"model": "main.parametersetlabelsperiod", "pk": 85, "fields": {"parameter_set_labels": 3, "label": 2, "period_number": 15, "timestamp": "2022-10-17T15:38:45.785Z", "updated": "2022-10-17T17:30:56.617Z"}}, {"model": "main.parametersetlabelsperiod", "pk": 86, "fields": {"parameter_set_labels": 3, "label": 3, "period_number": 16, "timestamp": "2022-10-17T15:38:45.791Z", "updated": "2022-10-17T17:30:56.623Z"}}, {"model": "main.parametersetlabelsperiod", "pk": 87, "fields": {"parameter_set_labels": 3, "label": 3, "period_number": 17, "timestamp": "2022-10-17T15:38:45.796Z", "updated": "2022-10-17T17:30:56.629Z"}}, {"model": "main.parametersetlabelsperiod", "pk": 88, "fields": {"parameter_set_labels": 3, "label": 3, "period_number": 18, "timestamp": "2022-10-17T15:38:45.801Z", "updated": "2022-10-17T17:30:56.635Z"}}, {"model": "main.parametersetlabelsperiod", "pk": 89, "fields": {"parameter_set_labels": 3, "label": 3, "period_number": 19, "timestamp": "2022-10-17T15:38:45.807Z", "updated": "2022-10-17T17:30:56.641Z"}}, {"model": "main.parametersetlabelsperiod", "pk": 90, "fields": {"parameter_set_labels": 3, "label": 3, "period_number": 20, "timestamp": "2022-10-17T15:38:45.812Z", "updated": "2022-10-17T17:30:56.647Z"}}, {"model": "main.parametersetplayer", "pk": 1, "fields": {"parameter_set": 2, "id_label": "I", "timestamp": "2022-10-10T15:50:48.885Z", "updated": "2022-10-17T17:30:57.481Z"}}, {"model": "main.parametersetplayer", "pk": 2, "fields": {"parameter_set": 2, "id_label": "J", "timestamp": "2022-10-10T15:50:49.957Z", "updated": "2022-10-17T17:30:57.509Z"}}, {"model": "main.parametersetplayer", "pk": 3, "fields": {"parameter_set": 2, "id_label": "K", "timestamp": "2022-10-10T15:50:50.828Z", "updated": "2022-10-17T17:30:57.535Z"}}, {"model": "main.parametersetplayer", "pk": 4, "fields": {"parameter_set": 2, "id_label": "L", "timestamp": "2022-10-10T15:50:51.600Z", "updated": "2022-10-17T17:30:57.562Z"}}, {"model": "main.parametersetplayer", "pk": 5, "fields": {"parameter_set": 2, "id_label": "G", "timestamp": "2022-10-10T15:50:52.346Z", "updated": "2022-10-17T17:30:57.426Z"}}, {"model": "main.parametersetplayer", "pk": 6, "fields": {"parameter_set": 2, "id_label": "H", "timestamp": "2022-10-10T15:50:53.196Z", "updated": "2022-10-17T17:30:57.454Z"}}, {"model": "main.parametersetplayer", "pk": 11, "fields": {"parameter_set": 2, "id_label": "F", "timestamp": "2022-10-13T17:27:43.102Z", "updated": "2022-10-17T17:30:57.396Z"}}, {"model": "main.parametersetplayer", "pk": 19, "fields": {"parameter_set": 2, "id_label": "A", "timestamp": "2022-10-17T15:38:45.572Z", "updated": "2022-10-17T17:30:57.243Z"}}, {"model": "main.parametersetplayer", "pk": 20, "fields": {"parameter_set": 2, "id_label": "E", "timestamp": "2022-10-17T15:38:45.579Z", "updated": "2022-10-17T17:30:57.364Z"}}, {"model": "main.parametersetplayer", "pk": 21, "fields": {"parameter_set": 2, "id_label": "D", "timestamp": "2022-10-17T15:38:45.583Z", "updated": "2022-10-17T17:30:57.335Z"}}, {"model": "main.parametersetplayer", "pk": 22, "fields": {"parameter_set": 2, "id_label": "C", "timestamp": "2022-10-17T15:38:45.587Z", "updated": "2022-10-17T17:30:57.303Z"}}, {"model": "main.parametersetplayer", "pk": 23, "fields": {"parameter_set": 2, "id_label": "B", "timestamp": "2022-10-17T15:38:45.592Z", "updated": "2022-10-17T17:30:57.274Z"}}, {"model": "main.parametersetplayer", "pk": 24, "fields": {"parameter_set": 3, "id_label": "A", "timestamp": "2022-10-17T15:49:15.472Z", "updated": "2022-10-24T15:37:43.268Z"}}, {"model": "main.parametersetplayer", "pk": 25, "fields": {"parameter_set": 3, "id_label": "B", "timestamp": "2022-10-17T15:49:15.476Z", "updated": "2022-10-24T15:37:43.294Z"}}, {"model": "main.parametersetplayer", "pk": 26, "fields": {"parameter_set": 3, "id_label": "C", "timestamp": "2022-10-17T15:49:15.481Z", "updated": "2022-10-24T15:37:43.321Z"}}, {"model": "main.parametersetplayerpart", "pk": 1, "fields": {"parameter_set_player": 1, "parameter_set_part": 3, "parameter_set_labels": 3, "group": 1, "timestamp": "2022-10-13T15:26:28.943Z", "updated": "2022-10-17T17:30:57.477Z"}}, {"model": "main.parametersetplayerpart", "pk": 2, "fields": {"parameter_set_player": 1, "parameter_set_part": 2, "parameter_set_labels": 3, "group": 3, "timestamp": "2022-10-13T15:26:28.950Z", "updated": "2022-10-17T17:30:57.469Z"}}, {"model": "main.parametersetplayerpart", "pk": 3, "fields": {"parameter_set_player": 1, "parameter_set_part": 1, "parameter_set_labels": 2, "group": 1, "timestamp": "2022-10-13T15:26:28.953Z", "updated": "2022-10-17T17:30:57.462Z"}}, {"model": "main.parametersetplayerpart", "pk": 4, "fields": {"parameter_set_player": 2, "parameter_set_part": 3, "parameter_set_labels": 3, "group": 2, "timestamp": "2022-10-13T15:26:28.972Z", "updated": "2022-10-17T17:30:57.505Z"}}, {"model": "main.parametersetplayerpart", "pk": 5, "fields": {"parameter_set_player": 2, "parameter_set_part": 2, "parameter_set_labels": 2, "group": 4, "timestamp": "2022-10-13T15:26:28.976Z", "updated": "2022-10-17T17:30:57.498Z"}}, {"model": "main.parametersetplayerpart", "pk": 6, "fields": {"parameter_set_player": 2, "parameter_set_part": 1, "parameter_set_labels": 2, "group": 1, "timestamp": "2022-10-13T15:26:28.980Z", "updated": "2022-10-17T17:30:57.491Z"}}, {"model": "main.parametersetplayerpart", "pk": 7, "fields": {"parameter_set_player": 3, "parameter_set_part": 3, "parameter_set_labels": 3, "group": 3, "timestamp": "2022-10-13T15:26:29.000Z", "updated": "2022-10-17T17:30:57.532Z"}}, {"model": "main.parametersetplayerpart", "pk": 8, "fields": {"parameter_set_player": 3, "parameter_set_part": 2, "parameter_set_labels": 1, "group": 4, "timestamp": "2022-10-13T15:26:29.004Z", "updated": "2022-10-17T17:30:57.525Z"}}, {"model": "main.parametersetplayerpart", "pk": 9, "fields": {"parameter_set_player": 3, "parameter_set_part": 1, "parameter_set_labels": 2, "group": 1, "timestamp": "2022-10-13T15:26:29.009Z", "updated": "2022-10-17T17:30:57.518Z"}}, {"model": "main.parametersetplayerpart", "pk": 10, "fields": {"parameter_set_player": 4, "parameter_set_part": 3, "parameter_set_labels": 3, "group": 4, "timestamp": "2022-10-13T15:26:29.031Z", "updated": "2022-10-17T17:30:57.558Z"}}, {"model": "main.parametersetplayerpart", "pk": 11, "fields": {"parameter_set_player": 4, "parameter_set_part": 2, "parameter_set_labels": 3, "group": 4, "timestamp": "2022-10-13T15:26:29.035Z", "updated": "2022-10-17T17:30:57.551Z"}}, {"model": "main.parametersetplayerpart", "pk": 12, "fields": {"parameter_set_player": 4, "parameter_set_part": 1, "parameter_set_labels": 2, "group": 1, "timestamp": "2022-10-13T15:26:29.040Z", "updated": "2022-10-17T17:30:57.543Z"}}, {"model": "main.parametersetplayerpart", "pk": 13, "fields": {"parameter_set_player": 5, "parameter_set_part": 3, "parameter_set_labels": 1, "group": 3, "timestamp": "2022-10-13T15:26:29.062Z", "updated": "2022-10-17T17:30:57.422Z"}}, {"model": "main.parametersetplayerpart", "pk": 14, "fields": {"parameter_set_player": 5, "parameter_set_part": 2, "parameter_set_labels": 2, "group": 3, "timestamp": "2022-10-13T15:26:29.066Z", "updated": "2022-10-17T17:30:57.414Z"}}, {"model": "main.parametersetplayerpart", "pk": 15, "fields": {"parameter_set_player": 5, "parameter_set_part": 1, "parameter_set_labels": 2, "group": 1, "timestamp": "2022-10-13T15:26:29.071Z", "updated": "2022-10-17T17:30:57.406Z"}}, {"model": "main.parametersetplayerpart", "pk": 16, "fields": {"parameter_set_player": 6, "parameter_set_part": 3, "parameter_set_labels": 1, "group": 4, "timestamp": "2022-10-13T15:26:29.093Z", "updated": "2022-10-17T17:30:57.449Z"}}, {"model": "main.parametersetplayerpart", "pk": 17, "fields": {"parameter_set_player": 6, "parameter_set_part": 2, "parameter_set_labels": 1, "group": 3, "timestamp": "2022-10-13T15:26:29.097Z", "updated": "2022-10-17T17:30:57.442Z"}}, {"model": "main.parametersetplayerpart", "pk": 18, "fields": {"parameter_set_player": 6, "parameter_set_part": 1, "parameter_set_labels": 2, "group": 1, "timestamp": "2022-10-13T15:26:29.101Z", "updated": "2022-10-17T17:30:57.435Z"}}, {"model": "main.parametersetplayerpart", "pk": 19, "fields": {"parameter_set_player": 11, "parameter_set_part": 3, "parameter_set_labels": 1, "group": 2, "timestamp": "2022-10-13T17:27:43.123Z", "updated": "2022-10-17T17:30:57.392Z"}}, {"model": "main.parametersetplayerpart", "pk": 20, "fields": {"parameter_set_player": 11, "parameter_set_part": 2, "parameter_set_labels": 3, "group": 2, "timestamp": "2022-10-13T17:27:43.128Z", "updated": "2022-10-17T17:30:57.382Z"}}, {"model": "main.parametersetplayerpart", "pk": 21, "fields": {"parameter_set_player": 11, "parameter_set_part": 1, "parameter_set_labels": 2, "group": 1, "timestamp": "2022-10-13T17:27:43.132Z", "updated": "2022-10-17T17:30:57.375Z"}}, {"model": "main.parametersetplayerpart", "pk": 50, "fields": {"parameter_set_player": 19, "parameter_set_part": 1, "parameter_set_labels": 1, "group": 1, "timestamp": "2022-10-17T15:38:45.819Z", "updated": "2022-10-17T17:30:57.222Z"}}, {"model": "main.parametersetplayerpart", "pk": 51, "fields": {"parameter_set_player": 19, "parameter_set_part": 2, "parameter_set_labels": 2, "group": 1, "timestamp": "2022-10-17T15:38:45.823Z", "updated": "2022-10-17T17:30:57.231Z"}}, {"model": "main.parametersetplayerpart", "pk": 52, "fields": {"parameter_set_player": 19, "parameter_set_part": 3, "parameter_set_labels": 2, "group": 1, "timestamp": "2022-10-17T15:38:45.827Z", "updated": "2022-10-17T17:30:57.239Z"}}, {"model": "main.parametersetplayerpart", "pk": 53, "fields": {"parameter_set_player": 23, "parameter_set_part": 1, "parameter_set_labels": 2, "group": 1, "timestamp": "2022-10-17T15:38:45.848Z", "updated": "2022-10-17T17:30:57.254Z"}}, {"model": "main.parametersetplayerpart", "pk": 54, "fields": {"parameter_set_player": 23, "parameter_set_part": 2, "parameter_set_labels": 1, "group": 1, "timestamp": "2022-10-17T15:38:45.852Z", "updated": "2022-10-17T17:30:57.262Z"}}, {"model": "main.parametersetplayerpart", "pk": 55, "fields": {"parameter_set_player": 23, "parameter_set_part": 3, "parameter_set_labels": 2, "group": 2, "timestamp": "2022-10-17T15:38:45.856Z", "updated": "2022-10-17T17:30:57.270Z"}}, {"model": "main.parametersetplayerpart", "pk": 56, "fields": {"parameter_set_player": 22, "parameter_set_part": 1, "parameter_set_labels": 2, "group": 1, "timestamp": "2022-10-17T15:38:45.879Z", "updated": "2022-10-17T17:30:57.284Z"}}, {"model": "main.parametersetplayerpart", "pk": 57, "fields": {"parameter_set_player": 22, "parameter_set_part": 2, "parameter_set_labels": 3, "group": 1, "timestamp": "2022-10-17T15:38:45.883Z", "updated": "2022-10-17T17:30:57.292Z"}}, {"model": "main.parametersetplayerpart", "pk": 58, "fields": {"parameter_set_player": 22, "parameter_set_part": 3, "parameter_set_labels": 2, "group": 3, "timestamp": "2022-10-17T15:38:45.888Z", "updated": "2022-10-17T17:30:57.299Z"}}, {"model": "main.parametersetplayerpart", "pk": 59, "fields": {"parameter_set_player": 21, "parameter_set_part": 1, "parameter_set_labels": 2, "group": 1, "timestamp": "2022-10-17T15:38:45.911Z", "updated": "2022-10-17T17:30:57.314Z"}}, {"model": "main.parametersetplayerpart", "pk": 60, "fields": {"parameter_set_player": 21, "parameter_set_part": 2, "parameter_set_labels": 2, "group": 2, "timestamp": "2022-10-17T15:38:45.915Z", "updated": "2022-10-17T17:30:57.322Z"}}, {"model": "main.parametersetplayerpart", "pk": 61, "fields": {"parameter_set_player": 21, "parameter_set_part": 3, "parameter_set_labels": 2, "group": 4, "timestamp": "2022-10-17T15:38:45.920Z", "updated": "2022-10-17T17:30:57.330Z"}}, {"model": "main.parametersetplayerpart", "pk": 62, "fields": {"parameter_set_player": 20, "parameter_set_part": 1, "parameter_set_labels": 2, "group": 1, "timestamp": "2022-10-17T15:38:45.946Z", "updated": "2022-10-17T17:30:57.344Z"}}, {"model": "main.parametersetplayerpart", "pk": 63, "fields": {"parameter_set_player": 20, "parameter_set_part": 2, "parameter_set_labels": 1, "group": 2, "timestamp": "2022-10-17T15:38:45.950Z", "updated": "2022-10-17T17:30:57.352Z"}}, {"model": "main.parametersetplayerpart", "pk": 64, "fields": {"parameter_set_player": 20, "parameter_set_part": 3, "parameter_set_labels": 1, "group": 1, "timestamp": "2022-10-17T15:38:45.954Z", "updated": "2022-10-17T17:30:57.360Z"}}, {"model": "main.parametersetplayerpart", "pk": 65, "fields": {"parameter_set_player": 24, "parameter_set_part": 6, "parameter_set_labels": 4, "group": 1, "timestamp": "2022-10-17T15:49:15.721Z", "updated": "2022-10-31T16:16:43.273Z"}}, {"model": "main.parametersetplayerpart", "pk": 66, "fields": {"parameter_set_player": 24, "parameter_set_part": 7, "parameter_set_labels": 5, "group": 1, "timestamp": "2022-10-17T15:49:15.725Z", "updated": "2022-10-31T16:16:43.277Z"}}, {"model": "main.parametersetplayerpart", "pk": 68, "fields": {"parameter_set_player": 25, "parameter_set_part": 6, "parameter_set_labels": 5, "group": 1, "timestamp": "2022-10-17T15:49:15.749Z", "updated": "2022-10-31T16:16:43.297Z"}}, {"model": "main.parametersetplayerpart", "pk": 69, "fields": {"parameter_set_player": 25, "parameter_set_part": 7, "parameter_set_labels": 4, "group": 1, "timestamp": "2022-10-17T15:49:15.753Z", "updated": "2022-10-31T16:16:43.301Z"}}, {"model": "main.parametersetplayerpart", "pk": 70, "fields": {"parameter_set_player": 25, "parameter_set_part": 8, "parameter_set_labels": 5, "group": 2, "timestamp": "2022-10-17T15:49:15.756Z", "updated": "2022-10-31T16:16:43.309Z"}}, {"model": "main.parametersetplayerpart", "pk": 71, "fields": {"parameter_set_player": 26, "parameter_set_part": 6, "parameter_set_labels": 5, "group": 1, "timestamp": "2022-10-17T15:49:15.776Z", "updated": "2022-10-31T16:16:43.327Z"}}, {"model": "main.parametersetplayerpart", "pk": 72, "fields": {"parameter_set_player": 26, "parameter_set_part": 7, "parameter_set_labels": 6, "group": 1, "timestamp": "2022-10-17T15:49:15.780Z", "updated": "2022-10-31T16:16:43.331Z"}}, {"model": "main.parametersetplayerpart", "pk": 73, "fields": {"parameter_set_player": 26, "parameter_set_part": 8, "parameter_set_labels": 5, "group": 3, "timestamp": "2022-10-17T15:49:15.784Z", "updated": "2022-10-31T16:16:43.335Z"}}, {"model": "main.parametersetplayerpart", "pk": 80, "fields": {"parameter_set_player": 24, "parameter_set_part": 8, "parameter_set_labels": null, "group": 0, "timestamp": "2022-10-31T16:05:50.731Z", "updated": "2022-10-31T16:16:43.282Z"}}, {"model": "main.session", "pk": 1, "fields": {"parameter_set": 2, "creator": 1, "current_session_part": 19, "title": "1", "start_date": "2022-10-20", "current_experiment_phase": "Run", "channel_key": "aa34c25b-825a-4c00-a175-f6422652ee68", "session_key": "0c31039e-4a92-4dcd-9a3c-1e589671e6cc", "started": true, "time_remaining": 60, "timer_running": false, "finished": false, "shared": false, "locked": false, "invitation_text": "", "invitation_subject": "", "soft_delete": false, "timestamp": "2022-10-09T22:05:53.627Z", "updated": "2022-10-20T15:42:40.708Z", "collaborators": []}}, {"model": "main.session", "pk": 2, "fields": {"parameter_set": 3, "creator": 1, "current_session_part": null, "title": "Test Small", "start_date": "2022-10-26", "current_experiment_phase": "Run", "channel_key": "c4d1f39e-df2e-48fe-901c-c3b06cd136c8", "session_key": "08a61a78-9b34-4b03-846a-f0d61782d71d", "started": false, "time_remaining": 60, "timer_running": false, "finished": false, "shared": false, "locked": false, "invitation_text": "", "invitation_subject": "", "soft_delete": false, "timestamp": "2022-10-13T18:26:03.956Z", "updated": "2022-10-31T14:55:46.630Z", "collaborators": [1]}}, {"model": "main.sessionpart", "pk": 19, "fields": {"session": 1, "parameter_set_part": 1, "current_session_part_period": 361, "show_results": false, "timestamp": "2022-10-20T15:42:38.179Z", "updated": "2022-10-20T15:42:38.191Z"}}, {"model": "main.sessionpart", "pk": 20, "fields": {"session": 1, "parameter_set_part": 2, "current_session_part_period": 381, "show_results": false, "timestamp": "2022-10-20T15:42:38.179Z", "updated": "2022-10-20T15:42:38.200Z"}}, {"model": "main.sessionpart", "pk": 21, "fields": {"session": 1, "parameter_set_part": 3, "current_session_part_period": 401, "show_results": false, "timestamp": "2022-10-20T15:42:38.179Z", "updated": "2022-10-20T15:42:38.209Z"}}, {"model": "main.sessionpartperiod", "pk": 361, "fields": {"session_part": 19, "parameter_set_part_period": 1, "paid": false, "timestamp": "2022-10-20T15:42:38.184Z", "updated": "2022-10-20T15:42:38.184Z"}}, {"model": "main.sessionpartperiod", "pk": 362, "fields": {"session_part": 19, "parameter_set_part_period": 2, "paid": false, "timestamp": "2022-10-20T15:42:38.184Z", "updated": "2022-10-20T15:42:38.184Z"}}, {"model": "main.sessionpartperiod", "pk": 363, "fields": {"session_part": 19, "parameter_set_part_period": 3, "paid": false, "timestamp": "2022-10-20T15:42:38.185Z", "updated": "2022-10-20T15:42:38.185Z"}}, {"model": "main.sessionpartperiod", "pk": 364, "fields": {"session_part": 19, "parameter_set_part_period": 4, "paid": false, "timestamp": "2022-10-20T15:42:38.185Z", "updated": "2022-10-20T15:42:38.185Z"}}, {"model": "main.sessionpartperiod", "pk": 365, "fields": {"session_part": 19, "parameter_set_part_period": 5, "paid": false, "timestamp": "2022-10-20T15:42:38.185Z", "updated": "2022-10-20T15:42:38.185Z"}}, {"model": "main.sessionpartperiod", "pk": 366, "fields": {"session_part": 19, "parameter_set_part_period": 6, "paid": false, "timestamp": "2022-10-20T15:42:38.185Z", "updated": "2022-10-20T15:42:38.185Z"}}, {"model": "main.sessionpartperiod", "pk": 367, "fields": {"session_part": 19, "parameter_set_part_period": 7, "paid": false, "timestamp": "2022-10-20T15:42:38.185Z", "updated": "2022-10-20T15:42:38.185Z"}}, {"model": "main.sessionpartperiod", "pk": 368, "fields": {"session_part": 19, "parameter_set_part_period": 8, "paid": false, "timestamp": "2022-10-20T15:42:38.185Z", "updated": "2022-10-20T15:42:38.185Z"}}, {"model": "main.sessionpartperiod", "pk": 369, "fields": {"session_part": 19, "parameter_set_part_period": 9, "paid": false, "timestamp": "2022-10-20T15:42:38.185Z", "updated": "2022-10-20T15:42:38.185Z"}}, {"model": "main.sessionpartperiod", "pk": 370, "fields": {"session_part": 19, "parameter_set_part_period": 10, "paid": false, "timestamp": "2022-10-20T15:42:38.185Z", "updated": "2022-10-20T15:42:38.185Z"}}, {"model": "main.sessionpartperiod", "pk": 371, "fields": {"session_part": 19, "parameter_set_part_period": 11, "paid": false, "timestamp": "2022-10-20T15:42:38.185Z", "updated": "2022-10-20T15:42:38.185Z"}}, {"model": "main.sessionpartperiod", "pk": 372, "fields": {"session_part": 19, "parameter_set_part_period": 12, "paid": false, "timestamp": "2022-10-20T15:42:38.185Z", "updated": "2022-10-20T15:42:38.185Z"}}, {"model": "main.sessionpartperiod", "pk": 373, "fields": {"session_part": 19, "parameter_set_part_period": 13, "paid": false, "timestamp": "2022-10-20T15:42:38.185Z", "updated": "2022-10-20T15:42:38.185Z"}}, {"model": "main.sessionpartperiod", "pk": 374, "fields": {"session_part": 19, "parameter_set_part_period": 14, "paid": false, "timestamp": "2022-10-20T15:42:38.185Z", "updated": "2022-10-20T15:42:38.185Z"}}, {"model": "main.sessionpartperiod", "pk": 375, "fields": {"session_part": 19, "parameter_set_part_period": 15, "paid": false, "timestamp": "2022-10-20T15:42:38.185Z", "updated": "2022-10-20T15:42:38.185Z"}}, {"model": "main.sessionpartperiod", "pk": 376, "fields": {"session_part": 19, "parameter_set_part_period": 16, "paid": false, "timestamp": "2022-10-20T15:42:38.185Z", "updated": "2022-10-20T15:42:38.185Z"}}, {"model": "main.sessionpartperiod", "pk": 377, "fields": {"session_part": 19, "parameter_set_part_period": 17, "paid": false, "timestamp": "2022-10-20T15:42:38.185Z", "updated": "2022-10-20T15:42:38.185Z"}}, {"model": "main.sessionpartperiod", "pk": 378, "fields": {"session_part": 19, "parameter_set_part_period": 18, "paid": false, "timestamp": "2022-10-20T15:42:38.185Z", "updated": "2022-10-20T15:42:38.185Z"}}, {"model": "main.sessionpartperiod", "pk": 379, "fields": {"session_part": 19, "parameter_set_part_period": 19, "paid": false, "timestamp": "2022-10-20T15:42:38.185Z", "updated": "2022-10-20T15:42:38.185Z"}}, {"model": "main.sessionpartperiod", "pk": 380, "fields": {"session_part": 19, "parameter_set_part_period": 20, "paid": false, "timestamp": "2022-10-20T15:42:38.185Z", "updated": "2022-10-20T15:42:38.185Z"}}, {"model": "main.sessionpartperiod", "pk": 381, "fields": {"session_part": 20, "parameter_set_part_period": 21, "paid": false, "timestamp": "2022-10-20T15:42:38.196Z", "updated": "2022-10-20T15:42:38.196Z"}}, {"model": "main.sessionpartperiod", "pk": 382, "fields": {"session_part": 20, "parameter_set_part_period": 22, "paid": false, "timestamp": "2022-10-20T15:42:38.196Z", "updated": "2022-10-20T15:42:38.196Z"}}, {"model": "main.sessionpartperiod", "pk": 383, "fields": {"session_part": 20, "parameter_set_part_period": 23, "paid": false, "timestamp": "2022-10-20T15:42:38.196Z", "updated": "2022-10-20T15:42:38.196Z"}}, {"model": "main.sessionpartperiod", "pk": 384, "fields": {"session_part": 20, "parameter_set_part_period": 24, "paid": false, "timestamp": "2022-10-20T15:42:38.196Z", "updated": "2022-10-20T15:42:38.196Z"}}, {"model": "main.sessionpartperiod", "pk": 385, "fields": {"session_part": 20, "parameter_set_part_period": 25, "paid": false, "timestamp": "2022-10-20T15:42:38.196Z", "updated": "2022-10-20T15:42:38.196Z"}}, {"model": "main.sessionpartperiod", "pk": 386, "fields": {"session_part": 20, "parameter_set_part_period": 26, "paid": false, "timestamp": "2022-10-20T15:42:38.196Z", "updated": "2022-10-20T15:42:38.197Z"}}, {"model": "main.sessionpartperiod", "pk": 387, "fields": {"session_part": 20, "parameter_set_part_period": 27, "paid": false, "timestamp": "2022-10-20T15:42:38.197Z", "updated": "2022-10-20T15:42:38.197Z"}}, {"model": "main.sessionpartperiod", "pk": 388, "fields": {"session_part": 20, "parameter_set_part_period": 28, "paid": false, "timestamp": "2022-10-20T15:42:38.197Z", "updated": "2022-10-20T15:42:38.197Z"}}, {"model": "main.sessionpartperiod", "pk": 389, "fields": {"session_part": 20, "parameter_set_part_period": 29, "paid": false, "timestamp": "2022-10-20T15:42:38.197Z", "updated": "2022-10-20T15:42:38.197Z"}}, {"model": "main.sessionpartperiod", "pk": 390, "fields": {"session_part": 20, "parameter_set_part_period": 30, "paid": false, "timestamp": "2022-10-20T15:42:38.197Z", "updated": "2022-10-20T15:42:38.197Z"}}, {"model": "main.sessionpartperiod", "pk": 391, "fields": {"session_part": 20, "parameter_set_part_period": 31, "paid": false, "timestamp": "2022-10-20T15:42:38.197Z", "updated": "2022-10-20T15:42:38.197Z"}}, {"model": "main.sessionpartperiod", "pk": 392, "fields": {"session_part": 20, "parameter_set_part_period": 32, "paid": false, "timestamp": "2022-10-20T15:42:38.197Z", "updated": "2022-10-20T15:42:38.197Z"}}, {"model": "main.sessionpartperiod", "pk": 393, "fields": {"session_part": 20, "parameter_set_part_period": 33, "paid": false, "timestamp": "2022-10-20T15:42:38.197Z", "updated": "2022-10-20T15:42:38.197Z"}}, {"model": "main.sessionpartperiod", "pk": 394, "fields": {"session_part": 20, "parameter_set_part_period": 34, "paid": false, "timestamp": "2022-10-20T15:42:38.197Z", "updated": "2022-10-20T15:42:38.197Z"}}, {"model": "main.sessionpartperiod", "pk": 395, "fields": {"session_part": 20, "parameter_set_part_period": 35, "paid": false, "timestamp": "2022-10-20T15:42:38.197Z", "updated": "2022-10-20T15:42:38.197Z"}}, {"model": "main.sessionpartperiod", "pk": 396, "fields": {"session_part": 20, "parameter_set_part_period": 36, "paid": false, "timestamp": "2022-10-20T15:42:38.197Z", "updated": "2022-10-20T15:42:38.197Z"}}, {"model": "main.sessionpartperiod", "pk": 397, "fields": {"session_part": 20, "parameter_set_part_period": 37, "paid": false, "timestamp": "2022-10-20T15:42:38.197Z", "updated": "2022-10-20T15:42:38.197Z"}}, {"model": "main.sessionpartperiod", "pk": 398, "fields": {"session_part": 20, "parameter_set_part_period": 38, "paid": false, "timestamp": "2022-10-20T15:42:38.197Z", "updated": "2022-10-20T15:42:38.197Z"}}, {"model": "main.sessionpartperiod", "pk": 399, "fields": {"session_part": 20, "parameter_set_part_period": 39, "paid": false, "timestamp": "2022-10-20T15:42:38.197Z", "updated": "2022-10-20T15:42:38.197Z"}}, {"model": "main.sessionpartperiod", "pk": 400, "fields": {"session_part": 20, "parameter_set_part_period": 40, "paid": false, "timestamp": "2022-10-20T15:42:38.197Z", "updated": "2022-10-20T15:42:38.197Z"}}, {"model": "main.sessionpartperiod", "pk": 401, "fields": {"session_part": 21, "parameter_set_part_period": 41, "paid": false, "timestamp": "2022-10-20T15:42:38.205Z", "updated": "2022-10-20T15:42:38.205Z"}}, {"model": "main.sessionpartperiod", "pk": 402, "fields": {"session_part": 21, "parameter_set_part_period": 42, "paid": false, "timestamp": "2022-10-20T15:42:38.205Z", "updated": "2022-10-20T15:42:38.205Z"}}, {"model": "main.sessionpartperiod", "pk": 403, "fields": {"session_part": 21, "parameter_set_part_period": 43, "paid": false, "timestamp": "2022-10-20T15:42:38.205Z", "updated": "2022-10-20T15:42:38.205Z"}}, {"model": "main.sessionpartperiod", "pk": 404, "fields": {"session_part": 21, "parameter_set_part_period": 44, "paid": false, "timestamp": "2022-10-20T15:42:38.205Z", "updated": "2022-10-20T15:42:38.205Z"}}, {"model": "main.sessionpartperiod", "pk": 405, "fields": {"session_part": 21, "parameter_set_part_period": 45, "paid": false, "timestamp": "2022-10-20T15:42:38.205Z", "updated": "2022-10-20T15:42:38.205Z"}}, {"model": "main.sessionpartperiod", "pk": 406, "fields": {"session_part": 21, "parameter_set_part_period": 46, "paid": false, "timestamp": "2022-10-20T15:42:38.205Z", "updated": "2022-10-20T15:42:38.205Z"}}, {"model": "main.sessionpartperiod", "pk": 407, "fields": {"session_part": 21, "parameter_set_part_period": 47, "paid": false, "timestamp": "2022-10-20T15:42:38.205Z", "updated": "2022-10-20T15:42:38.205Z"}}, {"model": "main.sessionpartperiod", "pk": 408, "fields": {"session_part": 21, "parameter_set_part_period": 48, "paid": false, "timestamp": "2022-10-20T15:42:38.205Z", "updated": "2022-10-20T15:42:38.205Z"}}, {"model": "main.sessionpartperiod", "pk": 409, "fields": {"session_part": 21, "parameter_set_part_period": 49, "paid": false, "timestamp": "2022-10-20T15:42:38.205Z", "updated": "2022-10-20T15:42:38.205Z"}}, {"model": "main.sessionpartperiod", "pk": 410, "fields": {"session_part": 21, "parameter_set_part_period": 50, "paid": false, "timestamp": "2022-10-20T15:42:38.205Z", "updated": "2022-10-20T15:42:38.205Z"}}, {"model": "main.sessionpartperiod", "pk": 411, "fields": {"session_part": 21, "parameter_set_part_period": 51, "paid": false, "timestamp": "2022-10-20T15:42:38.205Z", "updated": "2022-10-20T15:42:38.205Z"}}, {"model": "main.sessionpartperiod", "pk": 412, "fields": {"session_part": 21, "parameter_set_part_period": 52, "paid": false, "timestamp": "2022-10-20T15:42:38.205Z", "updated": "2022-10-20T15:42:38.205Z"}}, {"model": "main.sessionpartperiod", "pk": 413, "fields": {"session_part": 21, "parameter_set_part_period": 53, "paid": false, "timestamp": "2022-10-20T15:42:38.205Z", "updated": "2022-10-20T15:42:38.205Z"}}, {"model": "main.sessionpartperiod", "pk": 414, "fields": {"session_part": 21, "parameter_set_part_period": 54, "paid": false, "timestamp": "2022-10-20T15:42:38.205Z", "updated": "2022-10-20T15:42:38.205Z"}}, {"model": "main.sessionpartperiod", "pk": 415, "fields": {"session_part": 21, "parameter_set_part_period": 55, "paid": false, "timestamp": "2022-10-20T15:42:38.205Z", "updated": "2022-10-20T15:42:38.205Z"}}, {"model": "main.sessionpartperiod", "pk": 416, "fields": {"session_part": 21, "parameter_set_part_period": 56, "paid": false, "timestamp": "2022-10-20T15:42:38.205Z", "updated": "2022-10-20T15:42:38.205Z"}}, {"model": "main.sessionpartperiod", "pk": 417, "fields": {"session_part": 21, "parameter_set_part_period": 57, "paid": false, "timestamp": "2022-10-20T15:42:38.205Z", "updated": "2022-10-20T15:42:38.205Z"}}, {"model": "main.sessionpartperiod", "pk": 418, "fields": {"session_part": 21, "parameter_set_part_period": 58, "paid": false, "timestamp": "2022-10-20T15:42:38.205Z", "updated": "2022-10-20T15:42:38.205Z"}}, {"model": "main.sessionpartperiod", "pk": 419, "fields": {"session_part": 21, "parameter_set_part_period": 59, "paid": false, "timestamp": "2022-10-20T15:42:38.205Z", "updated": "2022-10-20T15:42:38.205Z"}}, {"model": "main.sessionpartperiod", "pk": 420, "fields": {"session_part": 21, "parameter_set_part_period": 60, "paid": false, "timestamp": "2022-10-20T15:42:38.205Z", "updated": "2022-10-20T15:42:38.205Z"}}, {"model": "main.sessionplayer", "pk": 114, "fields": {"session": 1, "parameter_set_player": 19, "player_number": 1, "player_key": "45029bb7-1e96-4341-bd78-3979362f8d79", "connecting": false, "connected_count": 194, "name": "", "student_id": "", "email": null, "earnings": 0, "name_submitted": false, "timestamp": "2022-10-17T15:40:06.109Z", "updated": "2022-10-21T00:56:22.646Z"}}, {"model": "main.sessionplayer", "pk": 115, "fields": {"session": 1, "parameter_set_player": 23, "player_number": 2, "player_key": "2e9bc883-ef20-435f-903d-506f66ed7fb1", "connecting": false, "connected_count": 0, "name": "", "student_id": "", "email": null, "earnings": 0, "name_submitted": false, "timestamp": "2022-10-17T15:40:06.114Z", "updated": "2022-10-20T15:42:38.445Z"}}, {"model": "main.sessionplayer", "pk": 116, "fields": {"session": 1, "parameter_set_player": 22, "player_number": 3, "player_key": "7ebb5974-f355-46c8-8da8-ab6e5071214f", "connecting": false, "connected_count": 0, "name": "", "student_id": "", "email": null, "earnings": 0, "name_submitted": false, "timestamp": "2022-10-17T15:40:06.118Z", "updated": "2022-10-20T15:42:38.695Z"}}, {"model": "main.sessionplayer", "pk": 117, "fields": {"session": 1, "parameter_set_player": 21, "player_number": 4, "player_key": "b999575d-c50c-433e-8bac-548d5ff0f839", "connecting": false, "connected_count": 0, "name": "", "student_id": "", "email": null, "earnings": 0, "name_submitted": false, "timestamp": "2022-10-17T15:40:06.122Z", "updated": "2022-10-20T15:42:38.927Z"}}, {"model": "main.sessionplayer", "pk": 118, "fields": {"session": 1, "parameter_set_player": 20, "player_number": 5, "player_key": "20829ea7-eb9d-4842-84a2-77e9fade1a2a", "connecting": false, "connected_count": 0, "name": "", "student_id": "", "email": null, "earnings": 0, "name_submitted": false, "timestamp": "2022-10-17T15:40:06.127Z", "updated": "2022-10-20T15:42:39.125Z"}}, {"model": "main.sessionplayer", "pk": 119, "fields": {"session": 1, "parameter_set_player": 11, "player_number": 6, "player_key": "ba5f2592-9fe7-4e1e-bb65-eb63c0dea886", "connecting": false, "connected_count": 0, "name": "", "student_id": "", "email": null, "earnings": 0, "name_submitted": false, "timestamp": "2022-10-17T15:40:06.132Z", "updated": "2022-10-20T15:42:39.313Z"}}, {"model": "main.sessionplayer", "pk": 120, "fields": {"session": 1, "parameter_set_player": 5, "player_number": 7, "player_key": "c1335d19-07f2-451f-9fd1-35faf783fff1", "connecting": false, "connected_count": 0, "name": "", "student_id": "", "email": null, "earnings": 0, "name_submitted": false, "timestamp": "2022-10-17T15:40:06.136Z", "updated": "2022-10-20T15:42:39.515Z"}}, {"model": "main.sessionplayer", "pk": 121, "fields": {"session": 1, "parameter_set_player": 6, "player_number": 8, "player_key": "f884495c-5164-4caf-9671-3c81074af01d", "connecting": false, "connected_count": 0, "name": "", "student_id": "", "email": null, "earnings": 0, "name_submitted": false, "timestamp": "2022-10-17T15:40:06.141Z", "updated": "2022-10-20T15:42:39.722Z"}}, {"model": "main.sessionplayer", "pk": 122, "fields": {"session": 1, "parameter_set_player": 1, "player_number": 9, "player_key": "72e6e31b-7271-43d7-90cd-1ee21bf1a3f6", "connecting": false, "connected_count": 0, "name": "", "student_id": "", "email": null, "earnings": 0, "name_submitted": false, "timestamp": "2022-10-17T15:40:06.145Z", "updated": "2022-10-20T15:42:39.938Z"}}, {"model": "main.sessionplayer", "pk": 123, "fields": {"session": 1, "parameter_set_player": 2, "player_number": 10, "player_key": "e52208af-5b05-4e8c-8a31-8e33af0e9566", "connecting": false, "connected_count": 0, "name": "", "student_id": "", "email": null, "earnings": 0, "name_submitted": false, "timestamp": "2022-10-17T15:40:06.149Z", "updated": "2022-10-20T15:42:40.144Z"}}, {"model": "main.sessionplayer", "pk": 124, "fields": {"session": 1, "parameter_set_player": 3, "player_number": 11, "player_key": "68c8dfcd-a7c0-4220-96b0-b4505096e8e9", "connecting": false, "connected_count": 0, "name": "", "student_id": "", "email": null, "earnings": 0, "name_submitted": false, "timestamp": "2022-10-17T15:40:06.153Z", "updated": "2022-10-20T15:42:40.335Z"}}, {"model": "main.sessionplayer", "pk": 125, "fields": {"session": 1, "parameter_set_player": 4, "player_number": 12, "player_key": "3ef584fe-1b2d-4572-a72a-bdf60c971606", "connecting": false, "connected_count": 0, "name": "", "student_id": "", "email": null, "earnings": 0, "name_submitted": false, "timestamp": "2022-10-17T15:40:06.158Z", "updated": "2022-10-20T15:42:40.527Z"}}, {"model": "main.sessionplayer", "pk": 162, "fields": {"session": 2, "parameter_set_player": 24, "player_number": 1, "player_key": "d83531bc-ea1e-4386-a52e-6df329f241c7", "connecting": false, "connected_count": 35, "name": "", "student_id": "", "email": null, "earnings": 0, "name_submitted": false, "timestamp": "2022-10-24T15:37:43.339Z", "updated": "2022-10-31T14:55:46.648Z"}}, {"model": "main.sessionplayer", "pk": 163, "fields": {"session": 2, "parameter_set_player": 25, "player_number": 2, "player_key": "791c0c8e-7478-48d9-a6f9-12562e9e81b8", "connecting": false, "connected_count": 12, "name": "", "student_id": "", "email": null, "earnings": 0, "name_submitted": false, "timestamp": "2022-10-24T15:37:43.343Z", "updated": "2022-10-31T14:55:46.663Z"}}, {"model": "main.sessionplayer", "pk": 164, "fields": {"session": 2, "parameter_set_player": 26, "player_number": 3, "player_key": "36a66adf-c898-48ee-911b-a84341f0b384", "connecting": false, "connected_count": 12, "name": "", "student_id": "", "email": null, "earnings": 0, "name_submitted": false, "timestamp": "2022-10-24T15:37:43.348Z", "updated": "2022-10-31T14:55:46.677Z"}}, {"model": "main.sessionplayerpart", "pk": 76, "fields": {"session_part": 19, "session_player": 114, "parameter_set_player_part": 50, "earnings": 0, "results_complete": false, "current_instruction": 0, "current_instruction_complete": 0, "instructions_finished": false, "timestamp": "2022-10-20T15:42:38.231Z", "updated": "2022-10-20T15:42:38.231Z"}}, {"model": "main.sessionplayerpart", "pk": 77, "fields": {"session_part": 20, "session_player": 114, "parameter_set_player_part": 51, "earnings": 0, "results_complete": false, "current_instruction": 0, "current_instruction_complete": 0, "instructions_finished": false, "timestamp": "2022-10-20T15:42:38.231Z", "updated": "2022-10-20T15:42:38.231Z"}}, {"model": "main.sessionplayerpart", "pk": 78, "fields": {"session_part": 21, "session_player": 114, "parameter_set_player_part": 52, "earnings": 0, "results_complete": false, "current_instruction": 0, "current_instruction_complete": 0, "instructions_finished": false, "timestamp": "2022-10-20T15:42:38.231Z", "updated": "2022-10-20T15:42:38.231Z"}}, {"model": "main.sessionplayerpart", "pk": 79, "fields": {"session_part": 19, "session_player": 115, "parameter_set_player_part": 53, "earnings": 0, "results_complete": false, "current_instruction": 0, "current_instruction_complete": 0, "instructions_finished": false, "timestamp": "2022-10-20T15:42:38.457Z", "updated": "2022-10-20T15:42:38.457Z"}}, {"model": "main.sessionplayerpart", "pk": 80, "fields": {"session_part": 20, "session_player": 115, "parameter_set_player_part": 54, "earnings": 0, "results_complete": false, "current_instruction": 0, "current_instruction_complete": 0, "instructions_finished": false, "timestamp": "2022-10-20T15:42:38.457Z", "updated": "2022-10-20T15:42:38.457Z"}}, {"model": "main.sessionplayerpart", "pk": 81, "fields": {"session_part": 21, "session_player": 115, "parameter_set_player_part": 55, "earnings": 0, "results_complete": false, "current_instruction": 0, "current_instruction_complete": 0, "instructions_finished": false, "timestamp": "2022-10-20T15:42:38.457Z", "updated": "2022-10-20T15:42:38.457Z"}}, {"model": "main.sessionplayerpart", "pk": 82, "fields": {"session_part": 19, "session_player": 116, "parameter_set_player_part": 56, "earnings": 0, "results_complete": false, "current_instruction": 0, "current_instruction_complete": 0, "instructions_finished": false, "timestamp": "2022-10-20T15:42:38.705Z", "updated": "2022-10-20T15:42:38.705Z"}}, {"model": "main.sessionplayerpart", "pk": 83, "fields": {"session_part": 20, "session_player": 116, "parameter_set_player_part": 57, "earnings": 0, "results_complete": false, "current_instruction": 0, "current_instruction_complete": 0, "instructions_finished": false, "timestamp": "2022-10-20T15:42:38.705Z", "updated": "2022-10-20T15:42:38.705Z"}}, {"model": "main.sessionplayerpart", "pk": 84, "fields": {"session_part": 21, "session_player": 116, "parameter_set_player_part": 58, "earnings": 0, "results_complete": false, "current_instruction": 0, "current_instruction_complete": 0, "instructions_finished": false, "timestamp": "2022-10-20T15:42:38.705Z", "updated": "2022-10-20T15:42:38.705Z"}}, {"model": "main.sessionplayerpart", "pk": 85, "fields": {"session_part": 19, "session_player": 117, "parameter_set_player_part": 59, "earnings": 0, "results_complete": false, "current_instruction": 0, "current_instruction_complete": 0, "instructions_finished": false, "timestamp": "2022-10-20T15:42:38.938Z", "updated": "2022-10-20T15:42:38.938Z"}}, {"model": "main.sessionplayerpart", "pk": 86, "fields": {"session_part": 20, "session_player": 117, "parameter_set_player_part": 60, "earnings": 0, "results_complete": false, "current_instruction": 0, "current_instruction_complete": 0, "instructions_finished": false, "timestamp": "2022-10-20T15:42:38.938Z", "updated": "2022-10-20T15:42:38.938Z"}}, {"model": "main.sessionplayerpart", "pk": 87, "fields": {"session_part": 21, "session_player": 117, "parameter_set_player_part": 61, "earnings": 0, "results_complete": false, "current_instruction": 0, "current_instruction_complete": 0, "instructions_finished": false, "timestamp": "2022-10-20T15:42:38.938Z", "updated": "2022-10-20T15:42:38.938Z"}}, {"model": "main.sessionplayerpart", "pk": 88, "fields": {"session_part": 19, "session_player": 118, "parameter_set_player_part": 62, "earnings": 0, "results_complete": false, "current_instruction": 0, "current_instruction_complete": 0, "instructions_finished": false, "timestamp": "2022-10-20T15:42:39.135Z", "updated": "2022-10-20T15:42:39.135Z"}}, {"model": "main.sessionplayerpart", "pk": 89, "fields": {"session_part": 20, "session_player": 118, "parameter_set_player_part": 63, "earnings": 0, "results_complete": false, "current_instruction": 0, "current_instruction_complete": 0, "instructions_finished": false, "timestamp": "2022-10-20T15:42:39.135Z", "updated": "2022-10-20T15:42:39.135Z"}}, {"model": "main.sessionplayerpart", "pk": 90, "fields": {"session_part": 21, "session_player": 118, "parameter_set_player_part": 64, "earnings": 0, "results_complete": false, "current_instruction": 0, "current_instruction_complete": 0, "instructions_finished": false, "timestamp": "2022-10-20T15:42:39.135Z", "updated": "2022-10-20T15:42:39.135Z"}}, {"model": "main.sessionplayerpart", "pk": 91, "fields": {"session_part": 19, "session_player": 119, "parameter_set_player_part": 21, "earnings": 0, "results_complete": false, "current_instruction": 0, "current_instruction_complete": 0, "instructions_finished": false, "timestamp": "2022-10-20T15:42:39.327Z", "updated": "2022-10-20T15:42:39.327Z"}}, {"model": "main.sessionplayerpart", "pk": 92, "fields": {"session_part": 20, "session_player": 119, "parameter_set_player_part": 20, "earnings": 0, "results_complete": false, "current_instruction": 0, "current_instruction_complete": 0, "instructions_finished": false, "timestamp": "2022-10-20T15:42:39.327Z", "updated": "2022-10-20T15:42:39.327Z"}}, {"model": "main.sessionplayerpart", "pk": 93, "fields": {"session_part": 21, "session_player": 119, "parameter_set_player_part": 19, "earnings": 0, "results_complete": false, "current_instruction": 0, "current_instruction_complete": 0, "instructions_finished": false, "timestamp": "2022-10-20T15:42:39.327Z", "updated": "2022-10-20T15:42:39.327Z"}}, {"model": "main.sessionplayerpart", "pk": 94, "fields": {"session_part": 19, "session_player": 120, "parameter_set_player_part": 15, "earnings": 0, "results_complete": false, "current_instruction": 0, "current_instruction_complete": 0, "instructions_finished": false, "timestamp": "2022-10-20T15:42:39.526Z", "updated": "2022-10-20T15:42:39.526Z"}}, {"model": "main.sessionplayerpart", "pk": 95, "fields": {"session_part": 20, "session_player": 120, "parameter_set_player_part": 14, "earnings": 0, "results_complete": false, "current_instruction": 0, "current_instruction_complete": 0, "instructions_finished": false, "timestamp": "2022-10-20T15:42:39.526Z", "updated": "2022-10-20T15:42:39.526Z"}}, {"model": "main.sessionplayerpart", "pk": 96, "fields": {"session_part": 21, "session_player": 120, "parameter_set_player_part": 13, "earnings": 0, "results_complete": false, "current_instruction": 0, "current_instruction_complete": 0, "instructions_finished": false, "timestamp": "2022-10-20T15:42:39.526Z", "updated": "2022-10-20T15:42:39.526Z"}}, {"model": "main.sessionplayerpart", "pk": 97, "fields": {"session_part": 19, "session_player": 121, "parameter_set_player_part": 18, "earnings": 0, "results_complete": false, "current_instruction": 0, "current_instruction_complete": 0, "instructions_finished": false, "timestamp": "2022-10-20T15:42:39.732Z", "updated": "2022-10-20T15:42:39.732Z"}}, {"model": "main.sessionplayerpart", "pk": 98, "fields": {"session_part": 20, "session_player": 121, "parameter_set_player_part": 17, "earnings": 0, "results_complete": false, "current_instruction": 0, "current_instruction_complete": 0, "instructions_finished": false, "timestamp": "2022-10-20T15:42:39.732Z", "updated": "2022-10-20T15:42:39.732Z"}}, {"model": "main.sessionplayerpart", "pk": 99, "fields": {"session_part": 21, "session_player": 121, "parameter_set_player_part": 16, "earnings": 0, "results_complete": false, "current_instruction": 0, "current_instruction_complete": 0, "instructions_finished": false, "timestamp": "2022-10-20T15:42:39.732Z", "updated": "2022-10-20T15:42:39.732Z"}}, {"model": "main.sessionplayerpart", "pk": 100, "fields": {"session_part": 19, "session_player": 122, "parameter_set_player_part": 3, "earnings": 0, "results_complete": false, "current_instruction": 0, "current_instruction_complete": 0, "instructions_finished": false, "timestamp": "2022-10-20T15:42:39.953Z", "updated": "2022-10-20T15:42:39.953Z"}}, {"model": "main.sessionplayerpart", "pk": 101, "fields": {"session_part": 20, "session_player": 122, "parameter_set_player_part": 2, "earnings": 0, "results_complete": false, "current_instruction": 0, "current_instruction_complete": 0, "instructions_finished": false, "timestamp": "2022-10-20T15:42:39.953Z", "updated": "2022-10-20T15:42:39.953Z"}}, {"model": "main.sessionplayerpart", "pk": 102, "fields": {"session_part": 21, "session_player": 122, "parameter_set_player_part": 1, "earnings": 0, "results_complete": false, "current_instruction": 0, "current_instruction_complete": 0, "instructions_finished": false, "timestamp": "2022-10-20T15:42:39.953Z", "updated": "2022-10-20T15:42:39.953Z"}}, {"model": "main.sessionplayerpart", "pk": 103, "fields": {"session_part": 19, "session_player": 123, "parameter_set_player_part": 6, "earnings": 0, "results_complete": false, "current_instruction": 0, "current_instruction_complete": 0, "instructions_finished": false, "timestamp": "2022-10-20T15:42:40.155Z", "updated": "2022-10-20T15:42:40.155Z"}}, {"model": "main.sessionplayerpart", "pk": 104, "fields": {"session_part": 20, "session_player": 123, "parameter_set_player_part": 5, "earnings": 0, "results_complete": false, "current_instruction": 0, "current_instruction_complete": 0, "instructions_finished": false, "timestamp": "2022-10-20T15:42:40.155Z", "updated": "2022-10-20T15:42:40.155Z"}}, {"model": "main.sessionplayerpart", "pk": 105, "fields": {"session_part": 21, "session_player": 123, "parameter_set_player_part": 4, "earnings": 0, "results_complete": false, "current_instruction": 0, "current_instruction_complete": 0, "instructions_finished": false, "timestamp": "2022-10-20T15:42:40.155Z", "updated": "2022-10-20T15:42:40.155Z"}}, {"model": "main.sessionplayerpart", "pk": 106, "fields": {"session_part": 19, "session_player": 124, "parameter_set_player_part": 9, "earnings": 0, "results_complete": false, "current_instruction": 0, "current_instruction_complete": 0, "instructions_finished": false, "timestamp": "2022-10-20T15:42:40.345Z", "updated": "2022-10-20T15:42:40.345Z"}}, {"model": "main.sessionplayerpart", "pk": 107, "fields": {"session_part": 20, "session_player": 124, "parameter_set_player_part": 8, "earnings": 0, "results_complete": false, "current_instruction": 0, "current_instruction_complete": 0, "instructions_finished": false, "timestamp": "2022-10-20T15:42:40.345Z", "updated": "2022-10-20T15:42:40.345Z"}}, {"model": "main.sessionplayerpart", "pk": 108, "fields": {"session_part": 21, "session_player": 124, "parameter_set_player_part": 7, "earnings": 0, "results_complete": false, "current_instruction": 0, "current_instruction_complete": 0, "instructions_finished": false, "timestamp": "2022-10-20T15:42:40.345Z", "updated": "2022-10-20T15:42:40.345Z"}}, {"model": "main.sessionplayerpart", "pk": 109, "fields": {"session_part": 19, "session_player": 125, "parameter_set_player_part": 12, "earnings": 0, "results_complete": false, "current_instruction": 0, "current_instruction_complete": 0, "instructions_finished": false, "timestamp": "2022-10-20T15:42:40.537Z", "updated": "2022-10-20T15:42:40.537Z"}}, {"model": "main.sessionplayerpart", "pk": 110, "fields": {"session_part": 20, "session_player": 125, "parameter_set_player_part": 11, "earnings": 0, "results_complete": false, "current_instruction": 0, "current_instruction_complete": 0, "instructions_finished": false, "timestamp": "2022-10-20T15:42:40.537Z", "updated": "2022-10-20T15:42:40.537Z"}}, {"model": "main.sessionplayerpart", "pk": 111, "fields": {"session_part": 21, "session_player": 125, "parameter_set_player_part": 10, "earnings": 0, "results_complete": false, "current_instruction": 0, "current_instruction_complete": 0, "instructions_finished": false, "timestamp": "2022-10-20T15:42:40.537Z", "updated": "2022-10-20T15:42:40.537Z"}}, {"model": "main.sessionplayerpartperiod", "pk": 1441, "fields": {"session_player_part": 76, "parameter_set_labels_period": 1, "choice": null, "session_part_period": 361, "majority_choice": null, "timestamp": "2022-10-20T15:42:38.303Z", "updated": "2022-10-20T15:42:38.303Z"}}, {"model": "main.sessionplayerpartperiod", "pk": 1442, "fields": {"session_player_part": 76, "parameter_set_labels_period": 2, "choice": null, "session_part_period": 362, "majority_choice": null, "timestamp": "2022-10-20T15:42:38.303Z", "updated": "2022-10-20T15:42:38.303Z"}}, {"model": "main.sessionplayerpartperiod", "pk": 1443, "fields": {"session_player_part": 76, "parameter_set_labels_period": 3, "choice": null, "session_part_period": 363, "majority_choice": null, "timestamp": "2022-10-20T15:42:38.303Z", "updated": "2022-10-20T15:42:38.303Z"}}, {"model": "main.sessionplayerpartperiod", "pk": 1444, "fields": {"session_player_part": 76, "parameter_set_labels_period": 4, "choice": null, "session_part_period": 364, "majority_choice": null, "timestamp": "2022-10-20T15:42:38.303Z", "updated": "2022-10-20T15:42:38.303Z"}}, {"model": "main.sessionplayerpartperiod", "pk": 1445, "fields": {"session_player_part": 76, "parameter_set_labels_period": 5, "choice": null, "session_part_period": 365, "majority_choice": null, "timestamp": "2022-10-20T15:42:38.303Z", "updated": "2022-10-20T15:42:38.303Z"}}, {"model": "main.sessionplayerpartperiod", "pk": 1446, "fields": {"session_player_part": 76, "parameter_set_labels_period": 6, "choice": null, "session_part_period": 366, "majority_choice": null, "timestamp": "2022-10-20T15:42:38.303Z", "updated": "2022-10-20T15:42:38.303Z"}}, {"model": "main.sessionplayerpartperiod", "pk": 1447, "fields": {"session_player_part": 76, "parameter_set_labels_period": 7, "choice": null, "session_part_period": 367, "majority_choice": null, "timestamp": "2022-10-20T15:42:38.303Z", "updated": "2022-10-20T15:42:38.303Z"}}, {"model": "main.sessionplayerpartperiod", "pk": 1448, "fields": {"session_player_part": 76, "parameter_set_labels_period": 8, "choice": null, "session_part_period": 368, "majority_choice": null, "timestamp": "2022-10-20T15:42:38.303Z", "updated": "2022-10-20T15:42:38.303Z"}}, {"model": "main.sessionplayerpartperiod", "pk": 1449, "fields": {"session_player_part": 76, "parameter_set_labels_period": 9, "choice": null, "session_part_period": 369, "majority_choice": null, "timestamp": "2022-10-20T15:42:38.303Z", "updated": "2022-10-20T15:42:38.303Z"}}, {"model": "main.sessionplayerpartperiod", "pk": 1450, "fields": {"session_player_part": 76, "parameter_set_labels_period": 10, "choice": null, "session_part_period": 370, "majority_choice": null, "timestamp": "2022-10-20T15:42:38.303Z", "updated": "2022-10-20T15:42:38.303Z"}}, {"model": "main.sessionplayerpartperiod", "pk": 1451, "fields": {"session_player_part": 76, "parameter_set_labels_period": 71, "choice": null, "session_part_period": 371, "majority_choice": null, "timestamp": "2022-10-20T15:42:38.303Z", "updated": "2022-10-20T15:42:38.303Z"}}, {"model": "main.sessionplayerpartperiod", "pk": 1452, "fields": {"session_player_part": 76, "parameter_set_labels_period": 72, "choice": null, "session_part_period": 372, "majority_choice": null, "timestamp": "2022-10-20T15:42:38.303Z", "updated": "2022-10-20T15:42:38.303Z"}}, {"model": "main.sessionplayerpartperiod", "pk": 1453, "fields": {"session_player_part": 76, "parameter_set_labels_period": 73, "choice": null, "session_part_period": 373, "majority_choice": null, "timestamp": "2022-10-20T15:42:38.303Z", "updated": "2022-10-20T15:42:38.303Z"}}, {"model": "main.sessionplayerpartperiod", "pk": 1454, "fields": {"session_player_part": 76, "parameter_set_labels_period": 74, "choice": null, "session_part_period": 374, "majority_choice": null, "timestamp": "2022-10-20T15:42:38.303Z", "updated": "2022-10-20T15:42:38.303Z"}}, {"model": "main.sessionplayerpartperiod", "pk": 1455, "fields": {"session_player_part": 76, "parameter_set_labels_period": 75, "choice": null, "session_part_period": 375, "majority_choice": null, "timestamp": "2022-10-20T15:42:38.303Z", "updated": "2022-10-20T15:42:38.303Z"}}, {"model": "main.sessionplayerpartperiod", "pk": 1456, "fields": {"session_player_part": 76, "parameter_set_labels_period": 76, "choice": null, "session_part_period": 376, "majority_choice": null, "timestamp": "2022-10-20T15:42:38.303Z", "updated": "2022-10-20T15:42:38.303Z"}}, {"model": "main.sessionplayerpartperiod", "pk": 1457, "fields": {"session_player_part": 76, "parameter_set_labels_period": 77, "choice": null, "session_part_period": 377, "majority_choice": null, "timestamp": "2022-10-20T15:42:38.303Z", "updated": "2022-10-20T15:42:38.304Z"}}, {"model": "main.sessionplayerpartperiod", "pk": 1458, "fields": {"session_player_part": 76, "parameter_set_labels_period": 78, "choice": null, "session_part_period": 378, "majority_choice": null, "timestamp": "2022-10-20T15:42:38.304Z", "updated": "2022-10-20T15:42:38.304Z"}}, {"model": "main.sessionplayerpartperiod", "pk": 1459, "fields": {"session_player_part": 76, "parameter_set_labels_period": 79, "choice": null, "session_part_period": 379, "majority_choice": null, "timestamp": "2022-10-20T15:42:38.304Z", "updated": "2022-10-20T15:42:38.304Z"}}, {"model": "main.sessionplayerpartperiod", "pk": 1460, "fields": {"session_player_part": 76, "parameter_set_labels_period": 80, "choice": null, "session_part_period": 380, "majority_choice": null, "timestamp": "2022-10-20T15:42:38.304Z", "updated": "2022-10-20T15:42:38.304Z"}}, {"model": "main.sessionplayerpartperiod", "pk": 1461, "fields": {"session_player_part": 77, "parameter_set_labels_period": 11, "choice": null, "session_part_period": 381, "majority_choice": null, "timestamp": "2022-10-20T15:42:38.367Z", "updated": "2022-10-20T15:42:38.367Z"}}, {"model": "main.sessionplayerpartperiod", "pk": 1462, "fields": {"session_player_part": 77, "parameter_set_labels_period": 12, "choice": null, "session_part_period": 382, "majority_choice": null, "timestamp": "2022-10-20T15:42:38.367Z", "updated": "2022-10-20T15:42:38.367Z"}}, {"model": "main.sessionplayerpartperiod", "pk": 1463, "fields": {"session_player_part": 77, "parameter_set_labels_period": 13, "choice": null, "session_part_period": 383, "majority_choice": null, "timestamp": "2022-10-20T15:42:38.367Z", "updated": "2022-10-20T15:42:38.367Z"}}, {"model": "main.sessionplayerpartperiod", "pk": 1464, "fields": {"session_player_part": 77, "parameter_set_labels_period": 14, "choice": null, "session_part_period": 384, "majority_choice": null, "timestamp": "2022-10-20T15:42:38.367Z", "updated": "2022-10-20T15:42:38.367Z"}}, {"model": "main.sessionplayerpartperiod", "pk": 1465, "fields": {"session_player_part": 77, "parameter_set_labels_period": 15, "choice": null, "session_part_period": 385, "majority_choice": null, "timestamp": "2022-10-20T15:42:38.367Z", "updated": "2022-10-20T15:42:38.367Z"}}, {"model": "main.sessionplayerpartperiod", "pk": 1466, "fields": {"session_player_part": 77, "parameter_set_labels_period": 16, "choice": null, "session_part_period": 386, "majority_choice": null, "timestamp": "2022-10-20T15:42:38.367Z", "updated": "2022-10-20T15:42:38.367Z"}}, {"model": "main.sessionplayerpartperiod", "pk": 1467, "fields": {"session_player_part": 77, "parameter_set_labels_period": 17, "choice": null, "session_part_period": 387, "majority_choice": null, "timestamp": "2022-10-20T15:42:38.367Z", "updated": "2022-10-20T15:42:38.367Z"}}, {"model": "main.sessionplayerpartperiod", "pk": 1468, "fields": {"session_player_part": 77, "parameter_set_labels_period": 18, "choice": null, "session_part_period": 388, "majority_choice": null, "timestamp": "2022-10-20T15:42:38.367Z", "updated": "2022-10-20T15:42:38.367Z"}}, {"model": "main.sessionplayerpartperiod", "pk": 1469, "fields": {"session_player_part": 77, "parameter_set_labels_period": 19, "choice": null, "session_part_period": 389, "majority_choice": null, "timestamp": "2022-10-20T15:42:38.367Z", "updated": "2022-10-20T15:42:38.367Z"}}, {"model": "main.sessionplayerpartperiod", "pk": 1470, "fields": {"session_player_part": 77, "parameter_set_labels_period": 20, "choice": null, "session_part_period": 390, "majority_choice": null, "timestamp": "2022-10-20T15:42:38.367Z", "updated": "2022-10-20T15:42:38.367Z"}}, {"model": "main.sessionplayerpartperiod", "pk": 1471, "fields": {"session_player_part": 77, "parameter_set_labels_period": 61, "choice": null, "session_part_period": 391, "majority_choice": null, "timestamp": "2022-10-20T15:42:38.367Z", "updated": "2022-10-20T15:42:38.367Z"}}, {"model": "main.sessionplayerpartperiod", "pk": 1472, "fields": {"session_player_part": 77, "parameter_set_labels_period": 62, "choice": null, "session_part_period": 392, "majority_choice": null, "timestamp": "2022-10-20T15:42:38.367Z", "updated": "2022-10-20T15:42:38.367Z"}}, {"model": "main.sessionplayerpartperiod", "pk": 1473, "fields": {"session_player_part": 77, "parameter_set_labels_period": 63, "choice": null, "session_part_period": 393, "majority_choice": null, "timestamp": "2022-10-20T15:42:38.367Z", "updated": "2022-10-20T15:42:38.367Z"}}, {"model": "main.sessionplayerpartperiod", "pk": 1474, "fields": {"session_player_part": 77, "parameter_set_labels_period": 64, "choice": null, "session_part_period": 394, "majority_choice": null, "timestamp": "2022-10-20T15:42:38.367Z", "updated": "2022-10-20T15:42:38.367Z"}}, {"model": "main.sessionplayerpartperiod", "pk": 1475, "fields": {"session_player_part": 77, "parameter_set_labels_period": 65, "choice": null, "session_part_period": 395, "majority_choice": null, "timestamp": "2022-10-20T15:42:38.367Z", "updated": "2022-10-20T15:42:38.367Z"}}, {"model": "main.sessionplayerpartperiod", "pk": 1476, "fields": {"session_player_part": 77, "parameter_set_labels_period": 66, "choice": null, "session_part_period": 396, "majority_choice": null, "timestamp": "2022-10-20T15:42:38.367Z", "updated": "2022-10-20T15:42:38.367Z"}}, {"model": "main.sessionplayerpartperiod", "pk": 1477, "fields": {"session_player_part": 77, "parameter_set_labels_period": 67, "choice": null, "session_part_period": 397, "majority_choice": null, "timestamp": "2022-10-20T15:42:38.367Z", "updated": "2022-10-20T15:42:38.367Z"}}, {"model": "main.sessionplayerpartperiod", "pk": 1478, "fields": {"session_player_part": 77, "parameter_set_labels_period": 68, "choice": null, "session_part_period": 398, "majority_choice": null, "timestamp": "2022-10-20T15:42:38.367Z", "updated": "2022-10-20T15:42:38.367Z"}}, {"model": "main.sessionplayerpartperiod", "pk": 1479, "fields": {"session_player_part": 77, "parameter_set_labels_period": 69, "choice": null, "session_part_period": 399, "majority_choice": null, "timestamp": "2022-10-20T15:42:38.367Z", "updated": "2022-10-20T15:42:38.367Z"}}, {"model": "main.sessionplayerpartperiod", "pk": 1480, "fields": {"session_player_part": 77, "parameter_set_labels_period": 70, "choice": null, "session_part_period": 400, "majority_choice": null, "timestamp": "2022-10-20T15:42:38.367Z", "updated": "2022-10-20T15:42:38.367Z"}}, {"model": "main.sessionplayerpartperiod", "pk": 1481, "fields": {"session_player_part": 78, "parameter_set_labels_period": 11, "choice": null, "session_part_period": 401, "majority_choice": null, "timestamp": "2022-10-20T15:42:38.439Z", "updated": "2022-10-20T15:42:38.439Z"}}, {"model": "main.sessionplayerpartperiod", "pk": 1482, "fields": {"session_player_part": 78, "parameter_set_labels_period": 12, "choice": null, "session_part_period": 402, "majority_choice": null, "timestamp": "2022-10-20T15:42:38.439Z", "updated": "2022-10-20T15:42:38.439Z"}}, {"model": "main.sessionplayerpartperiod", "pk": 1483, "fields": {"session_player_part": 78, "parameter_set_labels_period": 13, "choice": null, "session_part_period": 403, "majority_choice": null, "timestamp": "2022-10-20T15:42:38.439Z", "updated": "2022-10-20T15:42:38.439Z"}}, {"model": "main.sessionplayerpartperiod", "pk": 1484, "fields": {"session_player_part": 78, "parameter_set_labels_period": 14, "choice": null, "session_part_period": 404, "majority_choice": null, "timestamp": "2022-10-20T15:42:38.439Z", "updated": "2022-10-20T15:42:38.439Z"}}, {"model": "main.sessionplayerpartperiod", "pk": 1485, "fields": {"session_player_part": 78, "parameter_set_labels_period": 15, "choice": null, "session_part_period": 405, "majority_choice": null, "timestamp": "2022-10-20T15:42:38.439Z", "updated": "2022-10-20T15:42:38.439Z"}}, {"model": "main.sessionplayerpartperiod", "pk": 1486, "fields": {"session_player_part": 78, "parameter_set_labels_period": 16, "choice": null, "session_part_period": 406, "majority_choice": null, "timestamp": "2022-10-20T15:42:38.439Z", "updated": "2022-10-20T15:42:38.439Z"}}, {"model": "main.sessionplayerpartperiod", "pk": 1487, "fields": {"session_player_part": 78, "parameter_set_labels_period": 17, "choice": null, "session_part_period": 407, "majority_choice": null, "timestamp": "2022-10-20T15:42:38.439Z", "updated": "2022-10-20T15:42:38.439Z"}}, {"model": "main.sessionplayerpartperiod", "pk": 1488, "fields": {"session_player_part": 78, "parameter_set_labels_period": 18, "choice": null, "session_part_period": 408, "majority_choice": null, "timestamp": "2022-10-20T15:42:38.439Z", "updated": "2022-10-20T15:42:38.439Z"}}, {"model": "main.sessionplayerpartperiod", "pk": 1489, "fields": {"session_player_part": 78, "parameter_set_labels_period": 19, "choice": null, "session_part_period": 409, "majority_choice": null, "timestamp": "2022-10-20T15:42:38.439Z", "updated": "2022-10-20T15:42:38.439Z"}}, {"model": "main.sessionplayerpartperiod", "pk": 1490, "fields": {"session_player_part": 78, "parameter_set_labels_period": 20, "choice": null, "session_part_period": 410, "majority_choice": null, "timestamp": "2022-10-20T15:42:38.439Z", "updated": "2022-10-20T15:42:38.439Z"}}, {"model": "main.sessionplayerpartperiod", "pk": 1491, "fields": {"session_player_part": 78, "parameter_set_labels_period": 61, "choice": null, "session_part_period": 411, "majority_choice": null, "timestamp": "2022-10-20T15:42:38.439Z", "updated": "2022-10-20T15:42:38.439Z"}}, {"model": "main.sessionplayerpartperiod", "pk": 1492, "fields": {"session_player_part": 78, "parameter_set_labels_period": 62, "choice": null, "session_part_period": 412, "majority_choice": null, "timestamp": "2022-10-20T15:42:38.439Z", "updated": "2022-10-20T15:42:38.439Z"}}, {"model": "main.sessionplayerpartperiod", "pk": 1493, "fields": {"session_player_part": 78, "parameter_set_labels_period": 63, "choice": null, "session_part_period": 413, "majority_choice": null, "timestamp": "2022-10-20T15:42:38.439Z", "updated": "2022-10-20T15:42:38.439Z"}}, {"model": "main.sessionplayerpartperiod", "pk": 1494, "fields": {"session_player_part": 78, "parameter_set_labels_period": 64, "choice": null, "session_part_period": 414, "majority_choice": null, "timestamp": "2022-10-20T15:42:38.439Z", "updated": "2022-10-20T15:42:38.439Z"}}, {"model": "main.sessionplayerpartperiod", "pk": 1495, "fields": {"session_player_part": 78, "parameter_set_labels_period": 65, "choice": null, "session_part_period": 415, "majority_choice": null, "timestamp": "2022-10-20T15:42:38.439Z", "updated": "2022-10-20T15:42:38.439Z"}}, {"model": "main.sessionplayerpartperiod", "pk": 1496, "fields": {"session_player_part": 78, "parameter_set_labels_period": 66, "choice": null, "session_part_period": 416, "majority_choice": null, "timestamp": "2022-10-20T15:42:38.439Z", "updated": "2022-10-20T15:42:38.439Z"}}, {"model": "main.sessionplayerpartperiod", "pk": 1497, "fields": {"session_player_part": 78, "parameter_set_labels_period": 67, "choice": null, "session_part_period": 417, "majority_choice": null, "timestamp": "2022-10-20T15:42:38.439Z", "updated": "2022-10-20T15:42:38.439Z"}}, {"model": "main.sessionplayerpartperiod", "pk": 1498, "fields": {"session_player_part": 78, "parameter_set_labels_period": 68, "choice": null, "session_part_period": 418, "majority_choice": null, "timestamp": "2022-10-20T15:42:38.439Z", "updated": "2022-10-20T15:42:38.439Z"}}, {"model": "main.sessionplayerpartperiod", "pk": 1499, "fields": {"session_player_part": 78, "parameter_set_labels_period": 69, "choice": null, "session_part_period": 419, "majority_choice": null, "timestamp": "2022-10-20T15:42:38.439Z", "updated": "2022-10-20T15:42:38.439Z"}}, {"model": "main.sessionplayerpartperiod", "pk": 1500, "fields": {"session_player_part": 78, "parameter_set_labels_period": 70, "choice": null, "session_part_period": 420, "majority_choice": null, "timestamp": "2022-10-20T15:42:38.439Z", "updated": "2022-10-20T15:42:38.439Z"}}, {"model": "main.sessionplayerpartperiod", "pk": 1501, "fields": {"session_player_part": 79, "parameter_set_labels_period": 11, "choice": null, "session_part_period": 361, "majority_choice": null, "timestamp": "2022-10-20T15:42:38.529Z", "updated": "2022-10-20T15:42:38.529Z"}}, {"model": "main.sessionplayerpartperiod", "pk": 1502, "fields": {"session_player_part": 79, "parameter_set_labels_period": 12, "choice": null, "session_part_period": 362, "majority_choice": null, "timestamp": "2022-10-20T15:42:38.529Z", "updated": "2022-10-20T15:42:38.529Z"}}, {"model": "main.sessionplayerpartperiod", "pk": 1503, "fields": {"session_player_part": 79, "parameter_set_labels_period": 13, "choice": null, "session_part_period": 363, "majority_choice": null, "timestamp": "2022-10-20T15:42:38.529Z", "updated": "2022-10-20T15:42:38.529Z"}}, {"model": "main.sessionplayerpartperiod", "pk": 1504, "fields": {"session_player_part": 79, "parameter_set_labels_period": 14, "choice": null, "session_part_period": 364, "majority_choice": null, "timestamp": "2022-10-20T15:42:38.529Z", "updated": "2022-10-20T15:42:38.529Z"}}, {"model": "main.sessionplayerpartperiod", "pk": 1505, "fields": {"session_player_part": 79, "parameter_set_labels_period": 15, "choice": null, "session_part_period": 365, "majority_choice": null, "timestamp": "2022-10-20T15:42:38.529Z", "updated": "2022-10-20T15:42:38.529Z"}}, {"model": "main.sessionplayerpartperiod", "pk": 1506, "fields": {"session_player_part": 79, "parameter_set_labels_period": 16, "choice": null, "session_part_period": 366, "majority_choice": null, "timestamp": "2022-10-20T15:42:38.529Z", "updated": "2022-10-20T15:42:38.529Z"}}, {"model": "main.sessionplayerpartperiod", "pk": 1507, "fields": {"session_player_part": 79, "parameter_set_labels_period": 17, "choice": null, "session_part_period": 367, "majority_choice": null, "timestamp": "2022-10-20T15:42:38.529Z", "updated": "2022-10-20T15:42:38.529Z"}}, {"model": "main.sessionplayerpartperiod", "pk": 1508, "fields": {"session_player_part": 79, "parameter_set_labels_period": 18, "choice": null, "session_part_period": 368, "majority_choice": null, "timestamp": "2022-10-20T15:42:38.529Z", "updated": "2022-10-20T15:42:38.529Z"}}, {"model": "main.sessionplayerpartperiod", "pk": 1509, "fields": {"session_player_part": 79, "parameter_set_labels_period": 19, "choice": null, "session_part_period": 369, "majority_choice": null, "timestamp": "2022-10-20T15:42:38.529Z", "updated": "2022-10-20T15:42:38.529Z"}}, {"model": "main.sessionplayerpartperiod", "pk": 1510, "fields": {"session_player_part": 79, "parameter_set_labels_period": 20, "choice": null, "session_part_period": 370, "majority_choice": null, "timestamp": "2022-10-20T15:42:38.529Z", "updated": "2022-10-20T15:42:38.529Z"}}, {"model": "main.sessionplayerpartperiod", "pk": 1511, "fields": {"session_player_part": 79, "parameter_set_labels_period": 61, "choice": null, "session_part_period": 371, "majority_choice": null, "timestamp": "2022-10-20T15:42:38.529Z", "updated": "2022-10-20T15:42:38.529Z"}}, {"model": "main.sessionplayerpartperiod", "pk": 1512, "fields": {"session_player_part": 79, "parameter_set_labels_period": 62, "choice": null, "session_part_period": 372, "majority_choice": null, "timestamp": "2022-10-20T15:42:38.529Z", "updated": "2022-10-20T15:42:38.529Z"}}, {"model": "main.sessionplayerpartperiod", "pk": 1513, "fields": {"session_player_part": 79, "parameter_set_labels_period": 63, "choice": null, "session_part_period": 373, "majority_choice": null, "timestamp": "2022-10-20T15:42:38.529Z", "updated": "2022-10-20T15:42:38.529Z"}}, {"model": "main.sessionplayerpartperiod", "pk": 1514, "fields": {"session_player_part": 79, "parameter_set_labels_period": 64, "choice": null, "session_part_period": 374, "majority_choice": null, "timestamp": "2022-10-20T15:42:38.529Z", "updated": "2022-10-20T15:42:38.529Z"}}, {"model": "main.sessionplayerpartperiod", "pk": 1515, "fields": {"session_player_part": 79, "parameter_set_labels_period": 65, "choice": null, "session_part_period": 375, "majority_choice": null, "timestamp": "2022-10-20T15:42:38.529Z", "updated": "2022-10-20T15:42:38.529Z"}}, {"model": "main.sessionplayerpartperiod", "pk": 1516, "fields": {"session_player_part": 79, "parameter_set_labels_period": 66, "choice": null, "session_part_period": 376, "majority_choice": null, "timestamp": "2022-10-20T15:42:38.529Z", "updated": "2022-10-20T15:42:38.529Z"}}, {"model": "main.sessionplayerpartperiod", "pk": 1517, "fields": {"session_player_part": 79, "parameter_set_labels_period": 67, "choice": null, "session_part_period": 377, "majority_choice": null, "timestamp": "2022-10-20T15:42:38.529Z", "updated": "2022-10-20T15:42:38.529Z"}}, {"model": "main.sessionplayerpartperiod", "pk": 1518, "fields": {"session_player_part": 79, "parameter_set_labels_period": 68, "choice": null, "session_part_period": 378, "majority_choice": null, "timestamp": "2022-10-20T15:42:38.529Z", "updated": "2022-10-20T15:42:38.529Z"}}, {"model": "main.sessionplayerpartperiod", "pk": 1519, "fields": {"session_player_part": 79, "parameter_set_labels_period": 69, "choice": null, "session_part_period": 379, "majority_choice": null, "timestamp": "2022-10-20T15:42:38.529Z", "updated": "2022-10-20T15:42:38.529Z"}}, {"model": "main.sessionplayerpartperiod", "pk": 1520, "fields": {"session_player_part": 79, "parameter_set_labels_period": 70, "choice": null, "session_part_period": 380, "majority_choice": null, "timestamp": "2022-10-20T15:42:38.529Z", "updated": "2022-10-20T15:42:38.529Z"}}, {"model": "main.sessionplayerpartperiod", "pk": 1521, "fields": {"session_player_part": 80, "parameter_set_labels_period": 1, "choice": null, "session_part_period": 381, "majority_choice": null, "timestamp": "2022-10-20T15:42:38.594Z", "updated": "2022-10-20T15:42:38.594Z"}}, {"model": "main.sessionplayerpartperiod", "pk": 1522, "fields": {"session_player_part": 80, "parameter_set_labels_period": 2, "choice": null, "session_part_period": 382, "majority_choice": null, "timestamp": "2022-10-20T15:42:38.594Z", "updated": "2022-10-20T15:42:38.594Z"}}, {"model": "main.sessionplayerpartperiod", "pk": 1523, "fields": {"session_player_part": 80, "parameter_set_labels_period": 3, "choice": null, "session_part_period": 383, "majority_choice": null, "timestamp": "2022-10-20T15:42:38.594Z", "updated": "2022-10-20T15:42:38.594Z"}}, {"model": "main.sessionplayerpartperiod", "pk": 1524, "fields": {"session_player_part": 80, "parameter_set_labels_period": 4, "choice": null, "session_part_period": 384, "majority_choice": null, "timestamp": "2022-10-20T15:42:38.594Z", "updated": "2022-10-20T15:42:38.594Z"}}, {"model": "main.sessionplayerpartperiod", "pk": 1525, "fields": {"session_player_part": 80, "parameter_set_labels_period": 5, "choice": null, "session_part_period": 385, "majority_choice": null, "timestamp": "2022-10-20T15:42:38.594Z", "updated": "2022-10-20T15:42:38.594Z"}}, {"model": "main.sessionplayerpartperiod", "pk": 1526, "fields": {"session_player_part": 80, "parameter_set_labels_period": 6, "choice": null, "session_part_period": 386, "majority_choice": null, "timestamp": "2022-10-20T15:42:38.594Z", "updated": "2022-10-20T15:42:38.594Z"}}, {"model": "main.sessionplayerpartperiod", "pk": 1527, "fields": {"session_player_part": 80, "parameter_set_labels_period": 7, "choice": null, "session_part_period": 387, "majority_choice": null, "timestamp": "2022-10-20T15:42:38.594Z", "updated": "2022-10-20T15:42:38.594Z"}}, {"model": "main.sessionplayerpartperiod", "pk": 1528, "fields": {"session_player_part": 80, "parameter_set_labels_period": 8, "choice": null, "session_part_period": 388, "majority_choice": null, "timestamp": "2022-10-20T15:42:38.594Z", "updated": "2022-10-20T15:42:38.594Z"}}, {"model": "main.sessionplayerpartperiod", "pk": 1529, "fields": {"session_player_part": 80, "parameter_set_labels_period": 9, "choice": null, "session_part_period": 389, "majority_choice": null, "timestamp": "2022-10-20T15:42:38.594Z", "updated": "2022-10-20T15:42:38.594Z"}}, {"model": "main.sessionplayerpartperiod", "pk": 1530, "fields": {"session_player_part": 80, "parameter_set_labels_period": 10, "choice": null, "session_part_period": 390, "majority_choice": null, "timestamp": "2022-10-20T15:42:38.594Z", "updated": "2022-10-20T15:42:38.594Z"}}, {"model": "main.sessionplayerpartperiod", "pk": 1531, "fields": {"session_player_part": 80, "parameter_set_labels_period": 71, "choice": null, "session_part_period": 391, "majority_choice": null, "timestamp": "2022-10-20T15:42:38.594Z", "updated": "2022-10-20T15:42:38.594Z"}}, {"model": "main.sessionplayerpartperiod", "pk": 1532, "fields": {"session_player_part": 80, "parameter_set_labels_period": 72, "choice": null, "session_part_period": 392, "majority_choice": null, "timestamp": "2022-10-20T15:42:38.594Z", "updated": "2022-10-20T15:42:38.594Z"}}, {"model": "main.sessionplayerpartperiod", "pk": 1533, "fields": {"session_player_part": 80, "parameter_set_labels_period": 73, "choice": null, "session_part_period": 393, "majority_choice": null, "timestamp": "2022-10-20T15:42:38.594Z", "updated": "2022-10-20T15:42:38.594Z"}}, {"model": "main.sessionplayerpartperiod", "pk": 1534, "fields": {"session_player_part": 80, "parameter_set_labels_period": 74, "choice": null, "session_part_period": 394, "majority_choice": null, "timestamp": "2022-10-20T15:42:38.594Z", "updated": "2022-10-20T15:42:38.594Z"}}, {"model": "main.sessionplayerpartperiod", "pk": 1535, "fields": {"session_player_part": 80, "parameter_set_labels_period": 75, "choice": null, "session_part_period": 395, "majority_choice": null, "timestamp": "2022-10-20T15:42:38.594Z", "updated": "2022-10-20T15:42:38.594Z"}}, {"model": "main.sessionplayerpartperiod", "pk": 1536, "fields": {"session_player_part": 80, "parameter_set_labels_period": 76, "choice": null, "session_part_period": 396, "majority_choice": null, "timestamp": "2022-10-20T15:42:38.594Z", "updated": "2022-10-20T15:42:38.594Z"}}, {"model": "main.sessionplayerpartperiod", "pk": 1537, "fields": {"session_player_part": 80, "parameter_set_labels_period": 77, "choice": null, "session_part_period": 397, "majority_choice": null, "timestamp": "2022-10-20T15:42:38.594Z", "updated": "2022-10-20T15:42:38.594Z"}}, {"model": "main.sessionplayerpartperiod", "pk": 1538, "fields": {"session_player_part": 80, "parameter_set_labels_period": 78, "choice": null, "session_part_period": 398, "majority_choice": null, "timestamp": "2022-10-20T15:42:38.594Z", "updated": "2022-10-20T15:42:38.594Z"}}, {"model": "main.sessionplayerpartperiod", "pk": 1539, "fields": {"session_player_part": 80, "parameter_set_labels_period": 79, "choice": null, "session_part_period": 399, "majority_choice": null, "timestamp": "2022-10-20T15:42:38.594Z", "updated": "2022-10-20T15:42:38.594Z"}}, {"model": "main.sessionplayerpartperiod", "pk": 1540, "fields": {"session_player_part": 80, "parameter_set_labels_period": 80, "choice": null, "session_part_period": 400, "majority_choice": null, "timestamp": "2022-10-20T15:42:38.594Z", "updated": "2022-10-20T15:42:38.594Z"}}, {"model": "main.sessionplayerpartperiod", "pk": 1541, "fields": {"session_player_part": 81, "parameter_set_labels_period": 11, "choice": null, "session_part_period": 401, "majority_choice": null, "timestamp": "2022-10-20T15:42:38.689Z", "updated": "2022-10-20T15:42:38.689Z"}}, {"model": "main.sessionplayerpartperiod", "pk": 1542, "fields": {"session_player_part": 81, "parameter_set_labels_period": 12, "choice": null, "session_part_period": 402, "majority_choice": null, "timestamp": "2022-10-20T15:42:38.689Z", "updated": "2022-10-20T15:42:38.689Z"}}, {"model": "main.sessionplayerpartperiod", "pk": 1543, "fields": {"session_player_part": 81, "parameter_set_labels_period": 13, "choice": null, "session_part_period": 403, "majority_choice": null, "timestamp": "2022-10-20T15:42:38.689Z", "updated": "2022-10-20T15:42:38.689Z"}}, {"model": "main.sessionplayerpartperiod", "pk": 1544, "fields": {"session_player_part": 81, "parameter_set_labels_period": 14, "choice": null, "session_part_period": 404, "majority_choice": null, "timestamp": "2022-10-20T15:42:38.689Z", "updated": "2022-10-20T15:42:38.689Z"}}, {"model": "main.sessionplayerpartperiod", "pk": 1545, "fields": {"session_player_part": 81, "parameter_set_labels_period": 15, "choice": null, "session_part_period": 405, "majority_choice": null, "timestamp": "2022-10-20T15:42:38.689Z", "updated": "2022-10-20T15:42:38.689Z"}}, {"model": "main.sessionplayerpartperiod", "pk": 1546, "fields": {"session_player_part": 81, "parameter_set_labels_period": 16, "choice": null, "session_part_period": 406, "majority_choice": null, "timestamp": "2022-10-20T15:42:38.689Z", "updated": "2022-10-20T15:42:38.689Z"}}, {"model": "main.sessionplayerpartperiod", "pk": 1547, "fields": {"session_player_part": 81, "parameter_set_labels_period": 17, "choice": null, "session_part_period": 407, "majority_choice": null, "timestamp": "2022-10-20T15:42:38.689Z", "updated": "2022-10-20T15:42:38.689Z"}}, {"model": "main.sessionplayerpartperiod", "pk": 1548, "fields": {"session_player_part": 81, "parameter_set_labels_period": 18, "choice": null, "session_part_period": 408, "majority_choice": null, "timestamp": "2022-10-20T15:42:38.689Z", "updated": "2022-10-20T15:42:38.689Z"}}, {"model": "main.sessionplayerpartperiod", "pk": 1549, "fields": {"session_player_part": 81, "parameter_set_labels_period": 19, "choice": null, "session_part_period": 409, "majority_choice": null, "timestamp": "2022-10-20T15:42:38.689Z", "updated": "2022-10-20T15:42:38.689Z"}}, {"model": "main.sessionplayerpartperiod", "pk": 1550, "fields": {"session_player_part": 81, "parameter_set_labels_period": 20, "choice": null, "session_part_period": 410, "majority_choice": null, "timestamp": "2022-10-20T15:42:38.689Z", "updated": "2022-10-20T15:42:38.689Z"}}, {"model": "main.sessionplayerpartperiod", "pk": 1551, "fields": {"session_player_part": 81, "parameter_set_labels_period": 61, "choice": null, "session_part_period": 411, "majority_choice": null, "timestamp": "2022-10-20T15:42:38.689Z", "updated": "2022-10-20T15:42:38.689Z"}}, {"model": "main.sessionplayerpartperiod", "pk": 1552, "fields": {"session_player_part": 81, "parameter_set_labels_period": 62, "choice": null, "session_part_period": 412, "majority_choice": null, "timestamp": "2022-10-20T15:42:38.689Z", "updated": "2022-10-20T15:42:38.689Z"}}, {"model": "main.sessionplayerpartperiod", "pk": 1553, "fields": {"session_player_part": 81, "parameter_set_labels_period": 63, "choice": null, "session_part_period": 413, "majority_choice": null, "timestamp": "2022-10-20T15:42:38.689Z", "updated": "2022-10-20T15:42:38.689Z"}}, {"model": "main.sessionplayerpartperiod", "pk": 1554, "fields": {"session_player_part": 81, "parameter_set_labels_period": 64, "choice": null, "session_part_period": 414, "majority_choice": null, "timestamp": "2022-10-20T15:42:38.689Z", "updated": "2022-10-20T15:42:38.689Z"}}, {"model": "main.sessionplayerpartperiod", "pk": 1555, "fields": {"session_player_part": 81, "parameter_set_labels_period": 65, "choice": null, "session_part_period": 415, "majority_choice": null, "timestamp": "2022-10-20T15:42:38.689Z", "updated": "2022-10-20T15:42:38.689Z"}}, {"model": "main.sessionplayerpartperiod", "pk": 1556, "fields": {"session_player_part": 81, "parameter_set_labels_period": 66, "choice": null, "session_part_period": 416, "majority_choice": null, "timestamp": "2022-10-20T15:42:38.689Z", "updated": "2022-10-20T15:42:38.689Z"}}, {"model": "main.sessionplayerpartperiod", "pk": 1557, "fields": {"session_player_part": 81, "parameter_set_labels_period": 67, "choice": null, "session_part_period": 417, "majority_choice": null, "timestamp": "2022-10-20T15:42:38.689Z", "updated": "2022-10-20T15:42:38.689Z"}}, {"model": "main.sessionplayerpartperiod", "pk": 1558, "fields": {"session_player_part": 81, "parameter_set_labels_period": 68, "choice": null, "session_part_period": 418, "majority_choice": null, "timestamp": "2022-10-20T15:42:38.689Z", "updated": "2022-10-20T15:42:38.689Z"}}, {"model": "main.sessionplayerpartperiod", "pk": 1559, "fields": {"session_player_part": 81, "parameter_set_labels_period": 69, "choice": null, "session_part_period": 419, "majority_choice": null, "timestamp": "2022-10-20T15:42:38.689Z", "updated": "2022-10-20T15:42:38.689Z"}}, {"model": "main.sessionplayerpartperiod", "pk": 1560, "fields": {"session_player_part": 81, "parameter_set_labels_period": 70, "choice": null, "session_part_period": 420, "majority_choice": null, "timestamp": "2022-10-20T15:42:38.689Z", "updated": "2022-10-20T15:42:38.689Z"}}, {"model": "main.sessionplayerpartperiod", "pk": 1561, "fields": {"session_player_part": 82, "parameter_set_labels_period": 11, "choice": null, "session_part_period": 361, "majority_choice": null, "timestamp": "2022-10-20T15:42:38.766Z", "updated": "2022-10-20T15:42:38.766Z"}}, {"model": "main.sessionplayerpartperiod", "pk": 1562, "fields": {"session_player_part": 82, "parameter_set_labels_period": 12, "choice": null, "session_part_period": 362, "majority_choice": null, "timestamp": "2022-10-20T15:42:38.766Z", "updated": "2022-10-20T15:42:38.766Z"}}, {"model": "main.sessionplayerpartperiod", "pk": 1563, "fields": {"session_player_part": 82, "parameter_set_labels_period": 13, "choice": null, "session_part_period": 363, "majority_choice": null, "timestamp": "2022-10-20T15:42:38.766Z", "updated": "2022-10-20T15:42:38.766Z"}}, {"model": "main.sessionplayerpartperiod", "pk": 1564, "fields": {"session_player_part": 82, "parameter_set_labels_period": 14, "choice": null, "session_part_period": 364, "majority_choice": null, "timestamp": "2022-10-20T15:42:38.766Z", "updated": "2022-10-20T15:42:38.766Z"}}, {"model": "main.sessionplayerpartperiod", "pk": 1565, "fields": {"session_player_part": 82, "parameter_set_labels_period": 15, "choice": null, "session_part_period": 365, "majority_choice": null, "timestamp": "2022-10-20T15:42:38.766Z", "updated": "2022-10-20T15:42:38.766Z"}}, {"model": "main.sessionplayerpartperiod", "pk": 1566, "fields": {"session_player_part": 82, "parameter_set_labels_period": 16, "choice": null, "session_part_period": 366, "majority_choice": null, "timestamp": "2022-10-20T15:42:38.766Z", "updated": "2022-10-20T15:42:38.766Z"}}, {"model": "main.sessionplayerpartperiod", "pk": 1567, "fields": {"session_player_part": 82, "parameter_set_labels_period": 17, "choice": null, "session_part_period": 367, "majority_choice": null, "timestamp": "2022-10-20T15:42:38.766Z", "updated": "2022-10-20T15:42:38.766Z"}}, {"model": "main.sessionplayerpartperiod", "pk": 1568, "fields": {"session_player_part": 82, "parameter_set_labels_period": 18, "choice": null, "session_part_period": 368, "majority_choice": null, "timestamp": "2022-10-20T15:42:38.766Z", "updated": "2022-10-20T15:42:38.766Z"}}, {"model": "main.sessionplayerpartperiod", "pk": 1569, "fields": {"session_player_part": 82, "parameter_set_labels_period": 19, "choice": null, "session_part_period": 369, "majority_choice": null, "timestamp": "2022-10-20T15:42:38.766Z", "updated": "2022-10-20T15:42:38.766Z"}}, {"model": "main.sessionplayerpartperiod", "pk": 1570, "fields": {"session_player_part": 82, "parameter_set_labels_period": 20, "choice": null, "session_part_period": 370, "majority_choice": null, "timestamp": "2022-10-20T15:42:38.767Z", "updated": "2022-10-20T15:42:38.767Z"}}, {"model": "main.sessionplayerpartperiod", "pk": 1571, "fields": {"session_player_part": 82, "parameter_set_labels_period": 61, "choice": null, "session_part_period": 371, "majority_choice": null, "timestamp": "2022-10-20T15:42:38.767Z", "updated": "2022-10-20T15:42:38.767Z"}}, {"model": "main.sessionplayerpartperiod", "pk": 1572, "fields": {"session_player_part": 82, "parameter_set_labels_period": 62, "choice": null, "session_part_period": 372, "majority_choice": null, "timestamp": "2022-10-20T15:42:38.767Z", "updated": "2022-10-20T15:42:38.767Z"}}, {"model": "main.sessionplayerpartperiod", "pk": 1573, "fields": {"session_player_part": 82, "parameter_set_labels_period": 63, "choice": null, "session_part_period": 373, "majority_choice": null, "timestamp": "2022-10-20T15:42:38.767Z", "updated": "2022-10-20T15:42:38.767Z"}}, {"model": "main.sessionplayerpartperiod", "pk": 1574, "fields": {"session_player_part": 82, "parameter_set_labels_period": 64, "choice": null, "session_part_period": 374, "majority_choice": null, "timestamp": "2022-10-20T15:42:38.767Z", "updated": "2022-10-20T15:42:38.767Z"}}, {"model": "main.sessionplayerpartperiod", "pk": 1575, "fields": {"session_player_part": 82, "parameter_set_labels_period": 65, "choice": null, "session_part_period": 375, "majority_choice": null, "timestamp": "2022-10-20T15:42:38.767Z", "updated": "2022-10-20T15:42:38.767Z"}}, {"model": "main.sessionplayerpartperiod", "pk": 1576, "fields": {"session_player_part": 82, "parameter_set_labels_period": 66, "choice": null, "session_part_period": 376, "majority_choice": null, "timestamp": "2022-10-20T15:42:38.767Z", "updated": "2022-10-20T15:42:38.767Z"}}, {"model": "main.sessionplayerpartperiod", "pk": 1577, "fields": {"session_player_part": 82, "parameter_set_labels_period": 67, "choice": null, "session_part_period": 377, "majority_choice": null, "timestamp": "2022-10-20T15:42:38.767Z", "updated": "2022-10-20T15:42:38.767Z"}}, {"model": "main.sessionplayerpartperiod", "pk": 1578, "fields": {"session_player_part": 82, "parameter_set_labels_period": 68, "choice": null, "session_part_period": 378, "majority_choice": null, "timestamp": "2022-10-20T15:42:38.767Z", "updated": "2022-10-20T15:42:38.767Z"}}, {"model": "main.sessionplayerpartperiod", "pk": 1579, "fields": {"session_player_part": 82, "parameter_set_labels_period": 69, "choice": null, "session_part_period": 379, "majority_choice": null, "timestamp": "2022-10-20T15:42:38.767Z", "updated": "2022-10-20T15:42:38.767Z"}}, {"model": "main.sessionplayerpartperiod", "pk": 1580, "fields": {"session_player_part": 82, "parameter_set_labels_period": 70, "choice": null, "session_part_period": 380, "majority_choice": null, "timestamp": "2022-10-20T15:42:38.767Z", "updated": "2022-10-20T15:42:38.767Z"}}, {"model": "main.sessionplayerpartperiod", "pk": 1581, "fields": {"session_player_part": 83, "parameter_set_labels_period": 21, "choice": null, "session_part_period": 381, "majority_choice": null, "timestamp": "2022-10-20T15:42:38.836Z", "updated": "2022-10-20T15:42:38.836Z"}}, {"model": "main.sessionplayerpartperiod", "pk": 1582, "fields": {"session_player_part": 83, "parameter_set_labels_period": 22, "choice": null, "session_part_period": 382, "majority_choice": null, "timestamp": "2022-10-20T15:42:38.836Z", "updated": "2022-10-20T15:42:38.836Z"}}, {"model": "main.sessionplayerpartperiod", "pk": 1583, "fields": {"session_player_part": 83, "parameter_set_labels_period": 23, "choice": null, "session_part_period": 383, "majority_choice": null, "timestamp": "2022-10-20T15:42:38.836Z", "updated": "2022-10-20T15:42:38.836Z"}}, {"model": "main.sessionplayerpartperiod", "pk": 1584, "fields": {"session_player_part": 83, "parameter_set_labels_period": 24, "choice": null, "session_part_period": 384, "majority_choice": null, "timestamp": "2022-10-20T15:42:38.836Z", "updated": "2022-10-20T15:42:38.836Z"}}, {"model": "main.sessionplayerpartperiod", "pk": 1585, "fields": {"session_player_part": 83, "parameter_set_labels_period": 25, "choice": null, "session_part_period": 385, "majority_choice": null, "timestamp": "2022-10-20T15:42:38.836Z", "updated": "2022-10-20T15:42:38.836Z"}}, {"model": "main.sessionplayerpartperiod", "pk": 1586, "fields": {"session_player_part": 83, "parameter_set_labels_period": 26, "choice": null, "session_part_period": 386, "majority_choice": null, "timestamp": "2022-10-20T15:42:38.836Z", "updated": "2022-10-20T15:42:38.836Z"}}, {"model": "main.sessionplayerpartperiod", "pk": 1587, "fields": {"session_player_part": 83, "parameter_set_labels_period": 27, "choice": null, "session_part_period": 387, "majority_choice": null, "timestamp": "2022-10-20T15:42:38.836Z", "updated": "2022-10-20T15:42:38.836Z"}}, {"model": "main.sessionplayerpartperiod", "pk": 1588, "fields": {"session_player_part": 83, "parameter_set_labels_period": 28, "choice": null, "session_part_period": 388, "majority_choice": null, "timestamp": "2022-10-20T15:42:38.836Z", "updated": "2022-10-20T15:42:38.836Z"}}, {"model": "main.sessionplayerpartperiod", "pk": 1589, "fields": {"session_player_part": 83, "parameter_set_labels_period": 29, "choice": null, "session_part_period": 389, "majority_choice": null, "timestamp": "2022-10-20T15:42:38.836Z", "updated": "2022-10-20T15:42:38.836Z"}}, {"model": "main.sessionplayerpartperiod", "pk": 1590, "fields": {"session_player_part": 83, "parameter_set_labels_period": 30, "choice": null, "session_part_period": 390, "majority_choice": null, "timestamp": "2022-10-20T15:42:38.836Z", "updated": "2022-10-20T15:42:38.836Z"}}, {"model": "main.sessionplayerpartperiod", "pk": 1591, "fields": {"session_player_part": 83, "parameter_set_labels_period": 81, "choice": null, "session_part_period": 391, "majority_choice": null, "timestamp": "2022-10-20T15:42:38.836Z", "updated": "2022-10-20T15:42:38.836Z"}}, {"model": "main.sessionplayerpartperiod", "pk": 1592, "fields": {"session_player_part": 83, "parameter_set_labels_period": 82, "choice": null, "session_part_period": 392, "majority_choice": null, "timestamp": "2022-10-20T15:42:38.836Z", "updated": "2022-10-20T15:42:38.836Z"}}, {"model": "main.sessionplayerpartperiod", "pk": 1593, "fields": {"session_player_part": 83, "parameter_set_labels_period": 83, "choice": null, "session_part_period": 393, "majority_choice": null, "timestamp": "2022-10-20T15:42:38.836Z", "updated": "2022-10-20T15:42:38.836Z"}}, {"model": "main.sessionplayerpartperiod", "pk": 1594, "fields": {"session_player_part": 83, "parameter_set_labels_period": 84, "choice": null, "session_part_period": 394, "majority_choice": null, "timestamp": "2022-10-20T15:42:38.836Z", "updated": "2022-10-20T15:42:38.836Z"}}, {"model": "main.sessionplayerpartperiod", "pk": 1595, "fields": {"session_player_part": 83, "parameter_set_labels_period": 85, "choice": null, "session_part_period": 395, "majority_choice": null, "timestamp": "2022-10-20T15:42:38.836Z", "updated": "2022-10-20T15:42:38.836Z"}}, {"model": "main.sessionplayerpartperiod", "pk": 1596, "fields": {"session_player_part": 83, "parameter_set_labels_period": 86, "choice": null, "session_part_period": 396, "majority_choice": null, "timestamp": "2022-10-20T15:42:38.836Z", "updated": "2022-10-20T15:42:38.836Z"}}, {"model": "main.sessionplayerpartperiod", "pk": 1597, "fields": {"session_player_part": 83, "parameter_set_labels_period": 87, "choice": null, "session_part_period": 397, "majority_choice": null, "timestamp": "2022-10-20T15:42:38.836Z", "updated": "2022-10-20T15:42:38.836Z"}}, {"model": "main.sessionplayerpartperiod", "pk": 1598, "fields": {"session_player_part": 83, "parameter_set_labels_period": 88, "choice": null, "session_part_period": 398, "majority_choice": null, "timestamp": "2022-10-20T15:42:38.836Z", "updated": "2022-10-20T15:42:38.836Z"}}, {"model": "main.sessionplayerpartperiod", "pk": 1599, "fields": {"session_player_part": 83, "parameter_set_labels_period": 89, "choice": null, "session_part_period": 399, "majority_choice": null, "timestamp": "2022-10-20T15:42:38.836Z", "updated": "2022-10-20T15:42:38.836Z"}}, {"model": "main.sessionplayerpartperiod", "pk": 1600, "fields": {"session_player_part": 83, "parameter_set_labels_period": 90, "choice": null, "session_part_period": 400, "majority_choice": null, "timestamp": "2022-10-20T15:42:38.836Z", "updated": "2022-10-20T15:42:38.836Z"}}, {"model": "main.sessionplayerpartperiod", "pk": 1601, "fields": {"session_player_part": 84, "parameter_set_labels_period": 11, "choice": null, "session_part_period": 401, "majority_choice": null, "timestamp": "2022-10-20T15:42:38.921Z", "updated": "2022-10-20T15:42:38.921Z"}}, {"model": "main.sessionplayerpartperiod", "pk": 1602, "fields": {"session_player_part": 84, "parameter_set_labels_period": 12, "choice": null, "session_part_period": 402, "majority_choice": null, "timestamp": "2022-10-20T15:42:38.921Z", "updated": "2022-10-20T15:42:38.921Z"}}, {"model": "main.sessionplayerpartperiod", "pk": 1603, "fields": {"session_player_part": 84, "parameter_set_labels_period": 13, "choice": null, "session_part_period": 403, "majority_choice": null, "timestamp": "2022-10-20T15:42:38.921Z", "updated": "2022-10-20T15:42:38.921Z"}}, {"model": "main.sessionplayerpartperiod", "pk": 1604, "fields": {"session_player_part": 84, "parameter_set_labels_period": 14, "choice": null, "session_part_period": 404, "majority_choice": null, "timestamp": "2022-10-20T15:42:38.921Z", "updated": "2022-10-20T15:42:38.921Z"}}, {"model": "main.sessionplayerpartperiod", "pk": 1605, "fields": {"session_player_part": 84, "parameter_set_labels_period": 15, "choice": null, "session_part_period": 405, "majority_choice": null, "timestamp": "2022-10-20T15:42:38.921Z", "updated": "2022-10-20T15:42:38.921Z"}}, {"model": "main.sessionplayerpartperiod", "pk": 1606, "fields": {"session_player_part": 84, "parameter_set_labels_period": 16, "choice": null, "session_part_period": 406, "majority_choice": null, "timestamp": "2022-10-20T15:42:38.921Z", "updated": "2022-10-20T15:42:38.921Z"}}, {"model": "main.sessionplayerpartperiod", "pk": 1607, "fields": {"session_player_part": 84, "parameter_set_labels_period": 17, "choice": null, "session_part_period": 407, "majority_choice": null, "timestamp": "2022-10-20T15:42:38.921Z", "updated": "2022-10-20T15:42:38.921Z"}}, {"model": "main.sessionplayerpartperiod", "pk": 1608, "fields": {"session_player_part": 84, "parameter_set_labels_period": 18, "choice": null, "session_part_period": 408, "majority_choice": null, "timestamp": "2022-10-20T15:42:38.921Z", "updated": "2022-10-20T15:42:38.921Z"}}, {"model": "main.sessionplayerpartperiod", "pk": 1609, "fields": {"session_player_part": 84, "parameter_set_labels_period": 19, "choice": null, "session_part_period": 409, "majority_choice": null, "timestamp": "2022-10-20T15:42:38.921Z", "updated": "2022-10-20T15:42:38.921Z"}}, {"model": "main.sessionplayerpartperiod", "pk": 1610, "fields": {"session_player_part": 84, "parameter_set_labels_period": 20, "choice": null, "session_part_period": 410, "majority_choice": null, "timestamp": "2022-10-20T15:42:38.921Z", "updated": "2022-10-20T15:42:38.921Z"}}, {"model": "main.sessionplayerpartperiod", "pk": 1611, "fields": {"session_player_part": 84, "parameter_set_labels_period": 61, "choice": null, "session_part_period": 411, "majority_choice": null, "timestamp": "2022-10-20T15:42:38.921Z", "updated": "2022-10-20T15:42:38.921Z"}}, {"model": "main.sessionplayerpartperiod", "pk": 1612, "fields": {"session_player_part": 84, "parameter_set_labels_period": 62, "choice": null, "session_part_period": 412, "majority_choice": null, "timestamp": "2022-10-20T15:42:38.921Z", "updated": "2022-10-20T15:42:38.921Z"}}, {"model": "main.sessionplayerpartperiod", "pk": 1613, "fields": {"session_player_part": 84, "parameter_set_labels_period": 63, "choice": null, "session_part_period": 413, "majority_choice": null, "timestamp": "2022-10-20T15:42:38.921Z", "updated": "2022-10-20T15:42:38.921Z"}}, {"model": "main.sessionplayerpartperiod", "pk": 1614, "fields": {"session_player_part": 84, "parameter_set_labels_period": 64, "choice": null, "session_part_period": 414, "majority_choice": null, "timestamp": "2022-10-20T15:42:38.921Z", "updated": "2022-10-20T15:42:38.921Z"}}, {"model": "main.sessionplayerpartperiod", "pk": 1615, "fields": {"session_player_part": 84, "parameter_set_labels_period": 65, "choice": null, "session_part_period": 415, "majority_choice": null, "timestamp": "2022-10-20T15:42:38.921Z", "updated": "2022-10-20T15:42:38.921Z"}}, {"model": "main.sessionplayerpartperiod", "pk": 1616, "fields": {"session_player_part": 84, "parameter_set_labels_period": 66, "choice": null, "session_part_period": 416, "majority_choice": null, "timestamp": "2022-10-20T15:42:38.921Z", "updated": "2022-10-20T15:42:38.921Z"}}, {"model": "main.sessionplayerpartperiod", "pk": 1617, "fields": {"session_player_part": 84, "parameter_set_labels_period": 67, "choice": null, "session_part_period": 417, "majority_choice": null, "timestamp": "2022-10-20T15:42:38.921Z", "updated": "2022-10-20T15:42:38.921Z"}}, {"model": "main.sessionplayerpartperiod", "pk": 1618, "fields": {"session_player_part": 84, "parameter_set_labels_period": 68, "choice": null, "session_part_period": 418, "majority_choice": null, "timestamp": "2022-10-20T15:42:38.921Z", "updated": "2022-10-20T15:42:38.921Z"}}, {"model": "main.sessionplayerpartperiod", "pk": 1619, "fields": {"session_player_part": 84, "parameter_set_labels_period": 69, "choice": null, "session_part_period": 419, "majority_choice": null, "timestamp": "2022-10-20T15:42:38.921Z", "updated": "2022-10-20T15:42:38.921Z"}}, {"model": "main.sessionplayerpartperiod", "pk": 1620, "fields": {"session_player_part": 84, "parameter_set_labels_period": 70, "choice": null, "session_part_period": 420, "majority_choice": null, "timestamp": "2022-10-20T15:42:38.921Z", "updated": "2022-10-20T15:42:38.921Z"}}, {"model": "main.sessionplayerpartperiod", "pk": 1621, "fields": {"session_player_part": 85, "parameter_set_labels_period": 11, "choice": null, "session_part_period": 361, "majority_choice": null, "timestamp": "2022-10-20T15:42:39.009Z", "updated": "2022-10-20T15:42:39.009Z"}}, {"model": "main.sessionplayerpartperiod", "pk": 1622, "fields": {"session_player_part": 85, "parameter_set_labels_period": 12, "choice": null, "session_part_period": 362, "majority_choice": null, "timestamp": "2022-10-20T15:42:39.009Z", "updated": "2022-10-20T15:42:39.009Z"}}, {"model": "main.sessionplayerpartperiod", "pk": 1623, "fields": {"session_player_part": 85, "parameter_set_labels_period": 13, "choice": null, "session_part_period": 363, "majority_choice": null, "timestamp": "2022-10-20T15:42:39.009Z", "updated": "2022-10-20T15:42:39.009Z"}}, {"model": "main.sessionplayerpartperiod", "pk": 1624, "fields": {"session_player_part": 85, "parameter_set_labels_period": 14, "choice": null, "session_part_period": 364, "majority_choice": null, "timestamp": "2022-10-20T15:42:39.009Z", "updated": "2022-10-20T15:42:39.009Z"}}, {"model": "main.sessionplayerpartperiod", "pk": 1625, "fields": {"session_player_part": 85, "parameter_set_labels_period": 15, "choice": null, "session_part_period": 365, "majority_choice": null, "timestamp": "2022-10-20T15:42:39.009Z", "updated": "2022-10-20T15:42:39.009Z"}}, {"model": "main.sessionplayerpartperiod", "pk": 1626, "fields": {"session_player_part": 85, "parameter_set_labels_period": 16, "choice": null, "session_part_period": 366, "majority_choice": null, "timestamp": "2022-10-20T15:42:39.009Z", "updated": "2022-10-20T15:42:39.009Z"}}, {"model": "main.sessionplayerpartperiod", "pk": 1627, "fields": {"session_player_part": 85, "parameter_set_labels_period": 17, "choice": null, "session_part_period": 367, "majority_choice": null, "timestamp": "2022-10-20T15:42:39.009Z", "updated": "2022-10-20T15:42:39.009Z"}}, {"model": "main.sessionplayerpartperiod", "pk": 1628, "fields": {"session_player_part": 85, "parameter_set_labels_period": 18, "choice": null, "session_part_period": 368, "majority_choice": null, "timestamp": "2022-10-20T15:42:39.009Z", "updated": "2022-10-20T15:42:39.009Z"}}, {"model": "main.sessionplayerpartperiod", "pk": 1629, "fields": {"session_player_part": 85, "parameter_set_labels_period": 19, "choice": null, "session_part_period": 369, "majority_choice": null, "timestamp": "2022-10-20T15:42:39.009Z", "updated": "2022-10-20T15:42:39.009Z"}}, {"model": "main.sessionplayerpartperiod", "pk": 1630, "fields": {"session_player_part": 85, "parameter_set_labels_period": 20, "choice": null, "session_part_period": 370, "majority_choice": null, "timestamp": "2022-10-20T15:42:39.009Z", "updated": "2022-10-20T15:42:39.009Z"}}, {"model": "main.sessionplayerpartperiod", "pk": 1631, "fields": {"session_player_part": 85, "parameter_set_labels_period": 61, "choice": null, "session_part_period": 371, "majority_choice": null, "timestamp": "2022-10-20T15:42:39.009Z", "updated": "2022-10-20T15:42:39.009Z"}}, {"model": "main.sessionplayerpartperiod", "pk": 1632, "fields": {"session_player_part": 85, "parameter_set_labels_period": 62, "choice": null, "session_part_period": 372, "majority_choice": null, "timestamp": "2022-10-20T15:42:39.009Z", "updated": "2022-10-20T15:42:39.009Z"}}, {"model": "main.sessionplayerpartperiod", "pk": 1633, "fields": {"session_player_part": 85, "parameter_set_labels_period": 63, "choice": null, "session_part_period": 373, "majority_choice": null, "timestamp": "2022-10-20T15:42:39.009Z", "updated": "2022-10-20T15:42:39.009Z"}}, {"model": "main.sessionplayerpartperiod", "pk": 1634, "fields": {"session_player_part": 85, "parameter_set_labels_period": 64, "choice": null, "session_part_period": 374, "majority_choice": null, "timestamp": "2022-10-20T15:42:39.009Z", "updated": "2022-10-20T15:42:39.009Z"}}, {"model": "main.sessionplayerpartperiod", "pk": 1635, "fields": {"session_player_part": 85, "parameter_set_labels_period": 65, "choice": null, "session_part_period": 375, "majority_choice": null, "timestamp": "2022-10-20T15:42:39.009Z", "updated": "2022-10-20T15:42:39.009Z"}}, {"model": "main.sessionplayerpartperiod", "pk": 1636, "fields": {"session_player_part": 85, "parameter_set_labels_period": 66, "choice": null, "session_part_period": 376, "majority_choice": null, "timestamp": "2022-10-20T15:42:39.009Z", "updated": "2022-10-20T15:42:39.009Z"}}, {"model": "main.sessionplayerpartperiod", "pk": 1637, "fields": {"session_player_part": 85, "parameter_set_labels_period": 67, "choice": null, "session_part_period": 377, "majority_choice": null, "timestamp": "2022-10-20T15:42:39.009Z", "updated": "2022-10-20T15:42:39.009Z"}}, {"model": "main.sessionplayerpartperiod", "pk": 1638, "fields": {"session_player_part": 85, "parameter_set_labels_period": 68, "choice": null, "session_part_period": 378, "majority_choice": null, "timestamp": "2022-10-20T15:42:39.009Z", "updated": "2022-10-20T15:42:39.009Z"}}, {"model": "main.sessionplayerpartperiod", "pk": 1639, "fields": {"session_player_part": 85, "parameter_set_labels_period": 69, "choice": null, "session_part_period": 379, "majority_choice": null, "timestamp": "2022-10-20T15:42:39.009Z", "updated": "2022-10-20T15:42:39.009Z"}}, {"model": "main.sessionplayerpartperiod", "pk": 1640, "fields": {"session_player_part": 85, "parameter_set_labels_period": 70, "choice": null, "session_part_period": 380, "majority_choice": null, "timestamp": "2022-10-20T15:42:39.009Z", "updated": "2022-10-20T15:42:39.009Z"}}, {"model": "main.sessionplayerpartperiod", "pk": 1641, "fields": {"session_player_part": 86, "parameter_set_labels_period": 11, "choice": null, "session_part_period": 381, "majority_choice": null, "timestamp": "2022-10-20T15:42:39.064Z", "updated": "2022-10-20T15:42:39.065Z"}}, {"model": "main.sessionplayerpartperiod", "pk": 1642, "fields": {"session_player_part": 86, "parameter_set_labels_period": 12, "choice": null, "session_part_period": 382, "majority_choice": null, "timestamp": "2022-10-20T15:42:39.065Z", "updated": "2022-10-20T15:42:39.065Z"}}, {"model": "main.sessionplayerpartperiod", "pk": 1643, "fields": {"session_player_part": 86, "parameter_set_labels_period": 13, "choice": null, "session_part_period": 383, "majority_choice": null, "timestamp": "2022-10-20T15:42:39.065Z", "updated": "2022-10-20T15:42:39.065Z"}}, {"model": "main.sessionplayerpartperiod", "pk": 1644, "fields": {"session_player_part": 86, "parameter_set_labels_period": 14, "choice": null, "session_part_period": 384, "majority_choice": null, "timestamp": "2022-10-20T15:42:39.065Z", "updated": "2022-10-20T15:42:39.065Z"}}, {"model": "main.sessionplayerpartperiod", "pk": 1645, "fields": {"session_player_part": 86, "parameter_set_labels_period": 15, "choice": null, "session_part_period": 385, "majority_choice": null, "timestamp": "2022-10-20T15:42:39.065Z", "updated": "2022-10-20T15:42:39.065Z"}}, {"model": "main.sessionplayerpartperiod", "pk": 1646, "fields": {"session_player_part": 86, "parameter_set_labels_period": 16, "choice": null, "session_part_period": 386, "majority_choice": null, "timestamp": "2022-10-20T15:42:39.065Z", "updated": "2022-10-20T15:42:39.065Z"}}, {"model": "main.sessionplayerpartperiod", "pk": 1647, "fields": {"session_player_part": 86, "parameter_set_labels_period": 17, "choice": null, "session_part_period": 387, "majority_choice": null, "timestamp": "2022-10-20T15:42:39.065Z", "updated": "2022-10-20T15:42:39.065Z"}}, {"model": "main.sessionplayerpartperiod", "pk": 1648, "fields": {"session_player_part": 86, "parameter_set_labels_period": 18, "choice": null, "session_part_period": 388, "majority_choice": null, "timestamp": "2022-10-20T15:42:39.065Z", "updated": "2022-10-20T15:42:39.065Z"}}, {"model": "main.sessionplayerpartperiod", "pk": 1649, "fields": {"session_player_part": 86, "parameter_set_labels_period": 19, "choice": null, "session_part_period": 389, "majority_choice": null, "timestamp": "2022-10-20T15:42:39.065Z", "updated": "2022-10-20T15:42:39.065Z"}}, {"model": "main.sessionplayerpartperiod", "pk": 1650, "fields": {"session_player_part": 86, "parameter_set_labels_period": 20, "choice": null, "session_part_period": 390, "majority_choice": null, "timestamp": "2022-10-20T15:42:39.065Z", "updated": "2022-10-20T15:42:39.065Z"}}, {"model": "main.sessionplayerpartperiod", "pk": 1651, "fields": {"session_player_part": 86, "parameter_set_labels_period": 61, "choice": null, "session_part_period": 391, "majority_choice": null, "timestamp": "2022-10-20T15:42:39.065Z", "updated": "2022-10-20T15:42:39.065Z"}}, {"model": "main.sessionplayerpartperiod", "pk": 1652, "fields": {"session_player_part": 86, "parameter_set_labels_period": 62, "choice": null, "session_part_period": 392, "majority_choice": null, "timestamp": "2022-10-20T15:42:39.065Z", "updated": "2022-10-20T15:42:39.065Z"}}, {"model": "main.sessionplayerpartperiod", "pk": 1653, "fields": {"session_player_part": 86, "parameter_set_labels_period": 63, "choice": null, "session_part_period": 393, "majority_choice": null, "timestamp": "2022-10-20T15:42:39.065Z", "updated": "2022-10-20T15:42:39.065Z"}}, {"model": "main.sessionplayerpartperiod", "pk": 1654, "fields": {"session_player_part": 86, "parameter_set_labels_period": 64, "choice": null, "session_part_period": 394, "majority_choice": null, "timestamp": "2022-10-20T15:42:39.065Z", "updated": "2022-10-20T15:42:39.065Z"}}, {"model": "main.sessionplayerpartperiod", "pk": 1655, "fields": {"session_player_part": 86, "parameter_set_labels_period": 65, "choice": null, "session_part_period": 395, "majority_choice": null, "timestamp": "2022-10-20T15:42:39.065Z", "updated": "2022-10-20T15:42:39.065Z"}}, {"model": "main.sessionplayerpartperiod", "pk": 1656, "fields": {"session_player_part": 86, "parameter_set_labels_period": 66, "choice": null, "session_part_period": 396, "majority_choice": null, "timestamp": "2022-10-20T15:42:39.065Z", "updated": "2022-10-20T15:42:39.065Z"}}, {"model": "main.sessionplayerpartperiod", "pk": 1657, "fields": {"session_player_part": 86, "parameter_set_labels_period": 67, "choice": null, "session_part_period": 397, "majority_choice": null, "timestamp": "2022-10-20T15:42:39.065Z", "updated": "2022-10-20T15:42:39.065Z"}}, {"model": "main.sessionplayerpartperiod", "pk": 1658, "fields": {"session_player_part": 86, "parameter_set_labels_period": 68, "choice": null, "session_part_period": 398, "majority_choice": null, "timestamp": "2022-10-20T15:42:39.065Z", "updated": "2022-10-20T15:42:39.065Z"}}, {"model": "main.sessionplayerpartperiod", "pk": 1659, "fields": {"session_player_part": 86, "parameter_set_labels_period": 69, "choice": null, "session_part_period": 399, "majority_choice": null, "timestamp": "2022-10-20T15:42:39.065Z", "updated": "2022-10-20T15:42:39.065Z"}}, {"model": "main.sessionplayerpartperiod", "pk": 1660, "fields": {"session_player_part": 86, "parameter_set_labels_period": 70, "choice": null, "session_part_period": 400, "majority_choice": null, "timestamp": "2022-10-20T15:42:39.065Z", "updated": "2022-10-20T15:42:39.065Z"}}, {"model": "main.sessionplayerpartperiod", "pk": 1661, "fields": {"session_player_part": 87, "parameter_set_labels_period": 11, "choice": null, "session_part_period": 401, "majority_choice": null, "timestamp": "2022-10-20T15:42:39.119Z", "updated": "2022-10-20T15:42:39.120Z"}}, {"model": "main.sessionplayerpartperiod", "pk": 1662, "fields": {"session_player_part": 87, "parameter_set_labels_period": 12, "choice": null, "session_part_period": 402, "majority_choice": null, "timestamp": "2022-10-20T15:42:39.120Z", "updated": "2022-10-20T15:42:39.120Z"}}, {"model": "main.sessionplayerpartperiod", "pk": 1663, "fields": {"session_player_part": 87, "parameter_set_labels_period": 13, "choice": null, "session_part_period": 403, "majority_choice": null, "timestamp": "2022-10-20T15:42:39.120Z", "updated": "2022-10-20T15:42:39.120Z"}}, {"model": "main.sessionplayerpartperiod", "pk": 1664, "fields": {"session_player_part": 87, "parameter_set_labels_period": 14, "choice": null, "session_part_period": 404, "majority_choice": null, "timestamp": "2022-10-20T15:42:39.120Z", "updated": "2022-10-20T15:42:39.120Z"}}, {"model": "main.sessionplayerpartperiod", "pk": 1665, "fields": {"session_player_part": 87, "parameter_set_labels_period": 15, "choice": null, "session_part_period": 405, "majority_choice": null, "timestamp": "2022-10-20T15:42:39.120Z", "updated": "2022-10-20T15:42:39.120Z"}}, {"model": "main.sessionplayerpartperiod", "pk": 1666, "fields": {"session_player_part": 87, "parameter_set_labels_period": 16, "choice": null, "session_part_period": 406, "majority_choice": null, "timestamp": "2022-10-20T15:42:39.120Z", "updated": "2022-10-20T15:42:39.120Z"}}, {"model": "main.sessionplayerpartperiod", "pk": 1667, "fields": {"session_player_part": 87, "parameter_set_labels_period": 17, "choice": null, "session_part_period": 407, "majority_choice": null, "timestamp": "2022-10-20T15:42:39.120Z", "updated": "2022-10-20T15:42:39.120Z"}}, {"model": "main.sessionplayerpartperiod", "pk": 1668, "fields": {"session_player_part": 87, "parameter_set_labels_period": 18, "choice": null, "session_part_period": 408, "majority_choice": null, "timestamp": "2022-10-20T15:42:39.120Z", "updated": "2022-10-20T15:42:39.120Z"}}, {"model": "main.sessionplayerpartperiod", "pk": 1669, "fields": {"session_player_part": 87, "parameter_set_labels_period": 19, "choice": null, "session_part_period": 409, "majority_choice": null, "timestamp": "2022-10-20T15:42:39.120Z", "updated": "2022-10-20T15:42:39.120Z"}}, {"model": "main.sessionplayerpartperiod", "pk": 1670, "fields": {"session_player_part": 87, "parameter_set_labels_period": 20, "choice": null, "session_part_period": 410, "majority_choice": null, "timestamp": "2022-10-20T15:42:39.120Z", "updated": "2022-10-20T15:42:39.120Z"}}, {"model": "main.sessionplayerpartperiod", "pk": 1671, "fields": {"session_player_part": 87, "parameter_set_labels_period": 61, "choice": null, "session_part_period": 411, "majority_choice": null, "timestamp": "2022-10-20T15:42:39.120Z", "updated": "2022-10-20T15:42:39.120Z"}}, {"model": "main.sessionplayerpartperiod", "pk": 1672, "fields": {"session_player_part": 87, "parameter_set_labels_period": 62, "choice": null, "session_part_period": 412, "majority_choice": null, "timestamp": "2022-10-20T15:42:39.120Z", "updated": "2022-10-20T15:42:39.120Z"}}, {"model": "main.sessionplayerpartperiod", "pk": 1673, "fields": {"session_player_part": 87, "parameter_set_labels_period": 63, "choice": null, "session_part_period": 413, "majority_choice": null, "timestamp": "2022-10-20T15:42:39.120Z", "updated": "2022-10-20T15:42:39.120Z"}}, {"model": "main.sessionplayerpartperiod", "pk": 1674, "fields": {"session_player_part": 87, "parameter_set_labels_period": 64, "choice": null, "session_part_period": 414, "majority_choice": null, "timestamp": "2022-10-20T15:42:39.120Z", "updated": "2022-10-20T15:42:39.120Z"}}, {"model": "main.sessionplayerpartperiod", "pk": 1675, "fields": {"session_player_part": 87, "parameter_set_labels_period": 65, "choice": null, "session_part_period": 415, "majority_choice": null, "timestamp": "2022-10-20T15:42:39.120Z", "updated": "2022-10-20T15:42:39.120Z"}}, {"model": "main.sessionplayerpartperiod", "pk": 1676, "fields": {"session_player_part": 87, "parameter_set_labels_period": 66, "choice": null, "session_part_period": 416, "majority_choice": null, "timestamp": "2022-10-20T15:42:39.120Z", "updated": "2022-10-20T15:42:39.120Z"}}, {"model": "main.sessionplayerpartperiod", "pk": 1677, "fields": {"session_player_part": 87, "parameter_set_labels_period": 67, "choice": null, "session_part_period": 417, "majority_choice": null, "timestamp": "2022-10-20T15:42:39.120Z", "updated": "2022-10-20T15:42:39.120Z"}}, {"model": "main.sessionplayerpartperiod", "pk": 1678, "fields": {"session_player_part": 87, "parameter_set_labels_period": 68, "choice": null, "session_part_period": 418, "majority_choice": null, "timestamp": "2022-10-20T15:42:39.120Z", "updated": "2022-10-20T15:42:39.120Z"}}, {"model": "main.sessionplayerpartperiod", "pk": 1679, "fields": {"session_player_part": 87, "parameter_set_labels_period": 69, "choice": null, "session_part_period": 419, "majority_choice": null, "timestamp": "2022-10-20T15:42:39.120Z", "updated": "2022-10-20T15:42:39.120Z"}}, {"model": "main.sessionplayerpartperiod", "pk": 1680, "fields": {"session_player_part": 87, "parameter_set_labels_period": 70, "choice": null, "session_part_period": 420, "majority_choice": null, "timestamp": "2022-10-20T15:42:39.120Z", "updated": "2022-10-20T15:42:39.120Z"}}, {"model": "main.sessionplayerpartperiod", "pk": 1681, "fields": {"session_player_part": 88, "parameter_set_labels_period": 11, "choice": null, "session_part_period": 361, "majority_choice": null, "timestamp": "2022-10-20T15:42:39.192Z", "updated": "2022-10-20T15:42:39.192Z"}}, {"model": "main.sessionplayerpartperiod", "pk": 1682, "fields": {"session_player_part": 88, "parameter_set_labels_period": 12, "choice": null, "session_part_period": 362, "majority_choice": null, "timestamp": "2022-10-20T15:42:39.192Z", "updated": "2022-10-20T15:42:39.192Z"}}, {"model": "main.sessionplayerpartperiod", "pk": 1683, "fields": {"session_player_part": 88, "parameter_set_labels_period": 13, "choice": null, "session_part_period": 363, "majority_choice": null, "timestamp": "2022-10-20T15:42:39.192Z", "updated": "2022-10-20T15:42:39.192Z"}}, {"model": "main.sessionplayerpartperiod", "pk": 1684, "fields": {"session_player_part": 88, "parameter_set_labels_period": 14, "choice": null, "session_part_period": 364, "majority_choice": null, "timestamp": "2022-10-20T15:42:39.192Z", "updated": "2022-10-20T15:42:39.192Z"}}, {"model": "main.sessionplayerpartperiod", "pk": 1685, "fields": {"session_player_part": 88, "parameter_set_labels_period": 15, "choice": null, "session_part_period": 365, "majority_choice": null, "timestamp": "2022-10-20T15:42:39.192Z", "updated": "2022-10-20T15:42:39.192Z"}}, {"model": "main.sessionplayerpartperiod", "pk": 1686, "fields": {"session_player_part": 88, "parameter_set_labels_period": 16, "choice": null, "session_part_period": 366, "majority_choice": null, "timestamp": "2022-10-20T15:42:39.192Z", "updated": "2022-10-20T15:42:39.192Z"}}, {"model": "main.sessionplayerpartperiod", "pk": 1687, "fields": {"session_player_part": 88, "parameter_set_labels_period": 17, "choice": null, "session_part_period": 367, "majority_choice": null, "timestamp": "2022-10-20T15:42:39.192Z", "updated": "2022-10-20T15:42:39.192Z"}}, {"model": "main.sessionplayerpartperiod", "pk": 1688, "fields": {"session_player_part": 88, "parameter_set_labels_period": 18, "choice": null, "session_part_period": 368, "majority_choice": null, "timestamp": "2022-10-20T15:42:39.192Z", "updated": "2022-10-20T15:42:39.192Z"}}, {"model": "main.sessionplayerpartperiod", "pk": 1689, "fields": {"session_player_part": 88, "parameter_set_labels_period": 19, "choice": null, "session_part_period": 369, "majority_choice": null, "timestamp": "2022-10-20T15:42:39.192Z", "updated": "2022-10-20T15:42:39.192Z"}}, {"model": "main.sessionplayerpartperiod", "pk": 1690, "fields": {"session_player_part": 88, "parameter_set_labels_period": 20, "choice": null, "session_part_period": 370, "majority_choice": null, "timestamp": "2022-10-20T15:42:39.192Z", "updated": "2022-10-20T15:42:39.192Z"}}, {"model": "main.sessionplayerpartperiod", "pk": 1691, "fields": {"session_player_part": 88, "parameter_set_labels_period": 61, "choice": null, "session_part_period": 371, "majority_choice": null, "timestamp": "2022-10-20T15:42:39.192Z", "updated": "2022-10-20T15:42:39.192Z"}}, {"model": "main.sessionplayerpartperiod", "pk": 1692, "fields": {"session_player_part": 88, "parameter_set_labels_period": 62, "choice": null, "session_part_period": 372, "majority_choice": null, "timestamp": "2022-10-20T15:42:39.192Z", "updated": "2022-10-20T15:42:39.192Z"}}, {"model": "main.sessionplayerpartperiod", "pk": 1693, "fields": {"session_player_part": 88, "parameter_set_labels_period": 63, "choice": null, "session_part_period": 373, "majority_choice": null, "timestamp": "2022-10-20T15:42:39.192Z", "updated": "2022-10-20T15:42:39.192Z"}}, {"model": "main.sessionplayerpartperiod", "pk": 1694, "fields": {"session_player_part": 88, "parameter_set_labels_period": 64, "choice": null, "session_part_period": 374, "majority_choice": null, "timestamp": "2022-10-20T15:42:39.192Z", "updated": "2022-10-20T15:42:39.192Z"}}, {"model": "main.sessionplayerpartperiod", "pk": 1695, "fields": {"session_player_part": 88, "parameter_set_labels_period": 65, "choice": null, "session_part_period": 375, "majority_choice": null, "timestamp": "2022-10-20T15:42:39.193Z", "updated": "2022-10-20T15:42:39.193Z"}}, {"model": "main.sessionplayerpartperiod", "pk": 1696, "fields": {"session_player_part": 88, "parameter_set_labels_period": 66, "choice": null, "session_part_period": 376, "majority_choice": null, "timestamp": "2022-10-20T15:42:39.193Z", "updated": "2022-10-20T15:42:39.193Z"}}, {"model": "main.sessionplayerpartperiod", "pk": 1697, "fields": {"session_player_part": 88, "parameter_set_labels_period": 67, "choice": null, "session_part_period": 377, "majority_choice": null, "timestamp": "2022-10-20T15:42:39.193Z", "updated": "2022-10-20T15:42:39.193Z"}}, {"model": "main.sessionplayerpartperiod", "pk": 1698, "fields": {"session_player_part": 88, "parameter_set_labels_period": 68, "choice": null, "session_part_period": 378, "majority_choice": null, "timestamp": "2022-10-20T15:42:39.193Z", "updated": "2022-10-20T15:42:39.193Z"}}, {"model": "main.sessionplayerpartperiod", "pk": 1699, "fields": {"session_player_part": 88, "parameter_set_labels_period": 69, "choice": null, "session_part_period": 379, "majority_choice": null, "timestamp": "2022-10-20T15:42:39.193Z", "updated": "2022-10-20T15:42:39.193Z"}}, {"model": "main.sessionplayerpartperiod", "pk": 1700, "fields": {"session_player_part": 88, "parameter_set_labels_period": 70, "choice": null, "session_part_period": 380, "majority_choice": null, "timestamp": "2022-10-20T15:42:39.193Z", "updated": "2022-10-20T15:42:39.193Z"}}, {"model": "main.sessionplayerpartperiod", "pk": 1701, "fields": {"session_player_part": 89, "parameter_set_labels_period": 1, "choice": null, "session_part_period": 381, "majority_choice": null, "timestamp": "2022-10-20T15:42:39.248Z", "updated": "2022-10-20T15:42:39.248Z"}}, {"model": "main.sessionplayerpartperiod", "pk": 1702, "fields": {"session_player_part": 89, "parameter_set_labels_period": 2, "choice": null, "session_part_period": 382, "majority_choice": null, "timestamp": "2022-10-20T15:42:39.248Z", "updated": "2022-10-20T15:42:39.248Z"}}, {"model": "main.sessionplayerpartperiod", "pk": 1703, "fields": {"session_player_part": 89, "parameter_set_labels_period": 3, "choice": null, "session_part_period": 383, "majority_choice": null, "timestamp": "2022-10-20T15:42:39.248Z", "updated": "2022-10-20T15:42:39.248Z"}}, {"model": "main.sessionplayerpartperiod", "pk": 1704, "fields": {"session_player_part": 89, "parameter_set_labels_period": 4, "choice": null, "session_part_period": 384, "majority_choice": null, "timestamp": "2022-10-20T15:42:39.248Z", "updated": "2022-10-20T15:42:39.248Z"}}, {"model": "main.sessionplayerpartperiod", "pk": 1705, "fields": {"session_player_part": 89, "parameter_set_labels_period": 5, "choice": null, "session_part_period": 385, "majority_choice": null, "timestamp": "2022-10-20T15:42:39.248Z", "updated": "2022-10-20T15:42:39.248Z"}}, {"model": "main.sessionplayerpartperiod", "pk": 1706, "fields": {"session_player_part": 89, "parameter_set_labels_period": 6, "choice": null, "session_part_period": 386, "majority_choice": null, "timestamp": "2022-10-20T15:42:39.248Z", "updated": "2022-10-20T15:42:39.248Z"}}, {"model": "main.sessionplayerpartperiod", "pk": 1707, "fields": {"session_player_part": 89, "parameter_set_labels_period": 7, "choice": null, "session_part_period": 387, "majority_choice": null, "timestamp": "2022-10-20T15:42:39.248Z", "updated": "2022-10-20T15:42:39.248Z"}}, {"model": "main.sessionplayerpartperiod", "pk": 1708, "fields": {"session_player_part": 89, "parameter_set_labels_period": 8, "choice": null, "session_part_period": 388, "majority_choice": null, "timestamp": "2022-10-20T15:42:39.248Z", "updated": "2022-10-20T15:42:39.248Z"}}, {"model": "main.sessionplayerpartperiod", "pk": 1709, "fields": {"session_player_part": 89, "parameter_set_labels_period": 9, "choice": null, "session_part_period": 389, "majority_choice": null, "timestamp": "2022-10-20T15:42:39.248Z", "updated": "2022-10-20T15:42:39.248Z"}}, {"model": "main.sessionplayerpartperiod", "pk": 1710, "fields": {"session_player_part": 89, "parameter_set_labels_period": 10, "choice": null, "session_part_period": 390, "majority_choice": null, "timestamp": "2022-10-20T15:42:39.248Z", "updated": "2022-10-20T15:42:39.248Z"}}, {"model": "main.sessionplayerpartperiod", "pk": 1711, "fields": {"session_player_part": 89, "parameter_set_labels_period": 71, "choice": null, "session_part_period": 391, "majority_choice": null, "timestamp": "2022-10-20T15:42:39.248Z", "updated": "2022-10-20T15:42:39.248Z"}}, {"model": "main.sessionplayerpartperiod", "pk": 1712, "fields": {"session_player_part": 89, "parameter_set_labels_period": 72, "choice": null, "session_part_period": 392, "majority_choice": null, "timestamp": "2022-10-20T15:42:39.248Z", "updated": "2022-10-20T15:42:39.248Z"}}, {"model": "main.sessionplayerpartperiod", "pk": 1713, "fields": {"session_player_part": 89, "parameter_set_labels_period": 73, "choice": null, "session_part_period": 393, "majority_choice": null, "timestamp": "2022-10-20T15:42:39.248Z", "updated": "2022-10-20T15:42:39.248Z"}}, {"model": "main.sessionplayerpartperiod", "pk": 1714, "fields": {"session_player_part": 89, "parameter_set_labels_period": 74, "choice": null, "session_part_period": 394, "majority_choice": null, "timestamp": "2022-10-20T15:42:39.248Z", "updated": "2022-10-20T15:42:39.248Z"}}, {"model": "main.sessionplayerpartperiod", "pk": 1715, "fields": {"session_player_part": 89, "parameter_set_labels_period": 75, "choice": null, "session_part_period": 395, "majority_choice": null, "timestamp": "2022-10-20T15:42:39.248Z", "updated": "2022-10-20T15:42:39.248Z"}}, {"model": "main.sessionplayerpartperiod", "pk": 1716, "fields": {"session_player_part": 89, "parameter_set_labels_period": 76, "choice": null, "session_part_period": 396, "majority_choice": null, "timestamp": "2022-10-20T15:42:39.248Z", "updated": "2022-10-20T15:42:39.248Z"}}, {"model": "main.sessionplayerpartperiod", "pk": 1717, "fields": {"session_player_part": 89, "parameter_set_labels_period": 77, "choice": null, "session_part_period": 397, "majority_choice": null, "timestamp": "2022-10-20T15:42:39.248Z", "updated": "2022-10-20T15:42:39.248Z"}}, {"model": "main.sessionplayerpartperiod", "pk": 1718, "fields": {"session_player_part": 89, "parameter_set_labels_period": 78, "choice": null, "session_part_period": 398, "majority_choice": null, "timestamp": "2022-10-20T15:42:39.248Z", "updated": "2022-10-20T15:42:39.248Z"}}, {"model": "main.sessionplayerpartperiod", "pk": 1719, "fields": {"session_player_part": 89, "parameter_set_labels_period": 79, "choice": null, "session_part_period": 399, "majority_choice": null, "timestamp": "2022-10-20T15:42:39.248Z", "updated": "2022-10-20T15:42:39.248Z"}}, {"model": "main.sessionplayerpartperiod", "pk": 1720, "fields": {"session_player_part": 89, "parameter_set_labels_period": 80, "choice": null, "session_part_period": 400, "majority_choice": null, "timestamp": "2022-10-20T15:42:39.249Z", "updated": "2022-10-20T15:42:39.249Z"}}, {"model": "main.sessionplayerpartperiod", "pk": 1721, "fields": {"session_player_part": 90, "parameter_set_labels_period": 1, "choice": null, "session_part_period": 401, "majority_choice": null, "timestamp": "2022-10-20T15:42:39.309Z", "updated": "2022-10-20T15:42:39.309Z"}}, {"model": "main.sessionplayerpartperiod", "pk": 1722, "fields": {"session_player_part": 90, "parameter_set_labels_period": 2, "choice": null, "session_part_period": 402, "majority_choice": null, "timestamp": "2022-10-20T15:42:39.309Z", "updated": "2022-10-20T15:42:39.309Z"}}, {"model": "main.sessionplayerpartperiod", "pk": 1723, "fields": {"session_player_part": 90, "parameter_set_labels_period": 3, "choice": null, "session_part_period": 403, "majority_choice": null, "timestamp": "2022-10-20T15:42:39.309Z", "updated": "2022-10-20T15:42:39.309Z"}}, {"model": "main.sessionplayerpartperiod", "pk": 1724, "fields": {"session_player_part": 90, "parameter_set_labels_period": 4, "choice": null, "session_part_period": 404, "majority_choice": null, "timestamp": "2022-10-20T15:42:39.309Z", "updated": "2022-10-20T15:42:39.309Z"}}, {"model": "main.sessionplayerpartperiod", "pk": 1725, "fields": {"session_player_part": 90, "parameter_set_labels_period": 5, "choice": null, "session_part_period": 405, "majority_choice": null, "timestamp": "2022-10-20T15:42:39.309Z", "updated": "2022-10-20T15:42:39.309Z"}}, {"model": "main.sessionplayerpartperiod", "pk": 1726, "fields": {"session_player_part": 90, "parameter_set_labels_period": 6, "choice": null, "session_part_period": 406, "majority_choice": null, "timestamp": "2022-10-20T15:42:39.309Z", "updated": "2022-10-20T15:42:39.309Z"}}, {"model": "main.sessionplayerpartperiod", "pk": 1727, "fields": {"session_player_part": 90, "parameter_set_labels_period": 7, "choice": null, "session_part_period": 407, "majority_choice": null, "timestamp": "2022-10-20T15:42:39.309Z", "updated": "2022-10-20T15:42:39.309Z"}}, {"model": "main.sessionplayerpartperiod", "pk": 1728, "fields": {"session_player_part": 90, "parameter_set_labels_period": 8, "choice": null, "session_part_period": 408, "majority_choice": null, "timestamp": "2022-10-20T15:42:39.309Z", "updated": "2022-10-20T15:42:39.309Z"}}, {"model": "main.sessionplayerpartperiod", "pk": 1729, "fields": {"session_player_part": 90, "parameter_set_labels_period": 9, "choice": null, "session_part_period": 409, "majority_choice": null, "timestamp": "2022-10-20T15:42:39.309Z", "updated": "2022-10-20T15:42:39.309Z"}}, {"model": "main.sessionplayerpartperiod", "pk": 1730, "fields": {"session_player_part": 90, "parameter_set_labels_period": 10, "choice": null, "session_part_period": 410, "majority_choice": null, "timestamp": "2022-10-20T15:42:39.309Z", "updated": "2022-10-20T15:42:39.309Z"}}, {"model": "main.sessionplayerpartperiod", "pk": 1731, "fields": {"session_player_part": 90, "parameter_set_labels_period": 71, "choice": null, "session_part_period": 411, "majority_choice": null, "timestamp": "2022-10-20T15:42:39.309Z", "updated": "2022-10-20T15:42:39.309Z"}}, {"model": "main.sessionplayerpartperiod", "pk": 1732, "fields": {"session_player_part": 90, "parameter_set_labels_period": 72, "choice": null, "session_part_period": 412, "majority_choice": null, "timestamp": "2022-10-20T15:42:39.309Z", "updated": "2022-10-20T15:42:39.309Z"}}, {"model": "main.sessionplayerpartperiod", "pk": 1733, "fields": {"session_player_part": 90, "parameter_set_labels_period": 73, "choice": null, "session_part_period": 413, "majority_choice": null, "timestamp": "2022-10-20T15:42:39.309Z", "updated": "2022-10-20T15:42:39.309Z"}}, {"model": "main.sessionplayerpartperiod", "pk": 1734, "fields": {"session_player_part": 90, "parameter_set_labels_period": 74, "choice": null, "session_part_period": 414, "majority_choice": null, "timestamp": "2022-10-20T15:42:39.309Z", "updated": "2022-10-20T15:42:39.309Z"}}, {"model": "main.sessionplayerpartperiod", "pk": 1735, "fields": {"session_player_part": 90, "parameter_set_labels_period": 75, "choice": null, "session_part_period": 415, "majority_choice": null, "timestamp": "2022-10-20T15:42:39.309Z", "updated": "2022-10-20T15:42:39.309Z"}}, {"model": "main.sessionplayerpartperiod", "pk": 1736, "fields": {"session_player_part": 90, "parameter_set_labels_period": 76, "choice": null, "session_part_period": 416, "majority_choice": null, "timestamp": "2022-10-20T15:42:39.309Z", "updated": "2022-10-20T15:42:39.309Z"}}, {"model": "main.sessionplayerpartperiod", "pk": 1737, "fields": {"session_player_part": 90, "parameter_set_labels_period": 77, "choice": null, "session_part_period": 417, "majority_choice": null, "timestamp": "2022-10-20T15:42:39.309Z", "updated": "2022-10-20T15:42:39.309Z"}}, {"model": "main.sessionplayerpartperiod", "pk": 1738, "fields": {"session_player_part": 90, "parameter_set_labels_period": 78, "choice": null, "session_part_period": 418, "majority_choice": null, "timestamp": "2022-10-20T15:42:39.309Z", "updated": "2022-10-20T15:42:39.309Z"}}, {"model": "main.sessionplayerpartperiod", "pk": 1739, "fields": {"session_player_part": 90, "parameter_set_labels_period": 79, "choice": null, "session_part_period": 419, "majority_choice": null, "timestamp": "2022-10-20T15:42:39.309Z", "updated": "2022-10-20T15:42:39.309Z"}}, {"model": "main.sessionplayerpartperiod", "pk": 1740, "fields": {"session_player_part": 90, "parameter_set_labels_period": 80, "choice": null, "session_part_period": 420, "majority_choice": null, "timestamp": "2022-10-20T15:42:39.309Z", "updated": "2022-10-20T15:42:39.309Z"}}, {"model": "main.sessionplayerpartperiod", "pk": 1741, "fields": {"session_player_part": 91, "parameter_set_labels_period": 11, "choice": null, "session_part_period": 361, "majority_choice": null, "timestamp": "2022-10-20T15:42:39.383Z", "updated": "2022-10-20T15:42:39.383Z"}}, {"model": "main.sessionplayerpartperiod", "pk": 1742, "fields": {"session_player_part": 91, "parameter_set_labels_period": 12, "choice": null, "session_part_period": 362, "majority_choice": null, "timestamp": "2022-10-20T15:42:39.383Z", "updated": "2022-10-20T15:42:39.383Z"}}, {"model": "main.sessionplayerpartperiod", "pk": 1743, "fields": {"session_player_part": 91, "parameter_set_labels_period": 13, "choice": null, "session_part_period": 363, "majority_choice": null, "timestamp": "2022-10-20T15:42:39.383Z", "updated": "2022-10-20T15:42:39.383Z"}}, {"model": "main.sessionplayerpartperiod", "pk": 1744, "fields": {"session_player_part": 91, "parameter_set_labels_period": 14, "choice": null, "session_part_period": 364, "majority_choice": null, "timestamp": "2022-10-20T15:42:39.383Z", "updated": "2022-10-20T15:42:39.383Z"}}, {"model": "main.sessionplayerpartperiod", "pk": 1745, "fields": {"session_player_part": 91, "parameter_set_labels_period": 15, "choice": null, "session_part_period": 365, "majority_choice": null, "timestamp": "2022-10-20T15:42:39.383Z", "updated": "2022-10-20T15:42:39.383Z"}}, {"model": "main.sessionplayerpartperiod", "pk": 1746, "fields": {"session_player_part": 91, "parameter_set_labels_period": 16, "choice": null, "session_part_period": 366, "majority_choice": null, "timestamp": "2022-10-20T15:42:39.383Z", "updated": "2022-10-20T15:42:39.383Z"}}, {"model": "main.sessionplayerpartperiod", "pk": 1747, "fields": {"session_player_part": 91, "parameter_set_labels_period": 17, "choice": null, "session_part_period": 367, "majority_choice": null, "timestamp": "2022-10-20T15:42:39.383Z", "updated": "2022-10-20T15:42:39.383Z"}}, {"model": "main.sessionplayerpartperiod", "pk": 1748, "fields": {"session_player_part": 91, "parameter_set_labels_period": 18, "choice": null, "session_part_period": 368, "majority_choice": null, "timestamp": "2022-10-20T15:42:39.383Z", "updated": "2022-10-20T15:42:39.383Z"}}, {"model": "main.sessionplayerpartperiod", "pk": 1749, "fields": {"session_player_part": 91, "parameter_set_labels_period": 19, "choice": null, "session_part_period": 369, "majority_choice": null, "timestamp": "2022-10-20T15:42:39.383Z", "updated": "2022-10-20T15:42:39.383Z"}}, {"model": "main.sessionplayerpartperiod", "pk": 1750, "fields": {"session_player_part": 91, "parameter_set_labels_period": 20, "choice": null, "session_part_period": 370, "majority_choice": null, "timestamp": "2022-10-20T15:42:39.383Z", "updated": "2022-10-20T15:42:39.383Z"}}, {"model": "main.sessionplayerpartperiod", "pk": 1751, "fields": {"session_player_part": 91, "parameter_set_labels_period": 61, "choice": null, "session_part_period": 371, "majority_choice": null, "timestamp": "2022-10-20T15:42:39.383Z", "updated": "2022-10-20T15:42:39.383Z"}}, {"model": "main.sessionplayerpartperiod", "pk": 1752, "fields": {"session_player_part": 91, "parameter_set_labels_period": 62, "choice": null, "session_part_period": 372, "majority_choice": null, "timestamp": "2022-10-20T15:42:39.383Z", "updated": "2022-10-20T15:42:39.383Z"}}, {"model": "main.sessionplayerpartperiod", "pk": 1753, "fields": {"session_player_part": 91, "parameter_set_labels_period": 63, "choice": null, "session_part_period": 373, "majority_choice": null, "timestamp": "2022-10-20T15:42:39.383Z", "updated": "2022-10-20T15:42:39.383Z"}}, {"model": "main.sessionplayerpartperiod", "pk": 1754, "fields": {"session_player_part": 91, "parameter_set_labels_period": 64, "choice": null, "session_part_period": 374, "majority_choice": null, "timestamp": "2022-10-20T15:42:39.383Z", "updated": "2022-10-20T15:42:39.383Z"}}, {"model": "main.sessionplayerpartperiod", "pk": 1755, "fields": {"session_player_part": 91, "parameter_set_labels_period": 65, "choice": null, "session_part_period": 375, "majority_choice": null, "timestamp": "2022-10-20T15:42:39.383Z", "updated": "2022-10-20T15:42:39.383Z"}}, {"model": "main.sessionplayerpartperiod", "pk": 1756, "fields": {"session_player_part": 91, "parameter_set_labels_period": 66, "choice": null, "session_part_period": 376, "majority_choice": null, "timestamp": "2022-10-20T15:42:39.383Z", "updated": "2022-10-20T15:42:39.383Z"}}, {"model": "main.sessionplayerpartperiod", "pk": 1757, "fields": {"session_player_part": 91, "parameter_set_labels_period": 67, "choice": null, "session_part_period": 377, "majority_choice": null, "timestamp": "2022-10-20T15:42:39.384Z", "updated": "2022-10-20T15:42:39.384Z"}}, {"model": "main.sessionplayerpartperiod", "pk": 1758, "fields": {"session_player_part": 91, "parameter_set_labels_period": 68, "choice": null, "session_part_period": 378, "majority_choice": null, "timestamp": "2022-10-20T15:42:39.384Z", "updated": "2022-10-20T15:42:39.384Z"}}, {"model": "main.sessionplayerpartperiod", "pk": 1759, "fields": {"session_player_part": 91, "parameter_set_labels_period": 69, "choice": null, "session_part_period": 379, "majority_choice": null, "timestamp": "2022-10-20T15:42:39.384Z", "updated": "2022-10-20T15:42:39.384Z"}}, {"model": "main.sessionplayerpartperiod", "pk": 1760, "fields": {"session_player_part": 91, "parameter_set_labels_period": 70, "choice": null, "session_part_period": 380, "majority_choice": null, "timestamp": "2022-10-20T15:42:39.384Z", "updated": "2022-10-20T15:42:39.384Z"}}, {"model": "main.sessionplayerpartperiod", "pk": 1761, "fields": {"session_player_part": 92, "parameter_set_labels_period": 21, "choice": null, "session_part_period": 381, "majority_choice": null, "timestamp": "2022-10-20T15:42:39.447Z", "updated": "2022-10-20T15:42:39.447Z"}}, {"model": "main.sessionplayerpartperiod", "pk": 1762, "fields": {"session_player_part": 92, "parameter_set_labels_period": 22, "choice": null, "session_part_period": 382, "majority_choice": null, "timestamp": "2022-10-20T15:42:39.447Z", "updated": "2022-10-20T15:42:39.447Z"}}, {"model": "main.sessionplayerpartperiod", "pk": 1763, "fields": {"session_player_part": 92, "parameter_set_labels_period": 23, "choice": null, "session_part_period": 383, "majority_choice": null, "timestamp": "2022-10-20T15:42:39.447Z", "updated": "2022-10-20T15:42:39.447Z"}}, {"model": "main.sessionplayerpartperiod", "pk": 1764, "fields": {"session_player_part": 92, "parameter_set_labels_period": 24, "choice": null, "session_part_period": 384, "majority_choice": null, "timestamp": "2022-10-20T15:42:39.447Z", "updated": "2022-10-20T15:42:39.447Z"}}, {"model": "main.sessionplayerpartperiod", "pk": 1765, "fields": {"session_player_part": 92, "parameter_set_labels_period": 25, "choice": null, "session_part_period": 385, "majority_choice": null, "timestamp": "2022-10-20T15:42:39.448Z", "updated": "2022-10-20T15:42:39.448Z"}}, {"model": "main.sessionplayerpartperiod", "pk": 1766, "fields": {"session_player_part": 92, "parameter_set_labels_period": 26, "choice": null, "session_part_period": 386, "majority_choice": null, "timestamp": "2022-10-20T15:42:39.448Z", "updated": "2022-10-20T15:42:39.448Z"}}, {"model": "main.sessionplayerpartperiod", "pk": 1767, "fields": {"session_player_part": 92, "parameter_set_labels_period": 27, "choice": null, "session_part_period": 387, "majority_choice": null, "timestamp": "2022-10-20T15:42:39.448Z", "updated": "2022-10-20T15:42:39.448Z"}}, {"model": "main.sessionplayerpartperiod", "pk": 1768, "fields": {"session_player_part": 92, "parameter_set_labels_period": 28, "choice": null, "session_part_period": 388, "majority_choice": null, "timestamp": "2022-10-20T15:42:39.448Z", "updated": "2022-10-20T15:42:39.448Z"}}, {"model": "main.sessionplayerpartperiod", "pk": 1769, "fields": {"session_player_part": 92, "parameter_set_labels_period": 29, "choice": null, "session_part_period": 389, "majority_choice": null, "timestamp": "2022-10-20T15:42:39.448Z", "updated": "2022-10-20T15:42:39.448Z"}}, {"model": "main.sessionplayerpartperiod", "pk": 1770, "fields": {"session_player_part": 92, "parameter_set_labels_period": 30, "choice": null, "session_part_period": 390, "majority_choice": null, "timestamp": "2022-10-20T15:42:39.448Z", "updated": "2022-10-20T15:42:39.448Z"}}, {"model": "main.sessionplayerpartperiod", "pk": 1771, "fields": {"session_player_part": 92, "parameter_set_labels_period": 81, "choice": null, "session_part_period": 391, "majority_choice": null, "timestamp": "2022-10-20T15:42:39.448Z", "updated": "2022-10-20T15:42:39.448Z"}}, {"model": "main.sessionplayerpartperiod", "pk": 1772, "fields": {"session_player_part": 92, "parameter_set_labels_period": 82, "choice": null, "session_part_period": 392, "majority_choice": null, "timestamp": "2022-10-20T15:42:39.448Z", "updated": "2022-10-20T15:42:39.448Z"}}, {"model": "main.sessionplayerpartperiod", "pk": 1773, "fields": {"session_player_part": 92, "parameter_set_labels_period": 83, "choice": null, "session_part_period": 393, "majority_choice": null, "timestamp": "2022-10-20T15:42:39.448Z", "updated": "2022-10-20T15:42:39.448Z"}}, {"model": "main.sessionplayerpartperiod", "pk": 1774, "fields": {"session_player_part": 92, "parameter_set_labels_period": 84, "choice": null, "session_part_period": 394, "majority_choice": null, "timestamp": "2022-10-20T15:42:39.448Z", "updated": "2022-10-20T15:42:39.448Z"}}, {"model": "main.sessionplayerpartperiod", "pk": 1775, "fields": {"session_player_part": 92, "parameter_set_labels_period": 85, "choice": null, "session_part_period": 395, "majority_choice": null, "timestamp": "2022-10-20T15:42:39.448Z", "updated": "2022-10-20T15:42:39.448Z"}}, {"model": "main.sessionplayerpartperiod", "pk": 1776, "fields": {"session_player_part": 92, "parameter_set_labels_period": 86, "choice": null, "session_part_period": 396, "majority_choice": null, "timestamp": "2022-10-20T15:42:39.448Z", "updated": "2022-10-20T15:42:39.448Z"}}, {"model": "main.sessionplayerpartperiod", "pk": 1777, "fields": {"session_player_part": 92, "parameter_set_labels_period": 87, "choice": null, "session_part_period": 397, "majority_choice": null, "timestamp": "2022-10-20T15:42:39.448Z", "updated": "2022-10-20T15:42:39.448Z"}}, {"model": "main.sessionplayerpartperiod", "pk": 1778, "fields": {"session_player_part": 92, "parameter_set_labels_period": 88, "choice": null, "session_part_period": 398, "majority_choice": null, "timestamp": "2022-10-20T15:42:39.448Z", "updated": "2022-10-20T15:42:39.448Z"}}, {"model": "main.sessionplayerpartperiod", "pk": 1779, "fields": {"session_player_part": 92, "parameter_set_labels_period": 89, "choice": null, "session_part_period": 399, "majority_choice": null, "timestamp": "2022-10-20T15:42:39.448Z", "updated": "2022-10-20T15:42:39.448Z"}}, {"model": "main.sessionplayerpartperiod", "pk": 1780, "fields": {"session_player_part": 92, "parameter_set_labels_period": 90, "choice": null, "session_part_period": 400, "majority_choice": null, "timestamp": "2022-10-20T15:42:39.448Z", "updated": "2022-10-20T15:42:39.448Z"}}, {"model": "main.sessionplayerpartperiod", "pk": 1781, "fields": {"session_player_part": 93, "parameter_set_labels_period": 1, "choice": null, "session_part_period": 401, "majority_choice": null, "timestamp": "2022-10-20T15:42:39.510Z", "updated": "2022-10-20T15:42:39.510Z"}}, {"model": "main.sessionplayerpartperiod", "pk": 1782, "fields": {"session_player_part": 93, "parameter_set_labels_period": 2, "choice": null, "session_part_period": 402, "majority_choice": null, "timestamp": "2022-10-20T15:42:39.510Z", "updated": "2022-10-20T15:42:39.510Z"}}, {"model": "main.sessionplayerpartperiod", "pk": 1783, "fields": {"session_player_part": 93, "parameter_set_labels_period": 3, "choice": null, "session_part_period": 403, "majority_choice": null, "timestamp": "2022-10-20T15:42:39.510Z", "updated": "2022-10-20T15:42:39.510Z"}}, {"model": "main.sessionplayerpartperiod", "pk": 1784, "fields": {"session_player_part": 93, "parameter_set_labels_period": 4, "choice": null, "session_part_period": 404, "majority_choice": null, "timestamp": "2022-10-20T15:42:39.510Z", "updated": "2022-10-20T15:42:39.510Z"}}, {"model": "main.sessionplayerpartperiod", "pk": 1785, "fields": {"session_player_part": 93, "parameter_set_labels_period": 5, "choice": null, "session_part_period": 405, "majority_choice": null, "timestamp": "2022-10-20T15:42:39.510Z", "updated": "2022-10-20T15:42:39.510Z"}}, {"model": "main.sessionplayerpartperiod", "pk": 1786, "fields": {"session_player_part": 93, "parameter_set_labels_period": 6, "choice": null, "session_part_period": 406, "majority_choice": null, "timestamp": "2022-10-20T15:42:39.510Z", "updated": "2022-10-20T15:42:39.510Z"}}, {"model": "main.sessionplayerpartperiod", "pk": 1787, "fields": {"session_player_part": 93, "parameter_set_labels_period": 7, "choice": null, "session_part_period": 407, "majority_choice": null, "timestamp": "2022-10-20T15:42:39.510Z", "updated": "2022-10-20T15:42:39.510Z"}}, {"model": "main.sessionplayerpartperiod", "pk": 1788, "fields": {"session_player_part": 93, "parameter_set_labels_period": 8, "choice": null, "session_part_period": 408, "majority_choice": null, "timestamp": "2022-10-20T15:42:39.510Z", "updated": "2022-10-20T15:42:39.510Z"}}, {"model": "main.sessionplayerpartperiod", "pk": 1789, "fields": {"session_player_part": 93, "parameter_set_labels_period": 9, "choice": null, "session_part_period": 409, "majority_choice": null, "timestamp": "2022-10-20T15:42:39.510Z", "updated": "2022-10-20T15:42:39.510Z"}}, {"model": "main.sessionplayerpartperiod", "pk": 1790, "fields": {"session_player_part": 93, "parameter_set_labels_period": 10, "choice": null, "session_part_period": 410, "majority_choice": null, "timestamp": "2022-10-20T15:42:39.510Z", "updated": "2022-10-20T15:42:39.510Z"}}, {"model": "main.sessionplayerpartperiod", "pk": 1791, "fields": {"session_player_part": 93, "parameter_set_labels_period": 71, "choice": null, "session_part_period": 411, "majority_choice": null, "timestamp": "2022-10-20T15:42:39.510Z", "updated": "2022-10-20T15:42:39.510Z"}}, {"model": "main.sessionplayerpartperiod", "pk": 1792, "fields": {"session_player_part": 93, "parameter_set_labels_period": 72, "choice": null, "session_part_period": 412, "majority_choice": null, "timestamp": "2022-10-20T15:42:39.510Z", "updated": "2022-10-20T15:42:39.510Z"}}, {"model": "main.sessionplayerpartperiod", "pk": 1793, "fields": {"session_player_part": 93, "parameter_set_labels_period": 73, "choice": null, "session_part_period": 413, "majority_choice": null, "timestamp": "2022-10-20T15:42:39.510Z", "updated": "2022-10-20T15:42:39.510Z"}}, {"model": "main.sessionplayerpartperiod", "pk": 1794, "fields": {"session_player_part": 93, "parameter_set_labels_period": 74, "choice": null, "session_part_period": 414, "majority_choice": null, "timestamp": "2022-10-20T15:42:39.510Z", "updated": "2022-10-20T15:42:39.510Z"}}, {"model": "main.sessionplayerpartperiod", "pk": 1795, "fields": {"session_player_part": 93, "parameter_set_labels_period": 75, "choice": null, "session_part_period": 415, "majority_choice": null, "timestamp": "2022-10-20T15:42:39.510Z", "updated": "2022-10-20T15:42:39.510Z"}}, {"model": "main.sessionplayerpartperiod", "pk": 1796, "fields": {"session_player_part": 93, "parameter_set_labels_period": 76, "choice": null, "session_part_period": 416, "majority_choice": null, "timestamp": "2022-10-20T15:42:39.510Z", "updated": "2022-10-20T15:42:39.510Z"}}, {"model": "main.sessionplayerpartperiod", "pk": 1797, "fields": {"session_player_part": 93, "parameter_set_labels_period": 77, "choice": null, "session_part_period": 417, "majority_choice": null, "timestamp": "2022-10-20T15:42:39.510Z", "updated": "2022-10-20T15:42:39.510Z"}}, {"model": "main.sessionplayerpartperiod", "pk": 1798, "fields": {"session_player_part": 93, "parameter_set_labels_period": 78, "choice": null, "session_part_period": 418, "majority_choice": null, "timestamp": "2022-10-20T15:42:39.510Z", "updated": "2022-10-20T15:42:39.510Z"}}, {"model": "main.sessionplayerpartperiod", "pk": 1799, "fields": {"session_player_part": 93, "parameter_set_labels_period": 79, "choice": null, "session_part_period": 419, "majority_choice": null, "timestamp": "2022-10-20T15:42:39.510Z", "updated": "2022-10-20T15:42:39.510Z"}}, {"model": "main.sessionplayerpartperiod", "pk": 1800, "fields": {"session_player_part": 93, "parameter_set_labels_period": 80, "choice": null, "session_part_period": 420, "majority_choice": null, "timestamp": "2022-10-20T15:42:39.510Z", "updated": "2022-10-20T15:42:39.510Z"}}, {"model": "main.sessionplayerpartperiod", "pk": 1801, "fields": {"session_player_part": 94, "parameter_set_labels_period": 11, "choice": null, "session_part_period": 361, "majority_choice": null, "timestamp": "2022-10-20T15:42:39.590Z", "updated": "2022-10-20T15:42:39.590Z"}}, {"model": "main.sessionplayerpartperiod", "pk": 1802, "fields": {"session_player_part": 94, "parameter_set_labels_period": 12, "choice": null, "session_part_period": 362, "majority_choice": null, "timestamp": "2022-10-20T15:42:39.590Z", "updated": "2022-10-20T15:42:39.590Z"}}, {"model": "main.sessionplayerpartperiod", "pk": 1803, "fields": {"session_player_part": 94, "parameter_set_labels_period": 13, "choice": null, "session_part_period": 363, "majority_choice": null, "timestamp": "2022-10-20T15:42:39.590Z", "updated": "2022-10-20T15:42:39.590Z"}}, {"model": "main.sessionplayerpartperiod", "pk": 1804, "fields": {"session_player_part": 94, "parameter_set_labels_period": 14, "choice": null, "session_part_period": 364, "majority_choice": null, "timestamp": "2022-10-20T15:42:39.591Z", "updated": "2022-10-20T15:42:39.591Z"}}, {"model": "main.sessionplayerpartperiod", "pk": 1805, "fields": {"session_player_part": 94, "parameter_set_labels_period": 15, "choice": null, "session_part_period": 365, "majority_choice": null, "timestamp": "2022-10-20T15:42:39.591Z", "updated": "2022-10-20T15:42:39.591Z"}}, {"model": "main.sessionplayerpartperiod", "pk": 1806, "fields": {"session_player_part": 94, "parameter_set_labels_period": 16, "choice": null, "session_part_period": 366, "majority_choice": null, "timestamp": "2022-10-20T15:42:39.591Z", "updated": "2022-10-20T15:42:39.591Z"}}, {"model": "main.sessionplayerpartperiod", "pk": 1807, "fields": {"session_player_part": 94, "parameter_set_labels_period": 17, "choice": null, "session_part_period": 367, "majority_choice": null, "timestamp": "2022-10-20T15:42:39.591Z", "updated": "2022-10-20T15:42:39.591Z"}}, {"model": "main.sessionplayerpartperiod", "pk": 1808, "fields": {"session_player_part": 94, "parameter_set_labels_period": 18, "choice": null, "session_part_period": 368, "majority_choice": null, "timestamp": "2022-10-20T15:42:39.591Z", "updated": "2022-10-20T15:42:39.591Z"}}, {"model": "main.sessionplayerpartperiod", "pk": 1809, "fields": {"session_player_part": 94, "parameter_set_labels_period": 19, "choice": null, "session_part_period": 369, "majority_choice": null, "timestamp": "2022-10-20T15:42:39.591Z", "updated": "2022-10-20T15:42:39.591Z"}}, {"model": "main.sessionplayerpartperiod", "pk": 1810, "fields": {"session_player_part": 94, "parameter_set_labels_period": 20, "choice": null, "session_part_period": 370, "majority_choice": null, "timestamp": "2022-10-20T15:42:39.591Z", "updated": "2022-10-20T15:42:39.591Z"}}, {"model": "main.sessionplayerpartperiod", "pk": 1811, "fields": {"session_player_part": 94, "parameter_set_labels_period": 61, "choice": null, "session_part_period": 371, "majority_choice": null, "timestamp": "2022-10-20T15:42:39.591Z", "updated": "2022-10-20T15:42:39.591Z"}}, {"model": "main.sessionplayerpartperiod", "pk": 1812, "fields": {"session_player_part": 94, "parameter_set_labels_period": 62, "choice": null, "session_part_period": 372, "majority_choice": null, "timestamp": "2022-10-20T15:42:39.591Z", "updated": "2022-10-20T15:42:39.591Z"}}, {"model": "main.sessionplayerpartperiod", "pk": 1813, "fields": {"session_player_part": 94, "parameter_set_labels_period": 63, "choice": null, "session_part_period": 373, "majority_choice": null, "timestamp": "2022-10-20T15:42:39.591Z", "updated": "2022-10-20T15:42:39.591Z"}}, {"model": "main.sessionplayerpartperiod", "pk": 1814, "fields": {"session_player_part": 94, "parameter_set_labels_period": 64, "choice": null, "session_part_period": 374, "majority_choice": null, "timestamp": "2022-10-20T15:42:39.591Z", "updated": "2022-10-20T15:42:39.591Z"}}, {"model": "main.sessionplayerpartperiod", "pk": 1815, "fields": {"session_player_part": 94, "parameter_set_labels_period": 65, "choice": null, "session_part_period": 375, "majority_choice": null, "timestamp": "2022-10-20T15:42:39.591Z", "updated": "2022-10-20T15:42:39.591Z"}}, {"model": "main.sessionplayerpartperiod", "pk": 1816, "fields": {"session_player_part": 94, "parameter_set_labels_period": 66, "choice": null, "session_part_period": 376, "majority_choice": null, "timestamp": "2022-10-20T15:42:39.591Z", "updated": "2022-10-20T15:42:39.591Z"}}, {"model": "main.sessionplayerpartperiod", "pk": 1817, "fields": {"session_player_part": 94, "parameter_set_labels_period": 67, "choice": null, "session_part_period": 377, "majority_choice": null, "timestamp": "2022-10-20T15:42:39.591Z", "updated": "2022-10-20T15:42:39.591Z"}}, {"model": "main.sessionplayerpartperiod", "pk": 1818, "fields": {"session_player_part": 94, "parameter_set_labels_period": 68, "choice": null, "session_part_period": 378, "majority_choice": null, "timestamp": "2022-10-20T15:42:39.591Z", "updated": "2022-10-20T15:42:39.591Z"}}, {"model": "main.sessionplayerpartperiod", "pk": 1819, "fields": {"session_player_part": 94, "parameter_set_labels_period": 69, "choice": null, "session_part_period": 379, "majority_choice": null, "timestamp": "2022-10-20T15:42:39.591Z", "updated": "2022-10-20T15:42:39.591Z"}}, {"model": "main.sessionplayerpartperiod", "pk": 1820, "fields": {"session_player_part": 94, "parameter_set_labels_period": 70, "choice": null, "session_part_period": 380, "majority_choice": null, "timestamp": "2022-10-20T15:42:39.591Z", "updated": "2022-10-20T15:42:39.591Z"}}, {"model": "main.sessionplayerpartperiod", "pk": 1821, "fields": {"session_player_part": 95, "parameter_set_labels_period": 11, "choice": null, "session_part_period": 381, "majority_choice": null, "timestamp": "2022-10-20T15:42:39.655Z", "updated": "2022-10-20T15:42:39.656Z"}}, {"model": "main.sessionplayerpartperiod", "pk": 1822, "fields": {"session_player_part": 95, "parameter_set_labels_period": 12, "choice": null, "session_part_period": 382, "majority_choice": null, "timestamp": "2022-10-20T15:42:39.656Z", "updated": "2022-10-20T15:42:39.656Z"}}, {"model": "main.sessionplayerpartperiod", "pk": 1823, "fields": {"session_player_part": 95, "parameter_set_labels_period": 13, "choice": null, "session_part_period": 383, "majority_choice": null, "timestamp": "2022-10-20T15:42:39.656Z", "updated": "2022-10-20T15:42:39.656Z"}}, {"model": "main.sessionplayerpartperiod", "pk": 1824, "fields": {"session_player_part": 95, "parameter_set_labels_period": 14, "choice": null, "session_part_period": 384, "majority_choice": null, "timestamp": "2022-10-20T15:42:39.656Z", "updated": "2022-10-20T15:42:39.656Z"}}, {"model": "main.sessionplayerpartperiod", "pk": 1825, "fields": {"session_player_part": 95, "parameter_set_labels_period": 15, "choice": null, "session_part_period": 385, "majority_choice": null, "timestamp": "2022-10-20T15:42:39.656Z", "updated": "2022-10-20T15:42:39.656Z"}}, {"model": "main.sessionplayerpartperiod", "pk": 1826, "fields": {"session_player_part": 95, "parameter_set_labels_period": 16, "choice": null, "session_part_period": 386, "majority_choice": null, "timestamp": "2022-10-20T15:42:39.656Z", "updated": "2022-10-20T15:42:39.656Z"}}, {"model": "main.sessionplayerpartperiod", "pk": 1827, "fields": {"session_player_part": 95, "parameter_set_labels_period": 17, "choice": null, "session_part_period": 387, "majority_choice": null, "timestamp": "2022-10-20T15:42:39.656Z", "updated": "2022-10-20T15:42:39.656Z"}}, {"model": "main.sessionplayerpartperiod", "pk": 1828, "fields": {"session_player_part": 95, "parameter_set_labels_period": 18, "choice": null, "session_part_period": 388, "majority_choice": null, "timestamp": "2022-10-20T15:42:39.656Z", "updated": "2022-10-20T15:42:39.656Z"}}, {"model": "main.sessionplayerpartperiod", "pk": 1829, "fields": {"session_player_part": 95, "parameter_set_labels_period": 19, "choice": null, "session_part_period": 389, "majority_choice": null, "timestamp": "2022-10-20T15:42:39.656Z", "updated": "2022-10-20T15:42:39.656Z"}}, {"model": "main.sessionplayerpartperiod", "pk": 1830, "fields": {"session_player_part": 95, "parameter_set_labels_period": 20, "choice": null, "session_part_period": 390, "majority_choice": null, "timestamp": "2022-10-20T15:42:39.656Z", "updated": "2022-10-20T15:42:39.656Z"}}, {"model": "main.sessionplayerpartperiod", "pk": 1831, "fields": {"session_player_part": 95, "parameter_set_labels_period": 61, "choice": null, "session_part_period": 391, "majority_choice": null, "timestamp": "2022-10-20T15:42:39.656Z", "updated": "2022-10-20T15:42:39.656Z"}}, {"model": "main.sessionplayerpartperiod", "pk": 1832, "fields": {"session_player_part": 95, "parameter_set_labels_period": 62, "choice": null, "session_part_period": 392, "majority_choice": null, "timestamp": "2022-10-20T15:42:39.656Z", "updated": "2022-10-20T15:42:39.656Z"}}, {"model": "main.sessionplayerpartperiod", "pk": 1833, "fields": {"session_player_part": 95, "parameter_set_labels_period": 63, "choice": null, "session_part_period": 393, "majority_choice": null, "timestamp": "2022-10-20T15:42:39.656Z", "updated": "2022-10-20T15:42:39.656Z"}}, {"model": "main.sessionplayerpartperiod", "pk": 1834, "fields": {"session_player_part": 95, "parameter_set_labels_period": 64, "choice": null, "session_part_period": 394, "majority_choice": null, "timestamp": "2022-10-20T15:42:39.656Z", "updated": "2022-10-20T15:42:39.656Z"}}, {"model": "main.sessionplayerpartperiod", "pk": 1835, "fields": {"session_player_part": 95, "parameter_set_labels_period": 65, "choice": null, "session_part_period": 395, "majority_choice": null, "timestamp": "2022-10-20T15:42:39.656Z", "updated": "2022-10-20T15:42:39.656Z"}}, {"model": "main.sessionplayerpartperiod", "pk": 1836, "fields": {"session_player_part": 95, "parameter_set_labels_period": 66, "choice": null, "session_part_period": 396, "majority_choice": null, "timestamp": "2022-10-20T15:42:39.656Z", "updated": "2022-10-20T15:42:39.656Z"}}, {"model": "main.sessionplayerpartperiod", "pk": 1837, "fields": {"session_player_part": 95, "parameter_set_labels_period": 67, "choice": null, "session_part_period": 397, "majority_choice": null, "timestamp": "2022-10-20T15:42:39.656Z", "updated": "2022-10-20T15:42:39.656Z"}}, {"model": "main.sessionplayerpartperiod", "pk": 1838, "fields": {"session_player_part": 95, "parameter_set_labels_period": 68, "choice": null, "session_part_period": 398, "majority_choice": null, "timestamp": "2022-10-20T15:42:39.656Z", "updated": "2022-10-20T15:42:39.656Z"}}, {"model": "main.sessionplayerpartperiod", "pk": 1839, "fields": {"session_player_part": 95, "parameter_set_labels_period": 69, "choice": null, "session_part_period": 399, "majority_choice": null, "timestamp": "2022-10-20T15:42:39.656Z", "updated": "2022-10-20T15:42:39.656Z"}}, {"model": "main.sessionplayerpartperiod", "pk": 1840, "fields": {"session_player_part": 95, "parameter_set_labels_period": 70, "choice": null, "session_part_period": 400, "majority_choice": null, "timestamp": "2022-10-20T15:42:39.656Z", "updated": "2022-10-20T15:42:39.656Z"}}, {"model": "main.sessionplayerpartperiod", "pk": 1841, "fields": {"session_player_part": 96, "parameter_set_labels_period": 1, "choice": null, "session_part_period": 401, "majority_choice": null, "timestamp": "2022-10-20T15:42:39.718Z", "updated": "2022-10-20T15:42:39.718Z"}}, {"model": "main.sessionplayerpartperiod", "pk": 1842, "fields": {"session_player_part": 96, "parameter_set_labels_period": 2, "choice": null, "session_part_period": 402, "majority_choice": null, "timestamp": "2022-10-20T15:42:39.718Z", "updated": "2022-10-20T15:42:39.718Z"}}, {"model": "main.sessionplayerpartperiod", "pk": 1843, "fields": {"session_player_part": 96, "parameter_set_labels_period": 3, "choice": null, "session_part_period": 403, "majority_choice": null, "timestamp": "2022-10-20T15:42:39.718Z", "updated": "2022-10-20T15:42:39.718Z"}}, {"model": "main.sessionplayerpartperiod", "pk": 1844, "fields": {"session_player_part": 96, "parameter_set_labels_period": 4, "choice": null, "session_part_period": 404, "majority_choice": null, "timestamp": "2022-10-20T15:42:39.718Z", "updated": "2022-10-20T15:42:39.718Z"}}, {"model": "main.sessionplayerpartperiod", "pk": 1845, "fields": {"session_player_part": 96, "parameter_set_labels_period": 5, "choice": null, "session_part_period": 405, "majority_choice": null, "timestamp": "2022-10-20T15:42:39.718Z", "updated": "2022-10-20T15:42:39.718Z"}}, {"model": "main.sessionplayerpartperiod", "pk": 1846, "fields": {"session_player_part": 96, "parameter_set_labels_period": 6, "choice": null, "session_part_period": 406, "majority_choice": null, "timestamp": "2022-10-20T15:42:39.718Z", "updated": "2022-10-20T15:42:39.718Z"}}, {"model": "main.sessionplayerpartperiod", "pk": 1847, "fields": {"session_player_part": 96, "parameter_set_labels_period": 7, "choice": null, "session_part_period": 407, "majority_choice": null, "timestamp": "2022-10-20T15:42:39.718Z", "updated": "2022-10-20T15:42:39.718Z"}}, {"model": "main.sessionplayerpartperiod", "pk": 1848, "fields": {"session_player_part": 96, "parameter_set_labels_period": 8, "choice": null, "session_part_period": 408, "majority_choice": null, "timestamp": "2022-10-20T15:42:39.718Z", "updated": "2022-10-20T15:42:39.718Z"}}, {"model": "main.sessionplayerpartperiod", "pk": 1849, "fields": {"session_player_part": 96, "parameter_set_labels_period": 9, "choice": null, "session_part_period": 409, "majority_choice": null, "timestamp": "2022-10-20T15:42:39.718Z", "updated": "2022-10-20T15:42:39.718Z"}}, {"model": "main.sessionplayerpartperiod", "pk": 1850, "fields": {"session_player_part": 96, "parameter_set_labels_period": 10, "choice": null, "session_part_period": 410, "majority_choice": null, "timestamp": "2022-10-20T15:42:39.718Z", "updated": "2022-10-20T15:42:39.718Z"}}, {"model": "main.sessionplayerpartperiod", "pk": 1851, "fields": {"session_player_part": 96, "parameter_set_labels_period": 71, "choice": null, "session_part_period": 411, "majority_choice": null, "timestamp": "2022-10-20T15:42:39.718Z", "updated": "2022-10-20T15:42:39.718Z"}}, {"model": "main.sessionplayerpartperiod", "pk": 1852, "fields": {"session_player_part": 96, "parameter_set_labels_period": 72, "choice": null, "session_part_period": 412, "majority_choice": null, "timestamp": "2022-10-20T15:42:39.718Z", "updated": "2022-10-20T15:42:39.718Z"}}, {"model": "main.sessionplayerpartperiod", "pk": 1853, "fields": {"session_player_part": 96, "parameter_set_labels_period": 73, "choice": null, "session_part_period": 413, "majority_choice": null, "timestamp": "2022-10-20T15:42:39.718Z", "updated": "2022-10-20T15:42:39.718Z"}}, {"model": "main.sessionplayerpartperiod", "pk": 1854, "fields": {"session_player_part": 96, "parameter_set_labels_period": 74, "choice": null, "session_part_period": 414, "majority_choice": null, "timestamp": "2022-10-20T15:42:39.718Z", "updated": "2022-10-20T15:42:39.718Z"}}, {"model": "main.sessionplayerpartperiod", "pk": 1855, "fields": {"session_player_part": 96, "parameter_set_labels_period": 75, "choice": null, "session_part_period": 415, "majority_choice": null, "timestamp": "2022-10-20T15:42:39.718Z", "updated": "2022-10-20T15:42:39.718Z"}}, {"model": "main.sessionplayerpartperiod", "pk": 1856, "fields": {"session_player_part": 96, "parameter_set_labels_period": 76, "choice": null, "session_part_period": 416, "majority_choice": null, "timestamp": "2022-10-20T15:42:39.718Z", "updated": "2022-10-20T15:42:39.719Z"}}, {"model": "main.sessionplayerpartperiod", "pk": 1857, "fields": {"session_player_part": 96, "parameter_set_labels_period": 77, "choice": null, "session_part_period": 417, "majority_choice": null, "timestamp": "2022-10-20T15:42:39.719Z", "updated": "2022-10-20T15:42:39.719Z"}}, {"model": "main.sessionplayerpartperiod", "pk": 1858, "fields": {"session_player_part": 96, "parameter_set_labels_period": 78, "choice": null, "session_part_period": 418, "majority_choice": null, "timestamp": "2022-10-20T15:42:39.719Z", "updated": "2022-10-20T15:42:39.719Z"}}, {"model": "main.sessionplayerpartperiod", "pk": 1859, "fields": {"session_player_part": 96, "parameter_set_labels_period": 79, "choice": null, "session_part_period": 419, "majority_choice": null, "timestamp": "2022-10-20T15:42:39.719Z", "updated": "2022-10-20T15:42:39.719Z"}}, {"model": "main.sessionplayerpartperiod", "pk": 1860, "fields": {"session_player_part": 96, "parameter_set_labels_period": 80, "choice": null, "session_part_period": 420, "majority_choice": null, "timestamp": "2022-10-20T15:42:39.719Z", "updated": "2022-10-20T15:42:39.719Z"}}, {"model": "main.sessionplayerpartperiod", "pk": 1861, "fields": {"session_player_part": 97, "parameter_set_labels_period": 11, "choice": null, "session_part_period": 361, "majority_choice": null, "timestamp": "2022-10-20T15:42:39.794Z", "updated": "2022-10-20T15:42:39.794Z"}}, {"model": "main.sessionplayerpartperiod", "pk": 1862, "fields": {"session_player_part": 97, "parameter_set_labels_period": 12, "choice": null, "session_part_period": 362, "majority_choice": null, "timestamp": "2022-10-20T15:42:39.794Z", "updated": "2022-10-20T15:42:39.794Z"}}, {"model": "main.sessionplayerpartperiod", "pk": 1863, "fields": {"session_player_part": 97, "parameter_set_labels_period": 13, "choice": null, "session_part_period": 363, "majority_choice": null, "timestamp": "2022-10-20T15:42:39.794Z", "updated": "2022-10-20T15:42:39.794Z"}}, {"model": "main.sessionplayerpartperiod", "pk": 1864, "fields": {"session_player_part": 97, "parameter_set_labels_period": 14, "choice": null, "session_part_period": 364, "majority_choice": null, "timestamp": "2022-10-20T15:42:39.794Z", "updated": "2022-10-20T15:42:39.794Z"}}, {"model": "main.sessionplayerpartperiod", "pk": 1865, "fields": {"session_player_part": 97, "parameter_set_labels_period": 15, "choice": null, "session_part_period": 365, "majority_choice": null, "timestamp": "2022-10-20T15:42:39.794Z", "updated": "2022-10-20T15:42:39.794Z"}}, {"model": "main.sessionplayerpartperiod", "pk": 1866, "fields": {"session_player_part": 97, "parameter_set_labels_period": 16, "choice": null, "session_part_period": 366, "majority_choice": null, "timestamp": "2022-10-20T15:42:39.794Z", "updated": "2022-10-20T15:42:39.794Z"}}, {"model": "main.sessionplayerpartperiod", "pk": 1867, "fields": {"session_player_part": 97, "parameter_set_labels_period": 17, "choice": null, "session_part_period": 367, "majority_choice": null, "timestamp": "2022-10-20T15:42:39.794Z", "updated": "2022-10-20T15:42:39.794Z"}}, {"model": "main.sessionplayerpartperiod", "pk": 1868, "fields": {"session_player_part": 97, "parameter_set_labels_period": 18, "choice": null, "session_part_period": 368, "majority_choice": null, "timestamp": "2022-10-20T15:42:39.794Z", "updated": "2022-10-20T15:42:39.794Z"}}, {"model": "main.sessionplayerpartperiod", "pk": 1869, "fields": {"session_player_part": 97, "parameter_set_labels_period": 19, "choice": null, "session_part_period": 369, "majority_choice": null, "timestamp": "2022-10-20T15:42:39.794Z", "updated": "2022-10-20T15:42:39.794Z"}}, {"model": "main.sessionplayerpartperiod", "pk": 1870, "fields": {"session_player_part": 97, "parameter_set_labels_period": 20, "choice": null, "session_part_period": 370, "majority_choice": null, "timestamp": "2022-10-20T15:42:39.794Z", "updated": "2022-10-20T15:42:39.794Z"}}, {"model": "main.sessionplayerpartperiod", "pk": 1871, "fields": {"session_player_part": 97, "parameter_set_labels_period": 61, "choice": null, "session_part_period": 371, "majority_choice": null, "timestamp": "2022-10-20T15:42:39.794Z", "updated": "2022-10-20T15:42:39.794Z"}}, {"model": "main.sessionplayerpartperiod", "pk": 1872, "fields": {"session_player_part": 97, "parameter_set_labels_period": 62, "choice": null, "session_part_period": 372, "majority_choice": null, "timestamp": "2022-10-20T15:42:39.794Z", "updated": "2022-10-20T15:42:39.794Z"}}, {"model": "main.sessionplayerpartperiod", "pk": 1873, "fields": {"session_player_part": 97, "parameter_set_labels_period": 63, "choice": null, "session_part_period": 373, "majority_choice": null, "timestamp": "2022-10-20T15:42:39.794Z", "updated": "2022-10-20T15:42:39.794Z"}}, {"model": "main.sessionplayerpartperiod", "pk": 1874, "fields": {"session_player_part": 97, "parameter_set_labels_period": 64, "choice": null, "session_part_period": 374, "majority_choice": null, "timestamp": "2022-10-20T15:42:39.794Z", "updated": "2022-10-20T15:42:39.794Z"}}, {"model": "main.sessionplayerpartperiod", "pk": 1875, "fields": {"session_player_part": 97, "parameter_set_labels_period": 65, "choice": null, "session_part_period": 375, "majority_choice": null, "timestamp": "2022-10-20T15:42:39.794Z", "updated": "2022-10-20T15:42:39.794Z"}}, {"model": "main.sessionplayerpartperiod", "pk": 1876, "fields": {"session_player_part": 97, "parameter_set_labels_period": 66, "choice": null, "session_part_period": 376, "majority_choice": null, "timestamp": "2022-10-20T15:42:39.794Z", "updated": "2022-10-20T15:42:39.794Z"}}, {"model": "main.sessionplayerpartperiod", "pk": 1877, "fields": {"session_player_part": 97, "parameter_set_labels_period": 67, "choice": null, "session_part_period": 377, "majority_choice": null, "timestamp": "2022-10-20T15:42:39.794Z", "updated": "2022-10-20T15:42:39.794Z"}}, {"model": "main.sessionplayerpartperiod", "pk": 1878, "fields": {"session_player_part": 97, "parameter_set_labels_period": 68, "choice": null, "session_part_period": 378, "majority_choice": null, "timestamp": "2022-10-20T15:42:39.794Z", "updated": "2022-10-20T15:42:39.794Z"}}, {"model": "main.sessionplayerpartperiod", "pk": 1879, "fields": {"session_player_part": 97, "parameter_set_labels_period": 69, "choice": null, "session_part_period": 379, "majority_choice": null, "timestamp": "2022-10-20T15:42:39.794Z", "updated": "2022-10-20T15:42:39.794Z"}}, {"model": "main.sessionplayerpartperiod", "pk": 1880, "fields": {"session_player_part": 97, "parameter_set_labels_period": 70, "choice": null, "session_part_period": 380, "majority_choice": null, "timestamp": "2022-10-20T15:42:39.794Z", "updated": "2022-10-20T15:42:39.794Z"}}, {"model": "main.sessionplayerpartperiod", "pk": 1881, "fields": {"session_player_part": 98, "parameter_set_labels_period": 1, "choice": null, "session_part_period": 381, "majority_choice": null, "timestamp": "2022-10-20T15:42:39.857Z", "updated": "2022-10-20T15:42:39.857Z"}}, {"model": "main.sessionplayerpartperiod", "pk": 1882, "fields": {"session_player_part": 98, "parameter_set_labels_period": 2, "choice": null, "session_part_period": 382, "majority_choice": null, "timestamp": "2022-10-20T15:42:39.857Z", "updated": "2022-10-20T15:42:39.857Z"}}, {"model": "main.sessionplayerpartperiod", "pk": 1883, "fields": {"session_player_part": 98, "parameter_set_labels_period": 3, "choice": null, "session_part_period": 383, "majority_choice": null, "timestamp": "2022-10-20T15:42:39.857Z", "updated": "2022-10-20T15:42:39.857Z"}}, {"model": "main.sessionplayerpartperiod", "pk": 1884, "fields": {"session_player_part": 98, "parameter_set_labels_period": 4, "choice": null, "session_part_period": 384, "majority_choice": null, "timestamp": "2022-10-20T15:42:39.857Z", "updated": "2022-10-20T15:42:39.857Z"}}, {"model": "main.sessionplayerpartperiod", "pk": 1885, "fields": {"session_player_part": 98, "parameter_set_labels_period": 5, "choice": null, "session_part_period": 385, "majority_choice": null, "timestamp": "2022-10-20T15:42:39.857Z", "updated": "2022-10-20T15:42:39.857Z"}}, {"model": "main.sessionplayerpartperiod", "pk": 1886, "fields": {"session_player_part": 98, "parameter_set_labels_period": 6, "choice": null, "session_part_period": 386, "majority_choice": null, "timestamp": "2022-10-20T15:42:39.857Z", "updated": "2022-10-20T15:42:39.857Z"}}, {"model": "main.sessionplayerpartperiod", "pk": 1887, "fields": {"session_player_part": 98, "parameter_set_labels_period": 7, "choice": null, "session_part_period": 387, "majority_choice": null, "timestamp": "2022-10-20T15:42:39.857Z", "updated": "2022-10-20T15:42:39.857Z"}}, {"model": "main.sessionplayerpartperiod", "pk": 1888, "fields": {"session_player_part": 98, "parameter_set_labels_period": 8, "choice": null, "session_part_period": 388, "majority_choice": null, "timestamp": "2022-10-20T15:42:39.857Z", "updated": "2022-10-20T15:42:39.857Z"}}, {"model": "main.sessionplayerpartperiod", "pk": 1889, "fields": {"session_player_part": 98, "parameter_set_labels_period": 9, "choice": null, "session_part_period": 389, "majority_choice": null, "timestamp": "2022-10-20T15:42:39.857Z", "updated": "2022-10-20T15:42:39.857Z"}}, {"model": "main.sessionplayerpartperiod", "pk": 1890, "fields": {"session_player_part": 98, "parameter_set_labels_period": 10, "choice": null, "session_part_period": 390, "majority_choice": null, "timestamp": "2022-10-20T15:42:39.857Z", "updated": "2022-10-20T15:42:39.857Z"}}, {"model": "main.sessionplayerpartperiod", "pk": 1891, "fields": {"session_player_part": 98, "parameter_set_labels_period": 71, "choice": null, "session_part_period": 391, "majority_choice": null, "timestamp": "2022-10-20T15:42:39.857Z", "updated": "2022-10-20T15:42:39.857Z"}}, {"model": "main.sessionplayerpartperiod", "pk": 1892, "fields": {"session_player_part": 98, "parameter_set_labels_period": 72, "choice": null, "session_part_period": 392, "majority_choice": null, "timestamp": "2022-10-20T15:42:39.857Z", "updated": "2022-10-20T15:42:39.857Z"}}, {"model": "main.sessionplayerpartperiod", "pk": 1893, "fields": {"session_player_part": 98, "parameter_set_labels_period": 73, "choice": null, "session_part_period": 393, "majority_choice": null, "timestamp": "2022-10-20T15:42:39.857Z", "updated": "2022-10-20T15:42:39.857Z"}}, {"model": "main.sessionplayerpartperiod", "pk": 1894, "fields": {"session_player_part": 98, "parameter_set_labels_period": 74, "choice": null, "session_part_period": 394, "majority_choice": null, "timestamp": "2022-10-20T15:42:39.857Z", "updated": "2022-10-20T15:42:39.857Z"}}, {"model": "main.sessionplayerpartperiod", "pk": 1895, "fields": {"session_player_part": 98, "parameter_set_labels_period": 75, "choice": null, "session_part_period": 395, "majority_choice": null, "timestamp": "2022-10-20T15:42:39.857Z", "updated": "2022-10-20T15:42:39.857Z"}}, {"model": "main.sessionplayerpartperiod", "pk": 1896, "fields": {"session_player_part": 98, "parameter_set_labels_period": 76, "choice": null, "session_part_period": 396, "majority_choice": null, "timestamp": "2022-10-20T15:42:39.858Z", "updated": "2022-10-20T15:42:39.858Z"}}, {"model": "main.sessionplayerpartperiod", "pk": 1897, "fields": {"session_player_part": 98, "parameter_set_labels_period": 77, "choice": null, "session_part_period": 397, "majority_choice": null, "timestamp": "2022-10-20T15:42:39.858Z", "updated": "2022-10-20T15:42:39.858Z"}}, {"model": "main.sessionplayerpartperiod", "pk": 1898, "fields": {"session_player_part": 98, "parameter_set_labels_period": 78, "choice": null, "session_part_period": 398, "majority_choice": null, "timestamp": "2022-10-20T15:42:39.858Z", "updated": "2022-10-20T15:42:39.858Z"}}, {"model": "main.sessionplayerpartperiod", "pk": 1899, "fields": {"session_player_part": 98, "parameter_set_labels_period": 79, "choice": null, "session_part_period": 399, "majority_choice": null, "timestamp": "2022-10-20T15:42:39.858Z", "updated": "2022-10-20T15:42:39.858Z"}}, {"model": "main.sessionplayerpartperiod", "pk": 1900, "fields": {"session_player_part": 98, "parameter_set_labels_period": 80, "choice": null, "session_part_period": 400, "majority_choice": null, "timestamp": "2022-10-20T15:42:39.858Z", "updated": "2022-10-20T15:42:39.858Z"}}, {"model": "main.sessionplayerpartperiod", "pk": 1901, "fields": {"session_player_part": 99, "parameter_set_labels_period": 1, "choice": null, "session_part_period": 401, "majority_choice": null, "timestamp": "2022-10-20T15:42:39.933Z", "updated": "2022-10-20T15:42:39.933Z"}}, {"model": "main.sessionplayerpartperiod", "pk": 1902, "fields": {"session_player_part": 99, "parameter_set_labels_period": 2, "choice": null, "session_part_period": 402, "majority_choice": null, "timestamp": "2022-10-20T15:42:39.933Z", "updated": "2022-10-20T15:42:39.933Z"}}, {"model": "main.sessionplayerpartperiod", "pk": 1903, "fields": {"session_player_part": 99, "parameter_set_labels_period": 3, "choice": null, "session_part_period": 403, "majority_choice": null, "timestamp": "2022-10-20T15:42:39.933Z", "updated": "2022-10-20T15:42:39.933Z"}}, {"model": "main.sessionplayerpartperiod", "pk": 1904, "fields": {"session_player_part": 99, "parameter_set_labels_period": 4, "choice": null, "session_part_period": 404, "majority_choice": null, "timestamp": "2022-10-20T15:42:39.933Z", "updated": "2022-10-20T15:42:39.933Z"}}, {"model": "main.sessionplayerpartperiod", "pk": 1905, "fields": {"session_player_part": 99, "parameter_set_labels_period": 5, "choice": null, "session_part_period": 405, "majority_choice": null, "timestamp": "2022-10-20T15:42:39.933Z", "updated": "2022-10-20T15:42:39.933Z"}}, {"model": "main.sessionplayerpartperiod", "pk": 1906, "fields": {"session_player_part": 99, "parameter_set_labels_period": 6, "choice": null, "session_part_period": 406, "majority_choice": null, "timestamp": "2022-10-20T15:42:39.933Z", "updated": "2022-10-20T15:42:39.933Z"}}, {"model": "main.sessionplayerpartperiod", "pk": 1907, "fields": {"session_player_part": 99, "parameter_set_labels_period": 7, "choice": null, "session_part_period": 407, "majority_choice": null, "timestamp": "2022-10-20T15:42:39.933Z", "updated": "2022-10-20T15:42:39.933Z"}}, {"model": "main.sessionplayerpartperiod", "pk": 1908, "fields": {"session_player_part": 99, "parameter_set_labels_period": 8, "choice": null, "session_part_period": 408, "majority_choice": null, "timestamp": "2022-10-20T15:42:39.933Z", "updated": "2022-10-20T15:42:39.933Z"}}, {"model": "main.sessionplayerpartperiod", "pk": 1909, "fields": {"session_player_part": 99, "parameter_set_labels_period": 9, "choice": null, "session_part_period": 409, "majority_choice": null, "timestamp": "2022-10-20T15:42:39.933Z", "updated": "2022-10-20T15:42:39.933Z"}}, {"model": "main.sessionplayerpartperiod", "pk": 1910, "fields": {"session_player_part": 99, "parameter_set_labels_period": 10, "choice": null, "session_part_period": 410, "majority_choice": null, "timestamp": "2022-10-20T15:42:39.933Z", "updated": "2022-10-20T15:42:39.933Z"}}, {"model": "main.sessionplayerpartperiod", "pk": 1911, "fields": {"session_player_part": 99, "parameter_set_labels_period": 71, "choice": null, "session_part_period": 411, "majority_choice": null, "timestamp": "2022-10-20T15:42:39.933Z", "updated": "2022-10-20T15:42:39.933Z"}}, {"model": "main.sessionplayerpartperiod", "pk": 1912, "fields": {"session_player_part": 99, "parameter_set_labels_period": 72, "choice": null, "session_part_period": 412, "majority_choice": null, "timestamp": "2022-10-20T15:42:39.933Z", "updated": "2022-10-20T15:42:39.933Z"}}, {"model": "main.sessionplayerpartperiod", "pk": 1913, "fields": {"session_player_part": 99, "parameter_set_labels_period": 73, "choice": null, "session_part_period": 413, "majority_choice": null, "timestamp": "2022-10-20T15:42:39.933Z", "updated": "2022-10-20T15:42:39.933Z"}}, {"model": "main.sessionplayerpartperiod", "pk": 1914, "fields": {"session_player_part": 99, "parameter_set_labels_period": 74, "choice": null, "session_part_period": 414, "majority_choice": null, "timestamp": "2022-10-20T15:42:39.933Z", "updated": "2022-10-20T15:42:39.933Z"}}, {"model": "main.sessionplayerpartperiod", "pk": 1915, "fields": {"session_player_part": 99, "parameter_set_labels_period": 75, "choice": null, "session_part_period": 415, "majority_choice": null, "timestamp": "2022-10-20T15:42:39.933Z", "updated": "2022-10-20T15:42:39.933Z"}}, {"model": "main.sessionplayerpartperiod", "pk": 1916, "fields": {"session_player_part": 99, "parameter_set_labels_period": 76, "choice": null, "session_part_period": 416, "majority_choice": null, "timestamp": "2022-10-20T15:42:39.933Z", "updated": "2022-10-20T15:42:39.933Z"}}, {"model": "main.sessionplayerpartperiod", "pk": 1917, "fields": {"session_player_part": 99, "parameter_set_labels_period": 77, "choice": null, "session_part_period": 417, "majority_choice": null, "timestamp": "2022-10-20T15:42:39.933Z", "updated": "2022-10-20T15:42:39.933Z"}}, {"model": "main.sessionplayerpartperiod", "pk": 1918, "fields": {"session_player_part": 99, "parameter_set_labels_period": 78, "choice": null, "session_part_period": 418, "majority_choice": null, "timestamp": "2022-10-20T15:42:39.933Z", "updated": "2022-10-20T15:42:39.933Z"}}, {"model": "main.sessionplayerpartperiod", "pk": 1919, "fields": {"session_player_part": 99, "parameter_set_labels_period": 79, "choice": null, "session_part_period": 419, "majority_choice": null, "timestamp": "2022-10-20T15:42:39.934Z", "updated": "2022-10-20T15:42:39.934Z"}}, {"model": "main.sessionplayerpartperiod", "pk": 1920, "fields": {"session_player_part": 99, "parameter_set_labels_period": 80, "choice": null, "session_part_period": 420, "majority_choice": null, "timestamp": "2022-10-20T15:42:39.934Z", "updated": "2022-10-20T15:42:39.934Z"}}, {"model": "main.sessionplayerpartperiod", "pk": 1921, "fields": {"session_player_part": 100, "parameter_set_labels_period": 11, "choice": null, "session_part_period": 361, "majority_choice": null, "timestamp": "2022-10-20T15:42:40.015Z", "updated": "2022-10-20T15:42:40.015Z"}}, {"model": "main.sessionplayerpartperiod", "pk": 1922, "fields": {"session_player_part": 100, "parameter_set_labels_period": 12, "choice": null, "session_part_period": 362, "majority_choice": null, "timestamp": "2022-10-20T15:42:40.015Z", "updated": "2022-10-20T15:42:40.015Z"}}, {"model": "main.sessionplayerpartperiod", "pk": 1923, "fields": {"session_player_part": 100, "parameter_set_labels_period": 13, "choice": null, "session_part_period": 363, "majority_choice": null, "timestamp": "2022-10-20T15:42:40.015Z", "updated": "2022-10-20T15:42:40.015Z"}}, {"model": "main.sessionplayerpartperiod", "pk": 1924, "fields": {"session_player_part": 100, "parameter_set_labels_period": 14, "choice": null, "session_part_period": 364, "majority_choice": null, "timestamp": "2022-10-20T15:42:40.015Z", "updated": "2022-10-20T15:42:40.015Z"}}, {"model": "main.sessionplayerpartperiod", "pk": 1925, "fields": {"session_player_part": 100, "parameter_set_labels_period": 15, "choice": null, "session_part_period": 365, "majority_choice": null, "timestamp": "2022-10-20T15:42:40.015Z", "updated": "2022-10-20T15:42:40.015Z"}}, {"model": "main.sessionplayerpartperiod", "pk": 1926, "fields": {"session_player_part": 100, "parameter_set_labels_period": 16, "choice": null, "session_part_period": 366, "majority_choice": null, "timestamp": "2022-10-20T15:42:40.015Z", "updated": "2022-10-20T15:42:40.015Z"}}, {"model": "main.sessionplayerpartperiod", "pk": 1927, "fields": {"session_player_part": 100, "parameter_set_labels_period": 17, "choice": null, "session_part_period": 367, "majority_choice": null, "timestamp": "2022-10-20T15:42:40.015Z", "updated": "2022-10-20T15:42:40.015Z"}}, {"model": "main.sessionplayerpartperiod", "pk": 1928, "fields": {"session_player_part": 100, "parameter_set_labels_period": 18, "choice": null, "session_part_period": 368, "majority_choice": null, "timestamp": "2022-10-20T15:42:40.015Z", "updated": "2022-10-20T15:42:40.015Z"}}, {"model": "main.sessionplayerpartperiod", "pk": 1929, "fields": {"session_player_part": 100, "parameter_set_labels_period": 19, "choice": null, "session_part_period": 369, "majority_choice": null, "timestamp": "2022-10-20T15:42:40.015Z", "updated": "2022-10-20T15:42:40.015Z"}}, {"model": "main.sessionplayerpartperiod", "pk": 1930, "fields": {"session_player_part": 100, "parameter_set_labels_period": 20, "choice": null, "session_part_period": 370, "majority_choice": null, "timestamp": "2022-10-20T15:42:40.015Z", "updated": "2022-10-20T15:42:40.015Z"}}, {"model": "main.sessionplayerpartperiod", "pk": 1931, "fields": {"session_player_part": 100, "parameter_set_labels_period": 61, "choice": null, "session_part_period": 371, "majority_choice": null, "timestamp": "2022-10-20T15:42:40.015Z", "updated": "2022-10-20T15:42:40.015Z"}}, {"model": "main.sessionplayerpartperiod", "pk": 1932, "fields": {"session_player_part": 100, "parameter_set_labels_period": 62, "choice": null, "session_part_period": 372, "majority_choice": null, "timestamp": "2022-10-20T15:42:40.015Z", "updated": "2022-10-20T15:42:40.015Z"}}, {"model": "main.sessionplayerpartperiod", "pk": 1933, "fields": {"session_player_part": 100, "parameter_set_labels_period": 63, "choice": null, "session_part_period": 373, "majority_choice": null, "timestamp": "2022-10-20T15:42:40.015Z", "updated": "2022-10-20T15:42:40.015Z"}}, {"model": "main.sessionplayerpartperiod", "pk": 1934, "fields": {"session_player_part": 100, "parameter_set_labels_period": 64, "choice": null, "session_part_period": 374, "majority_choice": null, "timestamp": "2022-10-20T15:42:40.015Z", "updated": "2022-10-20T15:42:40.015Z"}}, {"model": "main.sessionplayerpartperiod", "pk": 1935, "fields": {"session_player_part": 100, "parameter_set_labels_period": 65, "choice": null, "session_part_period": 375, "majority_choice": null, "timestamp": "2022-10-20T15:42:40.015Z", "updated": "2022-10-20T15:42:40.015Z"}}, {"model": "main.sessionplayerpartperiod", "pk": 1936, "fields": {"session_player_part": 100, "parameter_set_labels_period": 66, "choice": null, "session_part_period": 376, "majority_choice": null, "timestamp": "2022-10-20T15:42:40.015Z", "updated": "2022-10-20T15:42:40.015Z"}}, {"model": "main.sessionplayerpartperiod", "pk": 1937, "fields": {"session_player_part": 100, "parameter_set_labels_period": 67, "choice": null, "session_part_period": 377, "majority_choice": null, "timestamp": "2022-10-20T15:42:40.015Z", "updated": "2022-10-20T15:42:40.015Z"}}, {"model": "main.sessionplayerpartperiod", "pk": 1938, "fields": {"session_player_part": 100, "parameter_set_labels_period": 68, "choice": null, "session_part_period": 378, "majority_choice": null, "timestamp": "2022-10-20T15:42:40.015Z", "updated": "2022-10-20T15:42:40.015Z"}}, {"model": "main.sessionplayerpartperiod", "pk": 1939, "fields": {"session_player_part": 100, "parameter_set_labels_period": 69, "choice": null, "session_part_period": 379, "majority_choice": null, "timestamp": "2022-10-20T15:42:40.015Z", "updated": "2022-10-20T15:42:40.015Z"}}, {"model": "main.sessionplayerpartperiod", "pk": 1940, "fields": {"session_player_part": 100, "parameter_set_labels_period": 70, "choice": null, "session_part_period": 380, "majority_choice": null, "timestamp": "2022-10-20T15:42:40.015Z", "updated": "2022-10-20T15:42:40.015Z"}}, {"model": "main.sessionplayerpartperiod", "pk": 1941, "fields": {"session_player_part": 101, "parameter_set_labels_period": 21, "choice": null, "session_part_period": 381, "majority_choice": null, "timestamp": "2022-10-20T15:42:40.081Z", "updated": "2022-10-20T15:42:40.081Z"}}, {"model": "main.sessionplayerpartperiod", "pk": 1942, "fields": {"session_player_part": 101, "parameter_set_labels_period": 22, "choice": null, "session_part_period": 382, "majority_choice": null, "timestamp": "2022-10-20T15:42:40.081Z", "updated": "2022-10-20T15:42:40.081Z"}}, {"model": "main.sessionplayerpartperiod", "pk": 1943, "fields": {"session_player_part": 101, "parameter_set_labels_period": 23, "choice": null, "session_part_period": 383, "majority_choice": null, "timestamp": "2022-10-20T15:42:40.081Z", "updated": "2022-10-20T15:42:40.081Z"}}, {"model": "main.sessionplayerpartperiod", "pk": 1944, "fields": {"session_player_part": 101, "parameter_set_labels_period": 24, "choice": null, "session_part_period": 384, "majority_choice": null, "timestamp": "2022-10-20T15:42:40.081Z", "updated": "2022-10-20T15:42:40.081Z"}}, {"model": "main.sessionplayerpartperiod", "pk": 1945, "fields": {"session_player_part": 101, "parameter_set_labels_period": 25, "choice": null, "session_part_period": 385, "majority_choice": null, "timestamp": "2022-10-20T15:42:40.081Z", "updated": "2022-10-20T15:42:40.081Z"}}, {"model": "main.sessionplayerpartperiod", "pk": 1946, "fields": {"session_player_part": 101, "parameter_set_labels_period": 26, "choice": null, "session_part_period": 386, "majority_choice": null, "timestamp": "2022-10-20T15:42:40.081Z", "updated": "2022-10-20T15:42:40.081Z"}}, {"model": "main.sessionplayerpartperiod", "pk": 1947, "fields": {"session_player_part": 101, "parameter_set_labels_period": 27, "choice": null, "session_part_period": 387, "majority_choice": null, "timestamp": "2022-10-20T15:42:40.081Z", "updated": "2022-10-20T15:42:40.081Z"}}, {"model": "main.sessionplayerpartperiod", "pk": 1948, "fields": {"session_player_part": 101, "parameter_set_labels_period": 28, "choice": null, "session_part_period": 388, "majority_choice": null, "timestamp": "2022-10-20T15:42:40.081Z", "updated": "2022-10-20T15:42:40.081Z"}}, {"model": "main.sessionplayerpartperiod", "pk": 1949, "fields": {"session_player_part": 101, "parameter_set_labels_period": 29, "choice": null, "session_part_period": 389, "majority_choice": null, "timestamp": "2022-10-20T15:42:40.081Z", "updated": "2022-10-20T15:42:40.081Z"}}, {"model": "main.sessionplayerpartperiod", "pk": 1950, "fields": {"session_player_part": 101, "parameter_set_labels_period": 30, "choice": null, "session_part_period": 390, "majority_choice": null, "timestamp": "2022-10-20T15:42:40.081Z", "updated": "2022-10-20T15:42:40.081Z"}}, {"model": "main.sessionplayerpartperiod", "pk": 1951, "fields": {"session_player_part": 101, "parameter_set_labels_period": 81, "choice": null, "session_part_period": 391, "majority_choice": null, "timestamp": "2022-10-20T15:42:40.081Z", "updated": "2022-10-20T15:42:40.081Z"}}, {"model": "main.sessionplayerpartperiod", "pk": 1952, "fields": {"session_player_part": 101, "parameter_set_labels_period": 82, "choice": null, "session_part_period": 392, "majority_choice": null, "timestamp": "2022-10-20T15:42:40.081Z", "updated": "2022-10-20T15:42:40.081Z"}}, {"model": "main.sessionplayerpartperiod", "pk": 1953, "fields": {"session_player_part": 101, "parameter_set_labels_period": 83, "choice": null, "session_part_period": 393, "majority_choice": null, "timestamp": "2022-10-20T15:42:40.081Z", "updated": "2022-10-20T15:42:40.081Z"}}, {"model": "main.sessionplayerpartperiod", "pk": 1954, "fields": {"session_player_part": 101, "parameter_set_labels_period": 84, "choice": null, "session_part_period": 394, "majority_choice": null, "timestamp": "2022-10-20T15:42:40.081Z", "updated": "2022-10-20T15:42:40.081Z"}}, {"model": "main.sessionplayerpartperiod", "pk": 1955, "fields": {"session_player_part": 101, "parameter_set_labels_period": 85, "choice": null, "session_part_period": 395, "majority_choice": null, "timestamp": "2022-10-20T15:42:40.081Z", "updated": "2022-10-20T15:42:40.081Z"}}, {"model": "main.sessionplayerpartperiod", "pk": 1956, "fields": {"session_player_part": 101, "parameter_set_labels_period": 86, "choice": null, "session_part_period": 396, "majority_choice": null, "timestamp": "2022-10-20T15:42:40.081Z", "updated": "2022-10-20T15:42:40.081Z"}}, {"model": "main.sessionplayerpartperiod", "pk": 1957, "fields": {"session_player_part": 101, "parameter_set_labels_period": 87, "choice": null, "session_part_period": 397, "majority_choice": null, "timestamp": "2022-10-20T15:42:40.081Z", "updated": "2022-10-20T15:42:40.081Z"}}, {"model": "main.sessionplayerpartperiod", "pk": 1958, "fields": {"session_player_part": 101, "parameter_set_labels_period": 88, "choice": null, "session_part_period": 398, "majority_choice": null, "timestamp": "2022-10-20T15:42:40.081Z", "updated": "2022-10-20T15:42:40.081Z"}}, {"model": "main.sessionplayerpartperiod", "pk": 1959, "fields": {"session_player_part": 101, "parameter_set_labels_period": 89, "choice": null, "session_part_period": 399, "majority_choice": null, "timestamp": "2022-10-20T15:42:40.081Z", "updated": "2022-10-20T15:42:40.081Z"}}, {"model": "main.sessionplayerpartperiod", "pk": 1960, "fields": {"session_player_part": 101, "parameter_set_labels_period": 90, "choice": null, "session_part_period": 400, "majority_choice": null, "timestamp": "2022-10-20T15:42:40.081Z", "updated": "2022-10-20T15:42:40.081Z"}}, {"model": "main.sessionplayerpartperiod", "pk": 1961, "fields": {"session_player_part": 102, "parameter_set_labels_period": 21, "choice": null, "session_part_period": 401, "majority_choice": null, "timestamp": "2022-10-20T15:42:40.139Z", "updated": "2022-10-20T15:42:40.139Z"}}, {"model": "main.sessionplayerpartperiod", "pk": 1962, "fields": {"session_player_part": 102, "parameter_set_labels_period": 22, "choice": null, "session_part_period": 402, "majority_choice": null, "timestamp": "2022-10-20T15:42:40.139Z", "updated": "2022-10-20T15:42:40.139Z"}}, {"model": "main.sessionplayerpartperiod", "pk": 1963, "fields": {"session_player_part": 102, "parameter_set_labels_period": 23, "choice": null, "session_part_period": 403, "majority_choice": null, "timestamp": "2022-10-20T15:42:40.139Z", "updated": "2022-10-20T15:42:40.139Z"}}, {"model": "main.sessionplayerpartperiod", "pk": 1964, "fields": {"session_player_part": 102, "parameter_set_labels_period": 24, "choice": null, "session_part_period": 404, "majority_choice": null, "timestamp": "2022-10-20T15:42:40.139Z", "updated": "2022-10-20T15:42:40.139Z"}}, {"model": "main.sessionplayerpartperiod", "pk": 1965, "fields": {"session_player_part": 102, "parameter_set_labels_period": 25, "choice": null, "session_part_period": 405, "majority_choice": null, "timestamp": "2022-10-20T15:42:40.139Z", "updated": "2022-10-20T15:42:40.139Z"}}, {"model": "main.sessionplayerpartperiod", "pk": 1966, "fields": {"session_player_part": 102, "parameter_set_labels_period": 26, "choice": null, "session_part_period": 406, "majority_choice": null, "timestamp": "2022-10-20T15:42:40.139Z", "updated": "2022-10-20T15:42:40.139Z"}}, {"model": "main.sessionplayerpartperiod", "pk": 1967, "fields": {"session_player_part": 102, "parameter_set_labels_period": 27, "choice": null, "session_part_period": 407, "majority_choice": null, "timestamp": "2022-10-20T15:42:40.139Z", "updated": "2022-10-20T15:42:40.139Z"}}, {"model": "main.sessionplayerpartperiod", "pk": 1968, "fields": {"session_player_part": 102, "parameter_set_labels_period": 28, "choice": null, "session_part_period": 408, "majority_choice": null, "timestamp": "2022-10-20T15:42:40.139Z", "updated": "2022-10-20T15:42:40.139Z"}}, {"model": "main.sessionplayerpartperiod", "pk": 1969, "fields": {"session_player_part": 102, "parameter_set_labels_period": 29, "choice": null, "session_part_period": 409, "majority_choice": null, "timestamp": "2022-10-20T15:42:40.139Z", "updated": "2022-10-20T15:42:40.139Z"}}, {"model": "main.sessionplayerpartperiod", "pk": 1970, "fields": {"session_player_part": 102, "parameter_set_labels_period": 30, "choice": null, "session_part_period": 410, "majority_choice": null, "timestamp": "2022-10-20T15:42:40.139Z", "updated": "2022-10-20T15:42:40.139Z"}}, {"model": "main.sessionplayerpartperiod", "pk": 1971, "fields": {"session_player_part": 102, "parameter_set_labels_period": 81, "choice": null, "session_part_period": 411, "majority_choice": null, "timestamp": "2022-10-20T15:42:40.139Z", "updated": "2022-10-20T15:42:40.139Z"}}, {"model": "main.sessionplayerpartperiod", "pk": 1972, "fields": {"session_player_part": 102, "parameter_set_labels_period": 82, "choice": null, "session_part_period": 412, "majority_choice": null, "timestamp": "2022-10-20T15:42:40.139Z", "updated": "2022-10-20T15:42:40.139Z"}}, {"model": "main.sessionplayerpartperiod", "pk": 1973, "fields": {"session_player_part": 102, "parameter_set_labels_period": 83, "choice": null, "session_part_period": 413, "majority_choice": null, "timestamp": "2022-10-20T15:42:40.139Z", "updated": "2022-10-20T15:42:40.139Z"}}, {"model": "main.sessionplayerpartperiod", "pk": 1974, "fields": {"session_player_part": 102, "parameter_set_labels_period": 84, "choice": null, "session_part_period": 414, "majority_choice": null, "timestamp": "2022-10-20T15:42:40.139Z", "updated": "2022-10-20T15:42:40.139Z"}}, {"model": "main.sessionplayerpartperiod", "pk": 1975, "fields": {"session_player_part": 102, "parameter_set_labels_period": 85, "choice": null, "session_part_period": 415, "majority_choice": null, "timestamp": "2022-10-20T15:42:40.139Z", "updated": "2022-10-20T15:42:40.139Z"}}, {"model": "main.sessionplayerpartperiod", "pk": 1976, "fields": {"session_player_part": 102, "parameter_set_labels_period": 86, "choice": null, "session_part_period": 416, "majority_choice": null, "timestamp": "2022-10-20T15:42:40.139Z", "updated": "2022-10-20T15:42:40.139Z"}}, {"model": "main.sessionplayerpartperiod", "pk": 1977, "fields": {"session_player_part": 102, "parameter_set_labels_period": 87, "choice": null, "session_part_period": 417, "majority_choice": null, "timestamp": "2022-10-20T15:42:40.139Z", "updated": "2022-10-20T15:42:40.139Z"}}, {"model": "main.sessionplayerpartperiod", "pk": 1978, "fields": {"session_player_part": 102, "parameter_set_labels_period": 88, "choice": null, "session_part_period": 418, "majority_choice": null, "timestamp": "2022-10-20T15:42:40.139Z", "updated": "2022-10-20T15:42:40.139Z"}}, {"model": "main.sessionplayerpartperiod", "pk": 1979, "fields": {"session_player_part": 102, "parameter_set_labels_period": 89, "choice": null, "session_part_period": 419, "majority_choice": null, "timestamp": "2022-10-20T15:42:40.139Z", "updated": "2022-10-20T15:42:40.139Z"}}, {"model": "main.sessionplayerpartperiod", "pk": 1980, "fields": {"session_player_part": 102, "parameter_set_labels_period": 90, "choice": null, "session_part_period": 420, "majority_choice": null, "timestamp": "2022-10-20T15:42:40.139Z", "updated": "2022-10-20T15:42:40.139Z"}}, {"model": "main.sessionplayerpartperiod", "pk": 1981, "fields": {"session_player_part": 103, "parameter_set_labels_period": 11, "choice": null, "session_part_period": 361, "majority_choice": null, "timestamp": "2022-10-20T15:42:40.215Z", "updated": "2022-10-20T15:42:40.215Z"}}, {"model": "main.sessionplayerpartperiod", "pk": 1982, "fields": {"session_player_part": 103, "parameter_set_labels_period": 12, "choice": null, "session_part_period": 362, "majority_choice": null, "timestamp": "2022-10-20T15:42:40.215Z", "updated": "2022-10-20T15:42:40.215Z"}}, {"model": "main.sessionplayerpartperiod", "pk": 1983, "fields": {"session_player_part": 103, "parameter_set_labels_period": 13, "choice": null, "session_part_period": 363, "majority_choice": null, "timestamp": "2022-10-20T15:42:40.215Z", "updated": "2022-10-20T15:42:40.215Z"}}, {"model": "main.sessionplayerpartperiod", "pk": 1984, "fields": {"session_player_part": 103, "parameter_set_labels_period": 14, "choice": null, "session_part_period": 364, "majority_choice": null, "timestamp": "2022-10-20T15:42:40.215Z", "updated": "2022-10-20T15:42:40.215Z"}}, {"model": "main.sessionplayerpartperiod", "pk": 1985, "fields": {"session_player_part": 103, "parameter_set_labels_period": 15, "choice": null, "session_part_period": 365, "majority_choice": null, "timestamp": "2022-10-20T15:42:40.215Z", "updated": "2022-10-20T15:42:40.215Z"}}, {"model": "main.sessionplayerpartperiod", "pk": 1986, "fields": {"session_player_part": 103, "parameter_set_labels_period": 16, "choice": null, "session_part_period": 366, "majority_choice": null, "timestamp": "2022-10-20T15:42:40.215Z", "updated": "2022-10-20T15:42:40.215Z"}}, {"model": "main.sessionplayerpartperiod", "pk": 1987, "fields": {"session_player_part": 103, "parameter_set_labels_period": 17, "choice": null, "session_part_period": 367, "majority_choice": null, "timestamp": "2022-10-20T15:42:40.215Z", "updated": "2022-10-20T15:42:40.215Z"}}, {"model": "main.sessionplayerpartperiod", "pk": 1988, "fields": {"session_player_part": 103, "parameter_set_labels_period": 18, "choice": null, "session_part_period": 368, "majority_choice": null, "timestamp": "2022-10-20T15:42:40.215Z", "updated": "2022-10-20T15:42:40.215Z"}}, {"model": "main.sessionplayerpartperiod", "pk": 1989, "fields": {"session_player_part": 103, "parameter_set_labels_period": 19, "choice": null, "session_part_period": 369, "majority_choice": null, "timestamp": "2022-10-20T15:42:40.215Z", "updated": "2022-10-20T15:42:40.215Z"}}, {"model": "main.sessionplayerpartperiod", "pk": 1990, "fields": {"session_player_part": 103, "parameter_set_labels_period": 20, "choice": null, "session_part_period": 370, "majority_choice": null, "timestamp": "2022-10-20T15:42:40.215Z", "updated": "2022-10-20T15:42:40.215Z"}}, {"model": "main.sessionplayerpartperiod", "pk": 1991, "fields": {"session_player_part": 103, "parameter_set_labels_period": 61, "choice": null, "session_part_period": 371, "majority_choice": null, "timestamp": "2022-10-20T15:42:40.215Z", "updated": "2022-10-20T15:42:40.215Z"}}, {"model": "main.sessionplayerpartperiod", "pk": 1992, "fields": {"session_player_part": 103, "parameter_set_labels_period": 62, "choice": null, "session_part_period": 372, "majority_choice": null, "timestamp": "2022-10-20T15:42:40.215Z", "updated": "2022-10-20T15:42:40.215Z"}}, {"model": "main.sessionplayerpartperiod", "pk": 1993, "fields": {"session_player_part": 103, "parameter_set_labels_period": 63, "choice": null, "session_part_period": 373, "majority_choice": null, "timestamp": "2022-10-20T15:42:40.215Z", "updated": "2022-10-20T15:42:40.215Z"}}, {"model": "main.sessionplayerpartperiod", "pk": 1994, "fields": {"session_player_part": 103, "parameter_set_labels_period": 64, "choice": null, "session_part_period": 374, "majority_choice": null, "timestamp": "2022-10-20T15:42:40.215Z", "updated": "2022-10-20T15:42:40.215Z"}}, {"model": "main.sessionplayerpartperiod", "pk": 1995, "fields": {"session_player_part": 103, "parameter_set_labels_period": 65, "choice": null, "session_part_period": 375, "majority_choice": null, "timestamp": "2022-10-20T15:42:40.215Z", "updated": "2022-10-20T15:42:40.215Z"}}, {"model": "main.sessionplayerpartperiod", "pk": 1996, "fields": {"session_player_part": 103, "parameter_set_labels_period": 66, "choice": null, "session_part_period": 376, "majority_choice": null, "timestamp": "2022-10-20T15:42:40.215Z", "updated": "2022-10-20T15:42:40.215Z"}}, {"model": "main.sessionplayerpartperiod", "pk": 1997, "fields": {"session_player_part": 103, "parameter_set_labels_period": 67, "choice": null, "session_part_period": 377, "majority_choice": null, "timestamp": "2022-10-20T15:42:40.215Z", "updated": "2022-10-20T15:42:40.215Z"}}, {"model": "main.sessionplayerpartperiod", "pk": 1998, "fields": {"session_player_part": 103, "parameter_set_labels_period": 68, "choice": null, "session_part_period": 378, "majority_choice": null, "timestamp": "2022-10-20T15:42:40.215Z", "updated": "2022-10-20T15:42:40.215Z"}}, {"model": "main.sessionplayerpartperiod", "pk": 1999, "fields": {"session_player_part": 103, "parameter_set_labels_period": 69, "choice": null, "session_part_period": 379, "majority_choice": null, "timestamp": "2022-10-20T15:42:40.215Z", "updated": "2022-10-20T15:42:40.215Z"}}, {"model": "main.sessionplayerpartperiod", "pk": 2000, "fields": {"session_player_part": 103, "parameter_set_labels_period": 70, "choice": null, "session_part_period": 380, "majority_choice": null, "timestamp": "2022-10-20T15:42:40.215Z", "updated": "2022-10-20T15:42:40.215Z"}}, {"model": "main.sessionplayerpartperiod", "pk": 2001, "fields": {"session_player_part": 104, "parameter_set_labels_period": 11, "choice": null, "session_part_period": 381, "majority_choice": null, "timestamp": "2022-10-20T15:42:40.272Z", "updated": "2022-10-20T15:42:40.272Z"}}, {"model": "main.sessionplayerpartperiod", "pk": 2002, "fields": {"session_player_part": 104, "parameter_set_labels_period": 12, "choice": null, "session_part_period": 382, "majority_choice": null, "timestamp": "2022-10-20T15:42:40.272Z", "updated": "2022-10-20T15:42:40.272Z"}}, {"model": "main.sessionplayerpartperiod", "pk": 2003, "fields": {"session_player_part": 104, "parameter_set_labels_period": 13, "choice": null, "session_part_period": 383, "majority_choice": null, "timestamp": "2022-10-20T15:42:40.272Z", "updated": "2022-10-20T15:42:40.272Z"}}, {"model": "main.sessionplayerpartperiod", "pk": 2004, "fields": {"session_player_part": 104, "parameter_set_labels_period": 14, "choice": null, "session_part_period": 384, "majority_choice": null, "timestamp": "2022-10-20T15:42:40.272Z", "updated": "2022-10-20T15:42:40.272Z"}}, {"model": "main.sessionplayerpartperiod", "pk": 2005, "fields": {"session_player_part": 104, "parameter_set_labels_period": 15, "choice": null, "session_part_period": 385, "majority_choice": null, "timestamp": "2022-10-20T15:42:40.272Z", "updated": "2022-10-20T15:42:40.272Z"}}, {"model": "main.sessionplayerpartperiod", "pk": 2006, "fields": {"session_player_part": 104, "parameter_set_labels_period": 16, "choice": null, "session_part_period": 386, "majority_choice": null, "timestamp": "2022-10-20T15:42:40.272Z", "updated": "2022-10-20T15:42:40.272Z"}}, {"model": "main.sessionplayerpartperiod", "pk": 2007, "fields": {"session_player_part": 104, "parameter_set_labels_period": 17, "choice": null, "session_part_period": 387, "majority_choice": null, "timestamp": "2022-10-20T15:42:40.272Z", "updated": "2022-10-20T15:42:40.272Z"}}, {"model": "main.sessionplayerpartperiod", "pk": 2008, "fields": {"session_player_part": 104, "parameter_set_labels_period": 18, "choice": null, "session_part_period": 388, "majority_choice": null, "timestamp": "2022-10-20T15:42:40.272Z", "updated": "2022-10-20T15:42:40.272Z"}}, {"model": "main.sessionplayerpartperiod", "pk": 2009, "fields": {"session_player_part": 104, "parameter_set_labels_period": 19, "choice": null, "session_part_period": 389, "majority_choice": null, "timestamp": "2022-10-20T15:42:40.272Z", "updated": "2022-10-20T15:42:40.272Z"}}, {"model": "main.sessionplayerpartperiod", "pk": 2010, "fields": {"session_player_part": 104, "parameter_set_labels_period": 20, "choice": null, "session_part_period": 390, "majority_choice": null, "timestamp": "2022-10-20T15:42:40.272Z", "updated": "2022-10-20T15:42:40.272Z"}}, {"model": "main.sessionplayerpartperiod", "pk": 2011, "fields": {"session_player_part": 104, "parameter_set_labels_period": 61, "choice": null, "session_part_period": 391, "majority_choice": null, "timestamp": "2022-10-20T15:42:40.272Z", "updated": "2022-10-20T15:42:40.272Z"}}, {"model": "main.sessionplayerpartperiod", "pk": 2012, "fields": {"session_player_part": 104, "parameter_set_labels_period": 62, "choice": null, "session_part_period": 392, "majority_choice": null, "timestamp": "2022-10-20T15:42:40.272Z", "updated": "2022-10-20T15:42:40.272Z"}}, {"model": "main.sessionplayerpartperiod", "pk": 2013, "fields": {"session_player_part": 104, "parameter_set_labels_period": 63, "choice": null, "session_part_period": 393, "majority_choice": null, "timestamp": "2022-10-20T15:42:40.272Z", "updated": "2022-10-20T15:42:40.272Z"}}, {"model": "main.sessionplayerpartperiod", "pk": 2014, "fields": {"session_player_part": 104, "parameter_set_labels_period": 64, "choice": null, "session_part_period": 394, "majority_choice": null, "timestamp": "2022-10-20T15:42:40.272Z", "updated": "2022-10-20T15:42:40.272Z"}}, {"model": "main.sessionplayerpartperiod", "pk": 2015, "fields": {"session_player_part": 104, "parameter_set_labels_period": 65, "choice": null, "session_part_period": 395, "majority_choice": null, "timestamp": "2022-10-20T15:42:40.272Z", "updated": "2022-10-20T15:42:40.272Z"}}, {"model": "main.sessionplayerpartperiod", "pk": 2016, "fields": {"session_player_part": 104, "parameter_set_labels_period": 66, "choice": null, "session_part_period": 396, "majority_choice": null, "timestamp": "2022-10-20T15:42:40.272Z", "updated": "2022-10-20T15:42:40.272Z"}}, {"model": "main.sessionplayerpartperiod", "pk": 2017, "fields": {"session_player_part": 104, "parameter_set_labels_period": 67, "choice": null, "session_part_period": 397, "majority_choice": null, "timestamp": "2022-10-20T15:42:40.272Z", "updated": "2022-10-20T15:42:40.272Z"}}, {"model": "main.sessionplayerpartperiod", "pk": 2018, "fields": {"session_player_part": 104, "parameter_set_labels_period": 68, "choice": null, "session_part_period": 398, "majority_choice": null, "timestamp": "2022-10-20T15:42:40.273Z", "updated": "2022-10-20T15:42:40.273Z"}}, {"model": "main.sessionplayerpartperiod", "pk": 2019, "fields": {"session_player_part": 104, "parameter_set_labels_period": 69, "choice": null, "session_part_period": 399, "majority_choice": null, "timestamp": "2022-10-20T15:42:40.273Z", "updated": "2022-10-20T15:42:40.273Z"}}, {"model": "main.sessionplayerpartperiod", "pk": 2020, "fields": {"session_player_part": 104, "parameter_set_labels_period": 70, "choice": null, "session_part_period": 400, "majority_choice": null, "timestamp": "2022-10-20T15:42:40.273Z", "updated": "2022-10-20T15:42:40.273Z"}}, {"model": "main.sessionplayerpartperiod", "pk": 2021, "fields": {"session_player_part": 105, "parameter_set_labels_period": 21, "choice": null, "session_part_period": 401, "majority_choice": null, "timestamp": "2022-10-20T15:42:40.331Z", "updated": "2022-10-20T15:42:40.331Z"}}, {"model": "main.sessionplayerpartperiod", "pk": 2022, "fields": {"session_player_part": 105, "parameter_set_labels_period": 22, "choice": null, "session_part_period": 402, "majority_choice": null, "timestamp": "2022-10-20T15:42:40.331Z", "updated": "2022-10-20T15:42:40.331Z"}}, {"model": "main.sessionplayerpartperiod", "pk": 2023, "fields": {"session_player_part": 105, "parameter_set_labels_period": 23, "choice": null, "session_part_period": 403, "majority_choice": null, "timestamp": "2022-10-20T15:42:40.331Z", "updated": "2022-10-20T15:42:40.331Z"}}, {"model": "main.sessionplayerpartperiod", "pk": 2024, "fields": {"session_player_part": 105, "parameter_set_labels_period": 24, "choice": null, "session_part_period": 404, "majority_choice": null, "timestamp": "2022-10-20T15:42:40.331Z", "updated": "2022-10-20T15:42:40.331Z"}}, {"model": "main.sessionplayerpartperiod", "pk": 2025, "fields": {"session_player_part": 105, "parameter_set_labels_period": 25, "choice": null, "session_part_period": 405, "majority_choice": null, "timestamp": "2022-10-20T15:42:40.331Z", "updated": "2022-10-20T15:42:40.331Z"}}, {"model": "main.sessionplayerpartperiod", "pk": 2026, "fields": {"session_player_part": 105, "parameter_set_labels_period": 26, "choice": null, "session_part_period": 406, "majority_choice": null, "timestamp": "2022-10-20T15:42:40.331Z", "updated": "2022-10-20T15:42:40.331Z"}}, {"model": "main.sessionplayerpartperiod", "pk": 2027, "fields": {"session_player_part": 105, "parameter_set_labels_period": 27, "choice": null, "session_part_period": 407, "majority_choice": null, "timestamp": "2022-10-20T15:42:40.331Z", "updated": "2022-10-20T15:42:40.331Z"}}, {"model": "main.sessionplayerpartperiod", "pk": 2028, "fields": {"session_player_part": 105, "parameter_set_labels_period": 28, "choice": null, "session_part_period": 408, "majority_choice": null, "timestamp": "2022-10-20T15:42:40.331Z", "updated": "2022-10-20T15:42:40.331Z"}}, {"model": "main.sessionplayerpartperiod", "pk": 2029, "fields": {"session_player_part": 105, "parameter_set_labels_period": 29, "choice": null, "session_part_period": 409, "majority_choice": null, "timestamp": "2022-10-20T15:42:40.331Z", "updated": "2022-10-20T15:42:40.331Z"}}, {"model": "main.sessionplayerpartperiod", "pk": 2030, "fields": {"session_player_part": 105, "parameter_set_labels_period": 30, "choice": null, "session_part_period": 410, "majority_choice": null, "timestamp": "2022-10-20T15:42:40.331Z", "updated": "2022-10-20T15:42:40.331Z"}}, {"model": "main.sessionplayerpartperiod", "pk": 2031, "fields": {"session_player_part": 105, "parameter_set_labels_period": 81, "choice": null, "session_part_period": 411, "majority_choice": null, "timestamp": "2022-10-20T15:42:40.331Z", "updated": "2022-10-20T15:42:40.331Z"}}, {"model": "main.sessionplayerpartperiod", "pk": 2032, "fields": {"session_player_part": 105, "parameter_set_labels_period": 82, "choice": null, "session_part_period": 412, "majority_choice": null, "timestamp": "2022-10-20T15:42:40.331Z", "updated": "2022-10-20T15:42:40.331Z"}}, {"model": "main.sessionplayerpartperiod", "pk": 2033, "fields": {"session_player_part": 105, "parameter_set_labels_period": 83, "choice": null, "session_part_period": 413, "majority_choice": null, "timestamp": "2022-10-20T15:42:40.331Z", "updated": "2022-10-20T15:42:40.331Z"}}, {"model": "main.sessionplayerpartperiod", "pk": 2034, "fields": {"session_player_part": 105, "parameter_set_labels_period": 84, "choice": null, "session_part_period": 414, "majority_choice": null, "timestamp": "2022-10-20T15:42:40.331Z", "updated": "2022-10-20T15:42:40.331Z"}}, {"model": "main.sessionplayerpartperiod", "pk": 2035, "fields": {"session_player_part": 105, "parameter_set_labels_period": 85, "choice": null, "session_part_period": 415, "majority_choice": null, "timestamp": "2022-10-20T15:42:40.331Z", "updated": "2022-10-20T15:42:40.331Z"}}, {"model": "main.sessionplayerpartperiod", "pk": 2036, "fields": {"session_player_part": 105, "parameter_set_labels_period": 86, "choice": null, "session_part_period": 416, "majority_choice": null, "timestamp": "2022-10-20T15:42:40.331Z", "updated": "2022-10-20T15:42:40.331Z"}}, {"model": "main.sessionplayerpartperiod", "pk": 2037, "fields": {"session_player_part": 105, "parameter_set_labels_period": 87, "choice": null, "session_part_period": 417, "majority_choice": null, "timestamp": "2022-10-20T15:42:40.331Z", "updated": "2022-10-20T15:42:40.331Z"}}, {"model": "main.sessionplayerpartperiod", "pk": 2038, "fields": {"session_player_part": 105, "parameter_set_labels_period": 88, "choice": null, "session_part_period": 418, "majority_choice": null, "timestamp": "2022-10-20T15:42:40.331Z", "updated": "2022-10-20T15:42:40.331Z"}}, {"model": "main.sessionplayerpartperiod", "pk": 2039, "fields": {"session_player_part": 105, "parameter_set_labels_period": 89, "choice": null, "session_part_period": 419, "majority_choice": null, "timestamp": "2022-10-20T15:42:40.331Z", "updated": "2022-10-20T15:42:40.331Z"}}, {"model": "main.sessionplayerpartperiod", "pk": 2040, "fields": {"session_player_part": 105, "parameter_set_labels_period": 90, "choice": null, "session_part_period": 420, "majority_choice": null, "timestamp": "2022-10-20T15:42:40.331Z", "updated": "2022-10-20T15:42:40.331Z"}}, {"model": "main.sessionplayerpartperiod", "pk": 2041, "fields": {"session_player_part": 106, "parameter_set_labels_period": 11, "choice": null, "session_part_period": 361, "majority_choice": null, "timestamp": "2022-10-20T15:42:40.406Z", "updated": "2022-10-20T15:42:40.406Z"}}, {"model": "main.sessionplayerpartperiod", "pk": 2042, "fields": {"session_player_part": 106, "parameter_set_labels_period": 12, "choice": null, "session_part_period": 362, "majority_choice": null, "timestamp": "2022-10-20T15:42:40.406Z", "updated": "2022-10-20T15:42:40.406Z"}}, {"model": "main.sessionplayerpartperiod", "pk": 2043, "fields": {"session_player_part": 106, "parameter_set_labels_period": 13, "choice": null, "session_part_period": 363, "majority_choice": null, "timestamp": "2022-10-20T15:42:40.406Z", "updated": "2022-10-20T15:42:40.406Z"}}, {"model": "main.sessionplayerpartperiod", "pk": 2044, "fields": {"session_player_part": 106, "parameter_set_labels_period": 14, "choice": null, "session_part_period": 364, "majority_choice": null, "timestamp": "2022-10-20T15:42:40.406Z", "updated": "2022-10-20T15:42:40.406Z"}}, {"model": "main.sessionplayerpartperiod", "pk": 2045, "fields": {"session_player_part": 106, "parameter_set_labels_period": 15, "choice": null, "session_part_period": 365, "majority_choice": null, "timestamp": "2022-10-20T15:42:40.406Z", "updated": "2022-10-20T15:42:40.406Z"}}, {"model": "main.sessionplayerpartperiod", "pk": 2046, "fields": {"session_player_part": 106, "parameter_set_labels_period": 16, "choice": null, "session_part_period": 366, "majority_choice": null, "timestamp": "2022-10-20T15:42:40.406Z", "updated": "2022-10-20T15:42:40.406Z"}}, {"model": "main.sessionplayerpartperiod", "pk": 2047, "fields": {"session_player_part": 106, "parameter_set_labels_period": 17, "choice": null, "session_part_period": 367, "majority_choice": null, "timestamp": "2022-10-20T15:42:40.406Z", "updated": "2022-10-20T15:42:40.406Z"}}, {"model": "main.sessionplayerpartperiod", "pk": 2048, "fields": {"session_player_part": 106, "parameter_set_labels_period": 18, "choice": null, "session_part_period": 368, "majority_choice": null, "timestamp": "2022-10-20T15:42:40.406Z", "updated": "2022-10-20T15:42:40.406Z"}}, {"model": "main.sessionplayerpartperiod", "pk": 2049, "fields": {"session_player_part": 106, "parameter_set_labels_period": 19, "choice": null, "session_part_period": 369, "majority_choice": null, "timestamp": "2022-10-20T15:42:40.406Z", "updated": "2022-10-20T15:42:40.406Z"}}, {"model": "main.sessionplayerpartperiod", "pk": 2050, "fields": {"session_player_part": 106, "parameter_set_labels_period": 20, "choice": null, "session_part_period": 370, "majority_choice": null, "timestamp": "2022-10-20T15:42:40.406Z", "updated": "2022-10-20T15:42:40.406Z"}}, {"model": "main.sessionplayerpartperiod", "pk": 2051, "fields": {"session_player_part": 106, "parameter_set_labels_period": 61, "choice": null, "session_part_period": 371, "majority_choice": null, "timestamp": "2022-10-20T15:42:40.406Z", "updated": "2022-10-20T15:42:40.406Z"}}, {"model": "main.sessionplayerpartperiod", "pk": 2052, "fields": {"session_player_part": 106, "parameter_set_labels_period": 62, "choice": null, "session_part_period": 372, "majority_choice": null, "timestamp": "2022-10-20T15:42:40.406Z", "updated": "2022-10-20T15:42:40.406Z"}}, {"model": "main.sessionplayerpartperiod", "pk": 2053, "fields": {"session_player_part": 106, "parameter_set_labels_period": 63, "choice": null, "session_part_period": 373, "majority_choice": null, "timestamp": "2022-10-20T15:42:40.406Z", "updated": "2022-10-20T15:42:40.406Z"}}, {"model": "main.sessionplayerpartperiod", "pk": 2054, "fields": {"session_player_part": 106, "parameter_set_labels_period": 64, "choice": null, "session_part_period": 374, "majority_choice": null, "timestamp": "2022-10-20T15:42:40.406Z", "updated": "2022-10-20T15:42:40.406Z"}}, {"model": "main.sessionplayerpartperiod", "pk": 2055, "fields": {"session_player_part": 106, "parameter_set_labels_period": 65, "choice": null, "session_part_period": 375, "majority_choice": null, "timestamp": "2022-10-20T15:42:40.406Z", "updated": "2022-10-20T15:42:40.406Z"}}, {"model": "main.sessionplayerpartperiod", "pk": 2056, "fields": {"session_player_part": 106, "parameter_set_labels_period": 66, "choice": null, "session_part_period": 376, "majority_choice": null, "timestamp": "2022-10-20T15:42:40.406Z", "updated": "2022-10-20T15:42:40.406Z"}}, {"model": "main.sessionplayerpartperiod", "pk": 2057, "fields": {"session_player_part": 106, "parameter_set_labels_period": 67, "choice": null, "session_part_period": 377, "majority_choice": null, "timestamp": "2022-10-20T15:42:40.406Z", "updated": "2022-10-20T15:42:40.406Z"}}, {"model": "main.sessionplayerpartperiod", "pk": 2058, "fields": {"session_player_part": 106, "parameter_set_labels_period": 68, "choice": null, "session_part_period": 378, "majority_choice": null, "timestamp": "2022-10-20T15:42:40.406Z", "updated": "2022-10-20T15:42:40.406Z"}}, {"model": "main.sessionplayerpartperiod", "pk": 2059, "fields": {"session_player_part": 106, "parameter_set_labels_period": 69, "choice": null, "session_part_period": 379, "majority_choice": null, "timestamp": "2022-10-20T15:42:40.406Z", "updated": "2022-10-20T15:42:40.406Z"}}, {"model": "main.sessionplayerpartperiod", "pk": 2060, "fields": {"session_player_part": 106, "parameter_set_labels_period": 70, "choice": null, "session_part_period": 380, "majority_choice": null, "timestamp": "2022-10-20T15:42:40.406Z", "updated": "2022-10-20T15:42:40.406Z"}}, {"model": "main.sessionplayerpartperiod", "pk": 2061, "fields": {"session_player_part": 107, "parameter_set_labels_period": 1, "choice": null, "session_part_period": 381, "majority_choice": null, "timestamp": "2022-10-20T15:42:40.464Z", "updated": "2022-10-20T15:42:40.464Z"}}, {"model": "main.sessionplayerpartperiod", "pk": 2062, "fields": {"session_player_part": 107, "parameter_set_labels_period": 2, "choice": null, "session_part_period": 382, "majority_choice": null, "timestamp": "2022-10-20T15:42:40.464Z", "updated": "2022-10-20T15:42:40.464Z"}}, {"model": "main.sessionplayerpartperiod", "pk": 2063, "fields": {"session_player_part": 107, "parameter_set_labels_period": 3, "choice": null, "session_part_period": 383, "majority_choice": null, "timestamp": "2022-10-20T15:42:40.464Z", "updated": "2022-10-20T15:42:40.464Z"}}, {"model": "main.sessionplayerpartperiod", "pk": 2064, "fields": {"session_player_part": 107, "parameter_set_labels_period": 4, "choice": null, "session_part_period": 384, "majority_choice": null, "timestamp": "2022-10-20T15:42:40.464Z", "updated": "2022-10-20T15:42:40.464Z"}}, {"model": "main.sessionplayerpartperiod", "pk": 2065, "fields": {"session_player_part": 107, "parameter_set_labels_period": 5, "choice": null, "session_part_period": 385, "majority_choice": null, "timestamp": "2022-10-20T15:42:40.464Z", "updated": "2022-10-20T15:42:40.464Z"}}, {"model": "main.sessionplayerpartperiod", "pk": 2066, "fields": {"session_player_part": 107, "parameter_set_labels_period": 6, "choice": null, "session_part_period": 386, "majority_choice": null, "timestamp": "2022-10-20T15:42:40.464Z", "updated": "2022-10-20T15:42:40.464Z"}}, {"model": "main.sessionplayerpartperiod", "pk": 2067, "fields": {"session_player_part": 107, "parameter_set_labels_period": 7, "choice": null, "session_part_period": 387, "majority_choice": null, "timestamp": "2022-10-20T15:42:40.464Z", "updated": "2022-10-20T15:42:40.464Z"}}, {"model": "main.sessionplayerpartperiod", "pk": 2068, "fields": {"session_player_part": 107, "parameter_set_labels_period": 8, "choice": null, "session_part_period": 388, "majority_choice": null, "timestamp": "2022-10-20T15:42:40.464Z", "updated": "2022-10-20T15:42:40.464Z"}}, {"model": "main.sessionplayerpartperiod", "pk": 2069, "fields": {"session_player_part": 107, "parameter_set_labels_period": 9, "choice": null, "session_part_period": 389, "majority_choice": null, "timestamp": "2022-10-20T15:42:40.464Z", "updated": "2022-10-20T15:42:40.464Z"}}, {"model": "main.sessionplayerpartperiod", "pk": 2070, "fields": {"session_player_part": 107, "parameter_set_labels_period": 10, "choice": null, "session_part_period": 390, "majority_choice": null, "timestamp": "2022-10-20T15:42:40.464Z", "updated": "2022-10-20T15:42:40.464Z"}}, {"model": "main.sessionplayerpartperiod", "pk": 2071, "fields": {"session_player_part": 107, "parameter_set_labels_period": 71, "choice": null, "session_part_period": 391, "majority_choice": null, "timestamp": "2022-10-20T15:42:40.464Z", "updated": "2022-10-20T15:42:40.464Z"}}, {"model": "main.sessionplayerpartperiod", "pk": 2072, "fields": {"session_player_part": 107, "parameter_set_labels_period": 72, "choice": null, "session_part_period": 392, "majority_choice": null, "timestamp": "2022-10-20T15:42:40.464Z", "updated": "2022-10-20T15:42:40.464Z"}}, {"model": "main.sessionplayerpartperiod", "pk": 2073, "fields": {"session_player_part": 107, "parameter_set_labels_period": 73, "choice": null, "session_part_period": 393, "majority_choice": null, "timestamp": "2022-10-20T15:42:40.464Z", "updated": "2022-10-20T15:42:40.464Z"}}, {"model": "main.sessionplayerpartperiod", "pk": 2074, "fields": {"session_player_part": 107, "parameter_set_labels_period": 74, "choice": null, "session_part_period": 394, "majority_choice": null, "timestamp": "2022-10-20T15:42:40.464Z", "updated": "2022-10-20T15:42:40.464Z"}}, {"model": "main.sessionplayerpartperiod", "pk": 2075, "fields": {"session_player_part": 107, "parameter_set_labels_period": 75, "choice": null, "session_part_period": 395, "majority_choice": null, "timestamp": "2022-10-20T15:42:40.464Z", "updated": "2022-10-20T15:42:40.464Z"}}, {"model": "main.sessionplayerpartperiod", "pk": 2076, "fields": {"session_player_part": 107, "parameter_set_labels_period": 76, "choice": null, "session_part_period": 396, "majority_choice": null, "timestamp": "2022-10-20T15:42:40.464Z", "updated": "2022-10-20T15:42:40.464Z"}}, {"model": "main.sessionplayerpartperiod", "pk": 2077, "fields": {"session_player_part": 107, "parameter_set_labels_period": 77, "choice": null, "session_part_period": 397, "majority_choice": null, "timestamp": "2022-10-20T15:42:40.464Z", "updated": "2022-10-20T15:42:40.464Z"}}, {"model": "main.sessionplayerpartperiod", "pk": 2078, "fields": {"session_player_part": 107, "parameter_set_labels_period": 78, "choice": null, "session_part_period": 398, "majority_choice": null, "timestamp": "2022-10-20T15:42:40.464Z", "updated": "2022-10-20T15:42:40.464Z"}}, {"model": "main.sessionplayerpartperiod", "pk": 2079, "fields": {"session_player_part": 107, "parameter_set_labels_period": 79, "choice": null, "session_part_period": 399, "majority_choice": null, "timestamp": "2022-10-20T15:42:40.464Z", "updated": "2022-10-20T15:42:40.464Z"}}, {"model": "main.sessionplayerpartperiod", "pk": 2080, "fields": {"session_player_part": 107, "parameter_set_labels_period": 80, "choice": null, "session_part_period": 400, "majority_choice": null, "timestamp": "2022-10-20T15:42:40.464Z", "updated": "2022-10-20T15:42:40.464Z"}}, {"model": "main.sessionplayerpartperiod", "pk": 2081, "fields": {"session_player_part": 108, "parameter_set_labels_period": 21, "choice": null, "session_part_period": 401, "majority_choice": null, "timestamp": "2022-10-20T15:42:40.522Z", "updated": "2022-10-20T15:42:40.522Z"}}, {"model": "main.sessionplayerpartperiod", "pk": 2082, "fields": {"session_player_part": 108, "parameter_set_labels_period": 22, "choice": null, "session_part_period": 402, "majority_choice": null, "timestamp": "2022-10-20T15:42:40.522Z", "updated": "2022-10-20T15:42:40.522Z"}}, {"model": "main.sessionplayerpartperiod", "pk": 2083, "fields": {"session_player_part": 108, "parameter_set_labels_period": 23, "choice": null, "session_part_period": 403, "majority_choice": null, "timestamp": "2022-10-20T15:42:40.522Z", "updated": "2022-10-20T15:42:40.522Z"}}, {"model": "main.sessionplayerpartperiod", "pk": 2084, "fields": {"session_player_part": 108, "parameter_set_labels_period": 24, "choice": null, "session_part_period": 404, "majority_choice": null, "timestamp": "2022-10-20T15:42:40.522Z", "updated": "2022-10-20T15:42:40.522Z"}}, {"model": "main.sessionplayerpartperiod", "pk": 2085, "fields": {"session_player_part": 108, "parameter_set_labels_period": 25, "choice": null, "session_part_period": 405, "majority_choice": null, "timestamp": "2022-10-20T15:42:40.522Z", "updated": "2022-10-20T15:42:40.522Z"}}, {"model": "main.sessionplayerpartperiod", "pk": 2086, "fields": {"session_player_part": 108, "parameter_set_labels_period": 26, "choice": null, "session_part_period": 406, "majority_choice": null, "timestamp": "2022-10-20T15:42:40.522Z", "updated": "2022-10-20T15:42:40.522Z"}}, {"model": "main.sessionplayerpartperiod", "pk": 2087, "fields": {"session_player_part": 108, "parameter_set_labels_period": 27, "choice": null, "session_part_period": 407, "majority_choice": null, "timestamp": "2022-10-20T15:42:40.522Z", "updated": "2022-10-20T15:42:40.522Z"}}, {"model": "main.sessionplayerpartperiod", "pk": 2088, "fields": {"session_player_part": 108, "parameter_set_labels_period": 28, "choice": null, "session_part_period": 408, "majority_choice": null, "timestamp": "2022-10-20T15:42:40.522Z", "updated": "2022-10-20T15:42:40.522Z"}}, {"model": "main.sessionplayerpartperiod", "pk": 2089, "fields": {"session_player_part": 108, "parameter_set_labels_period": 29, "choice": null, "session_part_period": 409, "majority_choice": null, "timestamp": "2022-10-20T15:42:40.522Z", "updated": "2022-10-20T15:42:40.523Z"}}, {"model": "main.sessionplayerpartperiod", "pk": 2090, "fields": {"session_player_part": 108, "parameter_set_labels_period": 30, "choice": null, "session_part_period": 410, "majority_choice": null, "timestamp": "2022-10-20T15:42:40.523Z", "updated": "2022-10-20T15:42:40.523Z"}}, {"model": "main.sessionplayerpartperiod", "pk": 2091, "fields": {"session_player_part": 108, "parameter_set_labels_period": 81, "choice": null, "session_part_period": 411, "majority_choice": null, "timestamp": "2022-10-20T15:42:40.523Z", "updated": "2022-10-20T15:42:40.523Z"}}, {"model": "main.sessionplayerpartperiod", "pk": 2092, "fields": {"session_player_part": 108, "parameter_set_labels_period": 82, "choice": null, "session_part_period": 412, "majority_choice": null, "timestamp": "2022-10-20T15:42:40.523Z", "updated": "2022-10-20T15:42:40.523Z"}}, {"model": "main.sessionplayerpartperiod", "pk": 2093, "fields": {"session_player_part": 108, "parameter_set_labels_period": 83, "choice": null, "session_part_period": 413, "majority_choice": null, "timestamp": "2022-10-20T15:42:40.523Z", "updated": "2022-10-20T15:42:40.523Z"}}, {"model": "main.sessionplayerpartperiod", "pk": 2094, "fields": {"session_player_part": 108, "parameter_set_labels_period": 84, "choice": null, "session_part_period": 414, "majority_choice": null, "timestamp": "2022-10-20T15:42:40.523Z", "updated": "2022-10-20T15:42:40.523Z"}}, {"model": "main.sessionplayerpartperiod", "pk": 2095, "fields": {"session_player_part": 108, "parameter_set_labels_period": 85, "choice": null, "session_part_period": 415, "majority_choice": null, "timestamp": "2022-10-20T15:42:40.523Z", "updated": "2022-10-20T15:42:40.523Z"}}, {"model": "main.sessionplayerpartperiod", "pk": 2096, "fields": {"session_player_part": 108, "parameter_set_labels_period": 86, "choice": null, "session_part_period": 416, "majority_choice": null, "timestamp": "2022-10-20T15:42:40.523Z", "updated": "2022-10-20T15:42:40.523Z"}}, {"model": "main.sessionplayerpartperiod", "pk": 2097, "fields": {"session_player_part": 108, "parameter_set_labels_period": 87, "choice": null, "session_part_period": 417, "majority_choice": null, "timestamp": "2022-10-20T15:42:40.523Z", "updated": "2022-10-20T15:42:40.523Z"}}, {"model": "main.sessionplayerpartperiod", "pk": 2098, "fields": {"session_player_part": 108, "parameter_set_labels_period": 88, "choice": null, "session_part_period": 418, "majority_choice": null, "timestamp": "2022-10-20T15:42:40.523Z", "updated": "2022-10-20T15:42:40.523Z"}}, {"model": "main.sessionplayerpartperiod", "pk": 2099, "fields": {"session_player_part": 108, "parameter_set_labels_period": 89, "choice": null, "session_part_period": 419, "majority_choice": null, "timestamp": "2022-10-20T15:42:40.523Z", "updated": "2022-10-20T15:42:40.523Z"}}, {"model": "main.sessionplayerpartperiod", "pk": 2100, "fields": {"session_player_part": 108, "parameter_set_labels_period": 90, "choice": null, "session_part_period": 420, "majority_choice": null, "timestamp": "2022-10-20T15:42:40.523Z", "updated": "2022-10-20T15:42:40.523Z"}}, {"model": "main.sessionplayerpartperiod", "pk": 2101, "fields": {"session_player_part": 109, "parameter_set_labels_period": 11, "choice": null, "session_part_period": 361, "majority_choice": null, "timestamp": "2022-10-20T15:42:40.592Z", "updated": "2022-10-20T15:42:40.592Z"}}, {"model": "main.sessionplayerpartperiod", "pk": 2102, "fields": {"session_player_part": 109, "parameter_set_labels_period": 12, "choice": null, "session_part_period": 362, "majority_choice": null, "timestamp": "2022-10-20T15:42:40.592Z", "updated": "2022-10-20T15:42:40.592Z"}}, {"model": "main.sessionplayerpartperiod", "pk": 2103, "fields": {"session_player_part": 109, "parameter_set_labels_period": 13, "choice": null, "session_part_period": 363, "majority_choice": null, "timestamp": "2022-10-20T15:42:40.592Z", "updated": "2022-10-20T15:42:40.592Z"}}, {"model": "main.sessionplayerpartperiod", "pk": 2104, "fields": {"session_player_part": 109, "parameter_set_labels_period": 14, "choice": null, "session_part_period": 364, "majority_choice": null, "timestamp": "2022-10-20T15:42:40.592Z", "updated": "2022-10-20T15:42:40.592Z"}}, {"model": "main.sessionplayerpartperiod", "pk": 2105, "fields": {"session_player_part": 109, "parameter_set_labels_period": 15, "choice": null, "session_part_period": 365, "majority_choice": null, "timestamp": "2022-10-20T15:42:40.592Z", "updated": "2022-10-20T15:42:40.592Z"}}, {"model": "main.sessionplayerpartperiod", "pk": 2106, "fields": {"session_player_part": 109, "parameter_set_labels_period": 16, "choice": null, "session_part_period": 366, "majority_choice": null, "timestamp": "2022-10-20T15:42:40.592Z", "updated": "2022-10-20T15:42:40.592Z"}}, {"model": "main.sessionplayerpartperiod", "pk": 2107, "fields": {"session_player_part": 109, "parameter_set_labels_period": 17, "choice": null, "session_part_period": 367, "majority_choice": null, "timestamp": "2022-10-20T15:42:40.592Z", "updated": "2022-10-20T15:42:40.592Z"}}, {"model": "main.sessionplayerpartperiod", "pk": 2108, "fields": {"session_player_part": 109, "parameter_set_labels_period": 18, "choice": null, "session_part_period": 368, "majority_choice": null, "timestamp": "2022-10-20T15:42:40.592Z", "updated": "2022-10-20T15:42:40.592Z"}}, {"model": "main.sessionplayerpartperiod", "pk": 2109, "fields": {"session_player_part": 109, "parameter_set_labels_period": 19, "choice": null, "session_part_period": 369, "majority_choice": null, "timestamp": "2022-10-20T15:42:40.592Z", "updated": "2022-10-20T15:42:40.592Z"}}, {"model": "main.sessionplayerpartperiod", "pk": 2110, "fields": {"session_player_part": 109, "parameter_set_labels_period": 20, "choice": null, "session_part_period": 370, "majority_choice": null, "timestamp": "2022-10-20T15:42:40.592Z", "updated": "2022-10-20T15:42:40.592Z"}}, {"model": "main.sessionplayerpartperiod", "pk": 2111, "fields": {"session_player_part": 109, "parameter_set_labels_period": 61, "choice": null, "session_part_period": 371, "majority_choice": null, "timestamp": "2022-10-20T15:42:40.592Z", "updated": "2022-10-20T15:42:40.592Z"}}, {"model": "main.sessionplayerpartperiod", "pk": 2112, "fields": {"session_player_part": 109, "parameter_set_labels_period": 62, "choice": null, "session_part_period": 372, "majority_choice": null, "timestamp": "2022-10-20T15:42:40.592Z", "updated": "2022-10-20T15:42:40.592Z"}}, {"model": "main.sessionplayerpartperiod", "pk": 2113, "fields": {"session_player_part": 109, "parameter_set_labels_period": 63, "choice": null, "session_part_period": 373, "majority_choice": null, "timestamp": "2022-10-20T15:42:40.592Z", "updated": "2022-10-20T15:42:40.592Z"}}, {"model": "main.sessionplayerpartperiod", "pk": 2114, "fields": {"session_player_part": 109, "parameter_set_labels_period": 64, "choice": null, "session_part_period": 374, "majority_choice": null, "timestamp": "2022-10-20T15:42:40.592Z", "updated": "2022-10-20T15:42:40.592Z"}}, {"model": "main.sessionplayerpartperiod", "pk": 2115, "fields": {"session_player_part": 109, "parameter_set_labels_period": 65, "choice": null, "session_part_period": 375, "majority_choice": null, "timestamp": "2022-10-20T15:42:40.592Z", "updated": "2022-10-20T15:42:40.592Z"}}, {"model": "main.sessionplayerpartperiod", "pk": 2116, "fields": {"session_player_part": 109, "parameter_set_labels_period": 66, "choice": null, "session_part_period": 376, "majority_choice": null, "timestamp": "2022-10-20T15:42:40.592Z", "updated": "2022-10-20T15:42:40.592Z"}}, {"model": "main.sessionplayerpartperiod", "pk": 2117, "fields": {"session_player_part": 109, "parameter_set_labels_period": 67, "choice": null, "session_part_period": 377, "majority_choice": null, "timestamp": "2022-10-20T15:42:40.592Z", "updated": "2022-10-20T15:42:40.592Z"}}, {"model": "main.sessionplayerpartperiod", "pk": 2118, "fields": {"session_player_part": 109, "parameter_set_labels_period": 68, "choice": null, "session_part_period": 378, "majority_choice": null, "timestamp": "2022-10-20T15:42:40.592Z", "updated": "2022-10-20T15:42:40.592Z"}}, {"model": "main.sessionplayerpartperiod", "pk": 2119, "fields": {"session_player_part": 109, "parameter_set_labels_period": 69, "choice": null, "session_part_period": 379, "majority_choice": null, "timestamp": "2022-10-20T15:42:40.592Z", "updated": "2022-10-20T15:42:40.592Z"}}, {"model": "main.sessionplayerpartperiod", "pk": 2120, "fields": {"session_player_part": 109, "parameter_set_labels_period": 70, "choice": null, "session_part_period": 380, "majority_choice": null, "timestamp": "2022-10-20T15:42:40.592Z", "updated": "2022-10-20T15:42:40.592Z"}}, {"model": "main.sessionplayerpartperiod", "pk": 2121, "fields": {"session_player_part": 110, "parameter_set_labels_period": 21, "choice": null, "session_part_period": 381, "majority_choice": null, "timestamp": "2022-10-20T15:42:40.649Z", "updated": "2022-10-20T15:42:40.649Z"}}, {"model": "main.sessionplayerpartperiod", "pk": 2122, "fields": {"session_player_part": 110, "parameter_set_labels_period": 22, "choice": null, "session_part_period": 382, "majority_choice": null, "timestamp": "2022-10-20T15:42:40.649Z", "updated": "2022-10-20T15:42:40.649Z"}}, {"model": "main.sessionplayerpartperiod", "pk": 2123, "fields": {"session_player_part": 110, "parameter_set_labels_period": 23, "choice": null, "session_part_period": 383, "majority_choice": null, "timestamp": "2022-10-20T15:42:40.649Z", "updated": "2022-10-20T15:42:40.649Z"}}, {"model": "main.sessionplayerpartperiod", "pk": 2124, "fields": {"session_player_part": 110, "parameter_set_labels_period": 24, "choice": null, "session_part_period": 384, "majority_choice": null, "timestamp": "2022-10-20T15:42:40.649Z", "updated": "2022-10-20T15:42:40.649Z"}}, {"model": "main.sessionplayerpartperiod", "pk": 2125, "fields": {"session_player_part": 110, "parameter_set_labels_period": 25, "choice": null, "session_part_period": 385, "majority_choice": null, "timestamp": "2022-10-20T15:42:40.649Z", "updated": "2022-10-20T15:42:40.649Z"}}, {"model": "main.sessionplayerpartperiod", "pk": 2126, "fields": {"session_player_part": 110, "parameter_set_labels_period": 26, "choice": null, "session_part_period": 386, "majority_choice": null, "timestamp": "2022-10-20T15:42:40.649Z", "updated": "2022-10-20T15:42:40.650Z"}}, {"model": "main.sessionplayerpartperiod", "pk": 2127, "fields": {"session_player_part": 110, "parameter_set_labels_period": 27, "choice": null, "session_part_period": 387, "majority_choice": null, "timestamp": "2022-10-20T15:42:40.650Z", "updated": "2022-10-20T15:42:40.650Z"}}, {"model": "main.sessionplayerpartperiod", "pk": 2128, "fields": {"session_player_part": 110, "parameter_set_labels_period": 28, "choice": null, "session_part_period": 388, "majority_choice": null, "timestamp": "2022-10-20T15:42:40.650Z", "updated": "2022-10-20T15:42:40.650Z"}}, {"model": "main.sessionplayerpartperiod", "pk": 2129, "fields": {"session_player_part": 110, "parameter_set_labels_period": 29, "choice": null, "session_part_period": 389, "majority_choice": null, "timestamp": "2022-10-20T15:42:40.650Z", "updated": "2022-10-20T15:42:40.650Z"}}, {"model": "main.sessionplayerpartperiod", "pk": 2130, "fields": {"session_player_part": 110, "parameter_set_labels_period": 30, "choice": null, "session_part_period": 390, "majority_choice": null, "timestamp": "2022-10-20T15:42:40.650Z", "updated": "2022-10-20T15:42:40.650Z"}}, {"model": "main.sessionplayerpartperiod", "pk": 2131, "fields": {"session_player_part": 110, "parameter_set_labels_period": 81, "choice": null, "session_part_period": 391, "majority_choice": null, "timestamp": "2022-10-20T15:42:40.650Z", "updated": "2022-10-20T15:42:40.650Z"}}, {"model": "main.sessionplayerpartperiod", "pk": 2132, "fields": {"session_player_part": 110, "parameter_set_labels_period": 82, "choice": null, "session_part_period": 392, "majority_choice": null, "timestamp": "2022-10-20T15:42:40.650Z", "updated": "2022-10-20T15:42:40.650Z"}}, {"model": "main.sessionplayerpartperiod", "pk": 2133, "fields": {"session_player_part": 110, "parameter_set_labels_period": 83, "choice": null, "session_part_period": 393, "majority_choice": null, "timestamp": "2022-10-20T15:42:40.650Z", "updated": "2022-10-20T15:42:40.650Z"}}, {"model": "main.sessionplayerpartperiod", "pk": 2134, "fields": {"session_player_part": 110, "parameter_set_labels_period": 84, "choice": null, "session_part_period": 394, "majority_choice": null, "timestamp": "2022-10-20T15:42:40.650Z", "updated": "2022-10-20T15:42:40.650Z"}}, {"model": "main.sessionplayerpartperiod", "pk": 2135, "fields": {"session_player_part": 110, "parameter_set_labels_period": 85, "choice": null, "session_part_period": 395, "majority_choice": null, "timestamp": "2022-10-20T15:42:40.650Z", "updated": "2022-10-20T15:42:40.650Z"}}, {"model": "main.sessionplayerpartperiod", "pk": 2136, "fields": {"session_player_part": 110, "parameter_set_labels_period": 86, "choice": null, "session_part_period": 396, "majority_choice": null, "timestamp": "2022-10-20T15:42:40.650Z", "updated": "2022-10-20T15:42:40.650Z"}}, {"model": "main.sessionplayerpartperiod", "pk": 2137, "fields": {"session_player_part": 110, "parameter_set_labels_period": 87, "choice": null, "session_part_period": 397, "majority_choice": null, "timestamp": "2022-10-20T15:42:40.650Z", "updated": "2022-10-20T15:42:40.650Z"}}, {"model": "main.sessionplayerpartperiod", "pk": 2138, "fields": {"session_player_part": 110, "parameter_set_labels_period": 88, "choice": null, "session_part_period": 398, "majority_choice": null, "timestamp": "2022-10-20T15:42:40.650Z", "updated": "2022-10-20T15:42:40.650Z"}}, {"model": "main.sessionplayerpartperiod", "pk": 2139, "fields": {"session_player_part": 110, "parameter_set_labels_period": 89, "choice": null, "session_part_period": 399, "majority_choice": null, "timestamp": "2022-10-20T15:42:40.650Z", "updated": "2022-10-20T15:42:40.650Z"}}, {"model": "main.sessionplayerpartperiod", "pk": 2140, "fields": {"session_player_part": 110, "parameter_set_labels_period": 90, "choice": null, "session_part_period": 400, "majority_choice": null, "timestamp": "2022-10-20T15:42:40.650Z", "updated": "2022-10-20T15:42:40.650Z"}}, {"model": "main.sessionplayerpartperiod", "pk": 2141, "fields": {"session_player_part": 111, "parameter_set_labels_period": 21, "choice": null, "session_part_period": 401, "majority_choice": null, "timestamp": "2022-10-20T15:42:40.704Z", "updated": "2022-10-20T15:42:40.704Z"}}, {"model": "main.sessionplayerpartperiod", "pk": 2142, "fields": {"session_player_part": 111, "parameter_set_labels_period": 22, "choice": null, "session_part_period": 402, "majority_choice": null, "timestamp": "2022-10-20T15:42:40.704Z", "updated": "2022-10-20T15:42:40.704Z"}}, {"model": "main.sessionplayerpartperiod", "pk": 2143, "fields": {"session_player_part": 111, "parameter_set_labels_period": 23, "choice": null, "session_part_period": 403, "majority_choice": null, "timestamp": "2022-10-20T15:42:40.704Z", "updated": "2022-10-20T15:42:40.704Z"}}, {"model": "main.sessionplayerpartperiod", "pk": 2144, "fields": {"session_player_part": 111, "parameter_set_labels_period": 24, "choice": null, "session_part_period": 404, "majority_choice": null, "timestamp": "2022-10-20T15:42:40.705Z", "updated": "2022-10-20T15:42:40.705Z"}}, {"model": "main.sessionplayerpartperiod", "pk": 2145, "fields": {"session_player_part": 111, "parameter_set_labels_period": 25, "choice": null, "session_part_period": 405, "majority_choice": null, "timestamp": "2022-10-20T15:42:40.705Z", "updated": "2022-10-20T15:42:40.705Z"}}, {"model": "main.sessionplayerpartperiod", "pk": 2146, "fields": {"session_player_part": 111, "parameter_set_labels_period": 26, "choice": null, "session_part_period": 406, "majority_choice": null, "timestamp": "2022-10-20T15:42:40.705Z", "updated": "2022-10-20T15:42:40.705Z"}}, {"model": "main.sessionplayerpartperiod", "pk": 2147, "fields": {"session_player_part": 111, "parameter_set_labels_period": 27, "choice": null, "session_part_period": 407, "majority_choice": null, "timestamp": "2022-10-20T15:42:40.705Z", "updated": "2022-10-20T15:42:40.705Z"}}, {"model": "main.sessionplayerpartperiod", "pk": 2148, "fields": {"session_player_part": 111, "parameter_set_labels_period": 28, "choice": null, "session_part_period": 408, "majority_choice": null, "timestamp": "2022-10-20T15:42:40.705Z", "updated": "2022-10-20T15:42:40.705Z"}}, {"model": "main.sessionplayerpartperiod", "pk": 2149, "fields": {"session_player_part": 111, "parameter_set_labels_period": 29, "choice": null, "session_part_period": 409, "majority_choice": null, "timestamp": "2022-10-20T15:42:40.705Z", "updated": "2022-10-20T15:42:40.705Z"}}, {"model": "main.sessionplayerpartperiod", "pk": 2150, "fields": {"session_player_part": 111, "parameter_set_labels_period": 30, "choice": null, "session_part_period": 410, "majority_choice": null, "timestamp": "2022-10-20T15:42:40.705Z", "updated": "2022-10-20T15:42:40.705Z"}}, {"model": "main.sessionplayerpartperiod", "pk": 2151, "fields": {"session_player_part": 111, "parameter_set_labels_period": 81, "choice": null, "session_part_period": 411, "majority_choice": null, "timestamp": "2022-10-20T15:42:40.705Z", "updated": "2022-10-20T15:42:40.705Z"}}, {"model": "main.sessionplayerpartperiod", "pk": 2152, "fields": {"session_player_part": 111, "parameter_set_labels_period": 82, "choice": null, "session_part_period": 412, "majority_choice": null, "timestamp": "2022-10-20T15:42:40.705Z", "updated": "2022-10-20T15:42:40.705Z"}}, {"model": "main.sessionplayerpartperiod", "pk": 2153, "fields": {"session_player_part": 111, "parameter_set_labels_period": 83, "choice": null, "session_part_period": 413, "majority_choice": null, "timestamp": "2022-10-20T15:42:40.705Z", "updated": "2022-10-20T15:42:40.705Z"}}, {"model": "main.sessionplayerpartperiod", "pk": 2154, "fields": {"session_player_part": 111, "parameter_set_labels_period": 84, "choice": null, "session_part_period": 414, "majority_choice": null, "timestamp": "2022-10-20T15:42:40.705Z", "updated": "2022-10-20T15:42:40.705Z"}}, {"model": "main.sessionplayerpartperiod", "pk": 2155, "fields": {"session_player_part": 111, "parameter_set_labels_period": 85, "choice": null, "session_part_period": 415, "majority_choice": null, "timestamp": "2022-10-20T15:42:40.705Z", "updated": "2022-10-20T15:42:40.705Z"}}, {"model": "main.sessionplayerpartperiod", "pk": 2156, "fields": {"session_player_part": 111, "parameter_set_labels_period": 86, "choice": null, "session_part_period": 416, "majority_choice": null, "timestamp": "2022-10-20T15:42:40.705Z", "updated": "2022-10-20T15:42:40.705Z"}}, {"model": "main.sessionplayerpartperiod", "pk": 2157, "fields": {"session_player_part": 111, "parameter_set_labels_period": 87, "choice": null, "session_part_period": 417, "majority_choice": null, "timestamp": "2022-10-20T15:42:40.705Z", "updated": "2022-10-20T15:42:40.705Z"}}, {"model": "main.sessionplayerpartperiod", "pk": 2158, "fields": {"session_player_part": 111, "parameter_set_labels_period": 88, "choice": null, "session_part_period": 418, "majority_choice": null, "timestamp": "2022-10-20T15:42:40.705Z", "updated": "2022-10-20T15:42:40.705Z"}}, {"model": "main.sessionplayerpartperiod", "pk": 2159, "fields": {"session_player_part": 111, "parameter_set_labels_period": 89, "choice": null, "session_part_period": 419, "majority_choice": null, "timestamp": "2022-10-20T15:42:40.705Z", "updated": "2022-10-20T15:42:40.705Z"}}, {"model": "main.sessionplayerpartperiod", "pk": 2160, "fields": {"session_player_part": 111, "parameter_set_labels_period": 90, "choice": null, "session_part_period": 420, "majority_choice": null, "timestamp": "2022-10-20T15:42:40.705Z", "updated": "2022-10-20T15:42:40.705Z"}}]