[{"model": "main.parameters", "pk": 1, "fields": {"contact_email": "JohnSmith@abc.edu", "experiment_time_zone": "US/Pacific", "site_url": "http://localhost:8000", "invitation_text": "", "invitation_subject": "", "timestamp": "2022-10-09T22:41:24.818Z", "updated": "2022-10-09T22:41:24.818Z"}}, {"model": "main.instructionset", "pk": 1, "fields": {"label": "one", "timestamp": "2022-05-13T22:39:37.320Z", "updated": "2022-05-13T22:39:37.320Z"}}, {"model": "main.parameterset", "pk": 1, "fields": {"instruction_set": 1, "part_count": 3, "period_count": 20, "period_length": 60, "label_set_count": 3, "private_chat": true, "show_instructions": false, "test_mode": false, "timestamp": "2022-10-09T22:42:18.363Z", "updated": "2022-10-17T22:06:59.366Z"}}, {"model": "main.parameterset", "pk": 2, "fields": {"instruction_set": 1, "part_count": 3, "period_count": 2, "period_length": 60, "label_set_count": 3, "private_chat": true, "show_instructions": false, "test_mode": false, "timestamp": "2022-10-13T20:24:21.232Z", "updated": "2022-10-24T21:34:04.753Z"}}, {"model": "main.parametersetrandomoutcome", "pk": 1, "fields": {"parameter_set": 1, "name": "Heads", "abbreviation": "H", "image": "heads.png", "timestamp": "2022-10-11T19:51:32.936Z", "updated": "2022-10-19T18:35:34.319Z"}}, {"model": "main.parametersetrandomoutcome", "pk": 2, "fields": {"parameter_set": 1, "name": "Tails", "abbreviation": "T", "image": "tails.png", "timestamp": "2022-10-11T19:51:33.756Z", "updated": "2022-10-19T18:35:46.970Z"}}, {"model": "main.parametersetrandomoutcome", "pk": 5, "fields": {"parameter_set": 2, "name": "Heads", "abbreviation": "H", "image": "heads.png", "timestamp": "2022-10-13T20:24:34.995Z", "updated": "2022-10-21T17:06:25.603Z"}}, {"model": "main.parametersetrandomoutcome", "pk": 6, "fields": {"parameter_set": 2, "name": "Tails", "abbreviation": "T", "image": "tails.png", "timestamp": "2022-10-13T20:24:34.997Z", "updated": "2022-10-21T17:11:15.646Z"}}, {"model": "main.parametersetpart", "pk": 1, "fields": {"parameter_set": 1, "mode": "A", "part_number": 1, "minimum_for_majority": 7, "pay_choice_majority": "10.00", "pay_choice_minority": "1.00", "pay_label_majority": "0.00", "pay_label_minority": "0.00", "timestamp": "2022-10-10T20:51:02.112Z", "updated": "2022-10-17T22:07:00.329Z"}}, {"model": "main.parametersetpart", "pk": 2, "fields": {"parameter_set": 1, "mode": "B", "part_number": 2, "minimum_for_majority": 2, "pay_choice_majority": "0.00", "pay_choice_minority": "0.00", "pay_label_majority": "10.00", "pay_label_minority": "1.00", "timestamp": "2022-10-10T20:51:02.118Z", "updated": "2022-10-17T22:07:00.428Z"}}, {"model": "main.parametersetpart", "pk": 3, "fields": {"parameter_set": 1, "mode": "C", "part_number": 3, "minimum_for_majority": 2, "pay_choice_majority": "1.00", "pay_choice_minority": "0.00", "pay_label_majority": "9.00", "pay_label_minority": "1.00", "timestamp": "2022-10-10T20:51:02.122Z", "updated": "2022-10-17T22:07:00.529Z"}}, {"model": "main.parametersetpart", "pk": 4, "fields": {"parameter_set": 2, "mode": "A", "part_number": 1, "minimum_for_majority": 7, "pay_choice_majority": "10.00", "pay_choice_minority": "1.00", "pay_label_majority": "0.00", "pay_label_minority": "0.00", "timestamp": "2022-10-13T20:24:34.999Z", "updated": "2022-10-21T17:36:07.523Z"}}, {"model": "main.parametersetpart", "pk": 5, "fields": {"parameter_set": 2, "mode": "B", "part_number": 2, "minimum_for_majority": 2, "pay_choice_majority": "0.00", "pay_choice_minority": "0.00", "pay_label_majority": "10.00", "pay_label_minority": "1.00", "timestamp": "2022-10-13T20:24:35.003Z", "updated": "2022-10-21T17:06:25.541Z"}}, {"model": "main.parametersetpart", "pk": 6, "fields": {"parameter_set": 2, "mode": "C", "part_number": 3, "minimum_for_majority": 2, "pay_choice_majority": "1.00", "pay_choice_minority": "0.00", "pay_label_majority": "9.00", "pay_label_minority": "1.00", "timestamp": "2022-10-13T20:24:35.005Z", "updated": "2022-10-21T17:06:25.598Z"}}, {"model": "main.parametersetpartperiod", "pk": 1, "fields": {"parameter_set_part": 1, "parameter_set_random_outcome": 1, "period_number": 13, "timestamp": "2022-10-14T18:05:16.404Z", "updated": "2022-10-19T21:45:46.603Z"}}, {"model": "main.parametersetpartperiod", "pk": 2, "fields": {"parameter_set_part": 1, "parameter_set_random_outcome": 2, "period_number": 15, "timestamp": "2022-10-14T18:05:16.407Z", "updated": "2022-10-19T21:45:46.608Z"}}, {"model": "main.parametersetpartperiod", "pk": 3, "fields": {"parameter_set_part": 1, "parameter_set_random_outcome": 1, "period_number": 18, "timestamp": "2022-10-14T18:05:16.409Z", "updated": "2022-10-19T21:45:46.615Z"}}, {"model": "main.parametersetpartperiod", "pk": 4, "fields": {"parameter_set_part": 1, "parameter_set_random_outcome": 1, "period_number": 14, "timestamp": "2022-10-14T18:05:16.411Z", "updated": "2022-10-19T21:45:46.605Z"}}, {"model": "main.parametersetpartperiod", "pk": 5, "fields": {"parameter_set_part": 1, "parameter_set_random_outcome": 1, "period_number": 16, "timestamp": "2022-10-14T18:05:16.412Z", "updated": "2022-10-19T21:45:46.610Z"}}, {"model": "main.parametersetpartperiod", "pk": 6, "fields": {"parameter_set_part": 1, "parameter_set_random_outcome": 2, "period_number": 20, "timestamp": "2022-10-14T18:05:16.414Z", "updated": "2022-10-19T21:45:46.620Z"}}, {"model": "main.parametersetpartperiod", "pk": 7, "fields": {"parameter_set_part": 1, "parameter_set_random_outcome": 1, "period_number": 10, "timestamp": "2022-10-14T18:05:16.416Z", "updated": "2022-10-19T21:45:46.593Z"}}, {"model": "main.parametersetpartperiod", "pk": 8, "fields": {"parameter_set_part": 1, "parameter_set_random_outcome": 1, "period_number": 2, "timestamp": "2022-10-14T18:05:16.417Z", "updated": "2022-10-19T21:45:46.537Z"}}, {"model": "main.parametersetpartperiod", "pk": 9, "fields": {"parameter_set_part": 1, "parameter_set_random_outcome": 1, "period_number": 11, "timestamp": "2022-10-14T18:05:16.419Z", "updated": "2022-10-19T21:45:46.597Z"}}, {"model": "main.parametersetpartperiod", "pk": 10, "fields": {"parameter_set_part": 1, "parameter_set_random_outcome": 2, "period_number": 12, "timestamp": "2022-10-14T18:05:16.420Z", "updated": "2022-10-19T21:45:46.600Z"}}, {"model": "main.parametersetpartperiod", "pk": 11, "fields": {"parameter_set_part": 1, "parameter_set_random_outcome": 2, "period_number": 17, "timestamp": "2022-10-14T18:05:16.421Z", "updated": "2022-10-19T21:45:46.613Z"}}, {"model": "main.parametersetpartperiod", "pk": 12, "fields": {"parameter_set_part": 1, "parameter_set_random_outcome": 1, "period_number": 19, "timestamp": "2022-10-14T18:05:16.423Z", "updated": "2022-10-19T21:45:46.618Z"}}, {"model": "main.parametersetpartperiod", "pk": 13, "fields": {"parameter_set_part": 1, "parameter_set_random_outcome": 2, "period_number": 1, "timestamp": "2022-10-14T18:05:16.425Z", "updated": "2022-10-19T21:45:46.534Z"}}, {"model": "main.parametersetpartperiod", "pk": 14, "fields": {"parameter_set_part": 1, "parameter_set_random_outcome": 1, "period_number": 3, "timestamp": "2022-10-14T18:05:16.426Z", "updated": "2022-10-19T21:45:46.544Z"}}, {"model": "main.parametersetpartperiod", "pk": 15, "fields": {"parameter_set_part": 1, "parameter_set_random_outcome": 1, "period_number": 4, "timestamp": "2022-10-14T18:05:16.428Z", "updated": "2022-10-19T21:45:46.547Z"}}, {"model": "main.parametersetpartperiod", "pk": 16, "fields": {"parameter_set_part": 1, "parameter_set_random_outcome": 1, "period_number": 5, "timestamp": "2022-10-14T18:05:16.429Z", "updated": "2022-10-19T21:45:46.549Z"}}, {"model": "main.parametersetpartperiod", "pk": 17, "fields": {"parameter_set_part": 1, "parameter_set_random_outcome": 1, "period_number": 6, "timestamp": "2022-10-14T18:05:16.431Z", "updated": "2022-10-19T21:45:46.579Z"}}, {"model": "main.parametersetpartperiod", "pk": 18, "fields": {"parameter_set_part": 1, "parameter_set_random_outcome": 2, "period_number": 7, "timestamp": "2022-10-14T18:05:16.432Z", "updated": "2022-10-19T21:45:46.582Z"}}, {"model": "main.parametersetpartperiod", "pk": 19, "fields": {"parameter_set_part": 1, "parameter_set_random_outcome": 1, "period_number": 8, "timestamp": "2022-10-14T18:05:16.434Z", "updated": "2022-10-19T21:45:46.586Z"}}, {"model": "main.parametersetpartperiod", "pk": 20, "fields": {"parameter_set_part": 1, "parameter_set_random_outcome": 1, "period_number": 9, "timestamp": "2022-10-14T18:05:16.435Z", "updated": "2022-10-19T21:45:46.589Z"}}, {"model": "main.parametersetpartperiod", "pk": 21, "fields": {"parameter_set_part": 2, "parameter_set_random_outcome": 1, "period_number": 13, "timestamp": "2022-10-14T18:05:16.447Z", "updated": "2022-10-19T21:45:46.654Z"}}, {"model": "main.parametersetpartperiod", "pk": 22, "fields": {"parameter_set_part": 2, "parameter_set_random_outcome": 1, "period_number": 16, "timestamp": "2022-10-14T18:05:16.449Z", "updated": "2022-10-19T21:45:46.662Z"}}, {"model": "main.parametersetpartperiod", "pk": 23, "fields": {"parameter_set_part": 2, "parameter_set_random_outcome": 2, "period_number": 18, "timestamp": "2022-10-14T18:05:16.451Z", "updated": "2022-10-19T21:45:46.667Z"}}, {"model": "main.parametersetpartperiod", "pk": 24, "fields": {"parameter_set_part": 2, "parameter_set_random_outcome": 1, "period_number": 12, "timestamp": "2022-10-14T18:05:16.452Z", "updated": "2022-10-19T21:45:46.652Z"}}, {"model": "main.parametersetpartperiod", "pk": 25, "fields": {"parameter_set_part": 2, "parameter_set_random_outcome": 2, "period_number": 15, "timestamp": "2022-10-14T18:05:16.454Z", "updated": "2022-10-19T21:45:46.659Z"}}, {"model": "main.parametersetpartperiod", "pk": 26, "fields": {"parameter_set_part": 2, "parameter_set_random_outcome": 1, "period_number": 20, "timestamp": "2022-10-14T18:05:16.456Z", "updated": "2022-10-19T21:45:46.672Z"}}, {"model": "main.parametersetpartperiod", "pk": 27, "fields": {"parameter_set_part": 2, "parameter_set_random_outcome": 2, "period_number": 14, "timestamp": "2022-10-14T18:05:16.457Z", "updated": "2022-10-19T21:45:46.657Z"}}, {"model": "main.parametersetpartperiod", "pk": 28, "fields": {"parameter_set_part": 2, "parameter_set_random_outcome": 2, "period_number": 17, "timestamp": "2022-10-14T18:05:16.459Z", "updated": "2022-10-19T21:45:46.665Z"}}, {"model": "main.parametersetpartperiod", "pk": 29, "fields": {"parameter_set_part": 2, "parameter_set_random_outcome": 1, "period_number": 19, "timestamp": "2022-10-14T18:05:16.461Z", "updated": "2022-10-19T21:45:46.670Z"}}, {"model": "main.parametersetpartperiod", "pk": 30, "fields": {"parameter_set_part": 2, "parameter_set_random_outcome": 1, "period_number": 1, "timestamp": "2022-10-14T18:05:16.462Z", "updated": "2022-10-19T21:45:46.624Z"}}, {"model": "main.parametersetpartperiod", "pk": 31, "fields": {"parameter_set_part": 2, "parameter_set_random_outcome": 2, "period_number": 2, "timestamp": "2022-10-14T18:05:16.464Z", "updated": "2022-10-19T21:45:46.626Z"}}, {"model": "main.parametersetpartperiod", "pk": 32, "fields": {"parameter_set_part": 2, "parameter_set_random_outcome": 1, "period_number": 3, "timestamp": "2022-10-14T18:05:16.465Z", "updated": "2022-10-19T21:45:46.629Z"}}, {"model": "main.parametersetpartperiod", "pk": 33, "fields": {"parameter_set_part": 2, "parameter_set_random_outcome": 2, "period_number": 4, "timestamp": "2022-10-14T18:05:16.466Z", "updated": "2022-10-19T21:45:46.631Z"}}, {"model": "main.parametersetpartperiod", "pk": 34, "fields": {"parameter_set_part": 2, "parameter_set_random_outcome": 1, "period_number": 5, "timestamp": "2022-10-14T18:05:16.468Z", "updated": "2022-10-19T21:45:46.634Z"}}, {"model": "main.parametersetpartperiod", "pk": 35, "fields": {"parameter_set_part": 2, "parameter_set_random_outcome": 1, "period_number": 6, "timestamp": "2022-10-14T18:05:16.469Z", "updated": "2022-10-19T21:45:46.637Z"}}, {"model": "main.parametersetpartperiod", "pk": 36, "fields": {"parameter_set_part": 2, "parameter_set_random_outcome": 1, "period_number": 7, "timestamp": "2022-10-14T18:05:16.471Z", "updated": "2022-10-19T21:45:46.639Z"}}, {"model": "main.parametersetpartperiod", "pk": 37, "fields": {"parameter_set_part": 2, "parameter_set_random_outcome": 2, "period_number": 8, "timestamp": "2022-10-14T18:05:16.472Z", "updated": "2022-10-19T21:45:46.642Z"}}, {"model": "main.parametersetpartperiod", "pk": 38, "fields": {"parameter_set_part": 2, "parameter_set_random_outcome": 1, "period_number": 9, "timestamp": "2022-10-14T18:05:16.474Z", "updated": "2022-10-19T21:45:46.644Z"}}, {"model": "main.parametersetpartperiod", "pk": 39, "fields": {"parameter_set_part": 2, "parameter_set_random_outcome": 2, "period_number": 10, "timestamp": "2022-10-14T18:05:16.475Z", "updated": "2022-10-19T21:45:46.647Z"}}, {"model": "main.parametersetpartperiod", "pk": 40, "fields": {"parameter_set_part": 2, "parameter_set_random_outcome": 1, "period_number": 11, "timestamp": "2022-10-14T18:05:16.477Z", "updated": "2022-10-19T21:45:46.649Z"}}, {"model": "main.parametersetpartperiod", "pk": 41, "fields": {"parameter_set_part": 3, "parameter_set_random_outcome": 2, "period_number": 13, "timestamp": "2022-10-14T18:05:16.486Z", "updated": "2022-10-19T21:45:46.709Z"}}, {"model": "main.parametersetpartperiod", "pk": 42, "fields": {"parameter_set_part": 3, "parameter_set_random_outcome": 2, "period_number": 16, "timestamp": "2022-10-14T18:05:16.487Z", "updated": "2022-10-19T21:45:46.721Z"}}, {"model": "main.parametersetpartperiod", "pk": 43, "fields": {"parameter_set_part": 3, "parameter_set_random_outcome": 1, "period_number": 18, "timestamp": "2022-10-14T18:05:16.489Z", "updated": "2022-10-19T21:45:46.727Z"}}, {"model": "main.parametersetpartperiod", "pk": 44, "fields": {"parameter_set_part": 3, "parameter_set_random_outcome": 1, "period_number": 12, "timestamp": "2022-10-14T18:05:16.490Z", "updated": "2022-10-19T21:45:46.706Z"}}, {"model": "main.parametersetpartperiod", "pk": 45, "fields": {"parameter_set_part": 3, "parameter_set_random_outcome": 2, "period_number": 15, "timestamp": "2022-10-14T18:05:16.491Z", "updated": "2022-10-19T21:45:46.718Z"}}, {"model": "main.parametersetpartperiod", "pk": 46, "fields": {"parameter_set_part": 3, "parameter_set_random_outcome": 2, "period_number": 20, "timestamp": "2022-10-14T18:05:16.493Z", "updated": "2022-10-19T21:45:46.733Z"}}, {"model": "main.parametersetpartperiod", "pk": 47, "fields": {"parameter_set_part": 3, "parameter_set_random_outcome": 2, "period_number": 14, "timestamp": "2022-10-14T18:05:16.495Z", "updated": "2022-10-19T21:45:46.715Z"}}, {"model": "main.parametersetpartperiod", "pk": 48, "fields": {"parameter_set_part": 3, "parameter_set_random_outcome": 1, "period_number": 17, "timestamp": "2022-10-14T18:05:16.497Z", "updated": "2022-10-19T21:45:46.724Z"}}, {"model": "main.parametersetpartperiod", "pk": 49, "fields": {"parameter_set_part": 3, "parameter_set_random_outcome": 2, "period_number": 19, "timestamp": "2022-10-14T18:05:16.498Z", "updated": "2022-10-19T21:45:46.730Z"}}, {"model": "main.parametersetpartperiod", "pk": 50, "fields": {"parameter_set_part": 3, "parameter_set_random_outcome": 1, "period_number": 1, "timestamp": "2022-10-14T18:05:16.500Z", "updated": "2022-10-19T21:45:46.675Z"}}, {"model": "main.parametersetpartperiod", "pk": 51, "fields": {"parameter_set_part": 3, "parameter_set_random_outcome": 1, "period_number": 2, "timestamp": "2022-10-14T18:05:16.501Z", "updated": "2022-10-19T21:45:46.678Z"}}, {"model": "main.parametersetpartperiod", "pk": 52, "fields": {"parameter_set_part": 3, "parameter_set_random_outcome": 2, "period_number": 3, "timestamp": "2022-10-14T18:05:16.503Z", "updated": "2022-10-19T21:45:46.682Z"}}, {"model": "main.parametersetpartperiod", "pk": 53, "fields": {"parameter_set_part": 3, "parameter_set_random_outcome": 2, "period_number": 4, "timestamp": "2022-10-14T18:05:16.505Z", "updated": "2022-10-19T21:45:46.685Z"}}, {"model": "main.parametersetpartperiod", "pk": 54, "fields": {"parameter_set_part": 3, "parameter_set_random_outcome": 2, "period_number": 5, "timestamp": "2022-10-14T18:05:16.506Z", "updated": "2022-10-19T21:45:46.688Z"}}, {"model": "main.parametersetpartperiod", "pk": 55, "fields": {"parameter_set_part": 3, "parameter_set_random_outcome": 2, "period_number": 6, "timestamp": "2022-10-14T18:05:16.508Z", "updated": "2022-10-19T21:45:46.691Z"}}, {"model": "main.parametersetpartperiod", "pk": 56, "fields": {"parameter_set_part": 3, "parameter_set_random_outcome": 2, "period_number": 7, "timestamp": "2022-10-14T18:05:16.509Z", "updated": "2022-10-19T21:45:46.693Z"}}, {"model": "main.parametersetpartperiod", "pk": 57, "fields": {"parameter_set_part": 3, "parameter_set_random_outcome": 2, "period_number": 8, "timestamp": "2022-10-14T18:05:16.511Z", "updated": "2022-10-19T21:45:46.696Z"}}, {"model": "main.parametersetpartperiod", "pk": 58, "fields": {"parameter_set_part": 3, "parameter_set_random_outcome": 1, "period_number": 9, "timestamp": "2022-10-14T18:05:16.512Z", "updated": "2022-10-19T21:45:46.698Z"}}, {"model": "main.parametersetpartperiod", "pk": 59, "fields": {"parameter_set_part": 3, "parameter_set_random_outcome": 1, "period_number": 10, "timestamp": "2022-10-14T18:05:16.514Z", "updated": "2022-10-19T21:45:46.701Z"}}, {"model": "main.parametersetpartperiod", "pk": 60, "fields": {"parameter_set_part": 3, "parameter_set_random_outcome": 2, "period_number": 11, "timestamp": "2022-10-14T18:05:16.515Z", "updated": "2022-10-19T21:45:46.703Z"}}, {"model": "main.parametersetpartperiod", "pk": 126, "fields": {"parameter_set_part": 4, "parameter_set_random_outcome": 6, "period_number": 2, "timestamp": "2022-10-24T18:32:39.266Z", "updated": "2022-10-24T21:34:04.848Z"}}, {"model": "main.parametersetpartperiod", "pk": 128, "fields": {"parameter_set_part": 4, "parameter_set_random_outcome": 5, "period_number": 1, "timestamp": "2022-10-24T18:32:39.270Z", "updated": "2022-10-24T21:34:04.847Z"}}, {"model": "main.parametersetpartperiod", "pk": 129, "fields": {"parameter_set_part": 5, "parameter_set_random_outcome": 5, "period_number": 2, "timestamp": "2022-10-24T18:32:39.293Z", "updated": "2022-10-24T21:34:04.890Z"}}, {"model": "main.parametersetpartperiod", "pk": 136, "fields": {"parameter_set_part": 5, "parameter_set_random_outcome": 6, "period_number": 1, "timestamp": "2022-10-24T18:32:39.308Z", "updated": "2022-10-24T21:34:04.888Z"}}, {"model": "main.parametersetpartperiod", "pk": 137, "fields": {"parameter_set_part": 6, "parameter_set_random_outcome": 5, "period_number": 2, "timestamp": "2022-10-24T18:32:39.333Z", "updated": "2022-10-24T21:34:04.927Z"}}, {"model": "main.parametersetpartperiod", "pk": 144, "fields": {"parameter_set_part": 6, "parameter_set_random_outcome": 5, "period_number": 1, "timestamp": "2022-10-24T18:32:39.345Z", "updated": "2022-10-24T21:34:04.926Z"}}, {"model": "main.parametersetlabels", "pk": 1, "fields": {"parameter_set": 1, "name": "a-1", "timestamp": "2022-10-12T20:20:10.507Z", "updated": "2022-10-18T17:07:09.045Z"}}, {"model": "main.parametersetlabels", "pk": 2, "fields": {"parameter_set": 1, "name": "a-2", "timestamp": "2022-10-12T20:20:10.510Z", "updated": "2022-10-17T22:07:00.136Z"}}, {"model": "main.parametersetlabels", "pk": 3, "fields": {"parameter_set": 1, "name": "a-3", "timestamp": "2022-10-12T20:20:10.511Z", "updated": "2022-10-17T22:07:00.233Z"}}, {"model": "main.parametersetlabels", "pk": 4, "fields": {"parameter_set": 2, "name": "a-1", "timestamp": "2022-10-13T20:24:35.007Z", "updated": "2022-10-21T17:35:53.951Z"}}, {"model": "main.parametersetlabels", "pk": 5, "fields": {"parameter_set": 2, "name": "a-3", "timestamp": "2022-10-13T20:24:35.009Z", "updated": "2022-10-21T17:06:25.429Z"}}, {"model": "main.parametersetlabels", "pk": 7, "fields": {"parameter_set": 2, "name": "a-2", "timestamp": "2022-10-21T17:05:47.631Z", "updated": "2022-10-21T17:35:46.168Z"}}, {"model": "main.parametersetlabelsperiod", "pk": 1, "fields": {"parameter_set_labels": 1, "label": 2, "period_number": 1, "timestamp": "2022-10-12T20:20:10.518Z", "updated": "2022-10-17T22:06:59.935Z"}}, {"model": "main.parametersetlabelsperiod", "pk": 2, "fields": {"parameter_set_labels": 1, "label": 2, "period_number": 2, "timestamp": "2022-10-12T20:20:10.521Z", "updated": "2022-10-17T22:06:59.941Z"}}, {"model": "main.parametersetlabelsperiod", "pk": 3, "fields": {"parameter_set_labels": 1, "label": 2, "period_number": 3, "timestamp": "2022-10-12T20:20:10.528Z", "updated": "2022-10-17T22:06:59.946Z"}}, {"model": "main.parametersetlabelsperiod", "pk": 4, "fields": {"parameter_set_labels": 1, "label": 1, "period_number": 4, "timestamp": "2022-10-12T20:20:10.531Z", "updated": "2022-10-17T22:06:59.950Z"}}, {"model": "main.parametersetlabelsperiod", "pk": 5, "fields": {"parameter_set_labels": 1, "label": 2, "period_number": 5, "timestamp": "2022-10-12T20:20:10.534Z", "updated": "2022-10-17T22:06:59.954Z"}}, {"model": "main.parametersetlabelsperiod", "pk": 6, "fields": {"parameter_set_labels": 1, "label": 1, "period_number": 6, "timestamp": "2022-10-12T20:20:10.537Z", "updated": "2022-10-17T22:06:59.958Z"}}, {"model": "main.parametersetlabelsperiod", "pk": 8, "fields": {"parameter_set_labels": 1, "label": 1, "period_number": 8, "timestamp": "2022-10-12T20:20:10.542Z", "updated": "2022-10-17T22:06:59.967Z"}}, {"model": "main.parametersetlabelsperiod", "pk": 9, "fields": {"parameter_set_labels": 1, "label": 1, "period_number": 9, "timestamp": "2022-10-12T20:20:10.544Z", "updated": "2022-10-17T22:06:59.972Z"}}, {"model": "main.parametersetlabelsperiod", "pk": 10, "fields": {"parameter_set_labels": 1, "label": 2, "period_number": 10, "timestamp": "2022-10-12T20:20:10.548Z", "updated": "2022-10-17T22:06:59.976Z"}}, {"model": "main.parametersetlabelsperiod", "pk": 11, "fields": {"parameter_set_labels": 1, "label": 2, "period_number": 11, "timestamp": "2022-10-12T20:20:10.551Z", "updated": "2022-10-17T22:06:59.981Z"}}, {"model": "main.parametersetlabelsperiod", "pk": 12, "fields": {"parameter_set_labels": 1, "label": 1, "period_number": 12, "timestamp": "2022-10-12T20:20:10.553Z", "updated": "2022-10-17T22:06:59.986Z"}}, {"model": "main.parametersetlabelsperiod", "pk": 13, "fields": {"parameter_set_labels": 1, "label": 1, "period_number": 13, "timestamp": "2022-10-12T20:20:10.556Z", "updated": "2022-10-17T22:06:59.990Z"}}, {"model": "main.parametersetlabelsperiod", "pk": 14, "fields": {"parameter_set_labels": 1, "label": 2, "period_number": 14, "timestamp": "2022-10-12T20:20:10.559Z", "updated": "2022-10-17T22:06:59.994Z"}}, {"model": "main.parametersetlabelsperiod", "pk": 15, "fields": {"parameter_set_labels": 1, "label": 2, "period_number": 15, "timestamp": "2022-10-12T20:20:10.561Z", "updated": "2022-10-17T22:07:00.000Z"}}, {"model": "main.parametersetlabelsperiod", "pk": 16, "fields": {"parameter_set_labels": 1, "label": 2, "period_number": 16, "timestamp": "2022-10-12T20:20:10.564Z", "updated": "2022-10-17T22:07:00.004Z"}}, {"model": "main.parametersetlabelsperiod", "pk": 17, "fields": {"parameter_set_labels": 1, "label": 1, "period_number": 17, "timestamp": "2022-10-12T20:20:10.567Z", "updated": "2022-10-17T22:07:00.008Z"}}, {"model": "main.parametersetlabelsperiod", "pk": 18, "fields": {"parameter_set_labels": 1, "label": 2, "period_number": 18, "timestamp": "2022-10-12T20:20:10.569Z", "updated": "2022-10-17T22:07:00.013Z"}}, {"model": "main.parametersetlabelsperiod", "pk": 19, "fields": {"parameter_set_labels": 1, "label": 2, "period_number": 19, "timestamp": "2022-10-12T20:20:10.572Z", "updated": "2022-10-17T22:07:00.017Z"}}, {"model": "main.parametersetlabelsperiod", "pk": 20, "fields": {"parameter_set_labels": 1, "label": 2, "period_number": 20, "timestamp": "2022-10-12T20:20:10.575Z", "updated": "2022-10-17T22:07:00.021Z"}}, {"model": "main.parametersetlabelsperiod", "pk": 21, "fields": {"parameter_set_labels": 2, "label": 2, "period_number": 1, "timestamp": "2022-10-12T20:20:10.579Z", "updated": "2022-10-17T22:07:00.030Z"}}, {"model": "main.parametersetlabelsperiod", "pk": 22, "fields": {"parameter_set_labels": 2, "label": 1, "period_number": 2, "timestamp": "2022-10-12T20:20:10.582Z", "updated": "2022-10-17T22:07:00.035Z"}}, {"model": "main.parametersetlabelsperiod", "pk": 23, "fields": {"parameter_set_labels": 2, "label": 1, "period_number": 3, "timestamp": "2022-10-12T20:20:10.584Z", "updated": "2022-10-17T22:07:00.039Z"}}, {"model": "main.parametersetlabelsperiod", "pk": 24, "fields": {"parameter_set_labels": 2, "label": 1, "period_number": 4, "timestamp": "2022-10-12T20:20:10.587Z", "updated": "2022-10-17T22:07:00.043Z"}}, {"model": "main.parametersetlabelsperiod", "pk": 25, "fields": {"parameter_set_labels": 2, "label": 2, "period_number": 5, "timestamp": "2022-10-12T20:20:10.589Z", "updated": "2022-10-17T22:07:00.047Z"}}, {"model": "main.parametersetlabelsperiod", "pk": 26, "fields": {"parameter_set_labels": 2, "label": 1, "period_number": 6, "timestamp": "2022-10-12T20:20:10.595Z", "updated": "2022-10-17T22:07:00.051Z"}}, {"model": "main.parametersetlabelsperiod", "pk": 27, "fields": {"parameter_set_labels": 2, "label": 2, "period_number": 7, "timestamp": "2022-10-12T20:20:10.597Z", "updated": "2022-10-17T22:07:00.055Z"}}, {"model": "main.parametersetlabelsperiod", "pk": 28, "fields": {"parameter_set_labels": 2, "label": 2, "period_number": 8, "timestamp": "2022-10-12T20:20:10.600Z", "updated": "2022-10-17T22:07:00.076Z"}}, {"model": "main.parametersetlabelsperiod", "pk": 29, "fields": {"parameter_set_labels": 2, "label": 2, "period_number": 9, "timestamp": "2022-10-12T20:20:10.603Z", "updated": "2022-10-17T22:07:00.081Z"}}, {"model": "main.parametersetlabelsperiod", "pk": 30, "fields": {"parameter_set_labels": 2, "label": 1, "period_number": 10, "timestamp": "2022-10-12T20:20:10.605Z", "updated": "2022-10-17T22:07:00.087Z"}}, {"model": "main.parametersetlabelsperiod", "pk": 31, "fields": {"parameter_set_labels": 2, "label": 2, "period_number": 11, "timestamp": "2022-10-12T20:20:10.608Z", "updated": "2022-10-17T22:07:00.091Z"}}, {"model": "main.parametersetlabelsperiod", "pk": 32, "fields": {"parameter_set_labels": 2, "label": 1, "period_number": 12, "timestamp": "2022-10-12T20:20:10.612Z", "updated": "2022-10-17T22:07:00.095Z"}}, {"model": "main.parametersetlabelsperiod", "pk": 33, "fields": {"parameter_set_labels": 2, "label": 2, "period_number": 13, "timestamp": "2022-10-12T20:20:10.614Z", "updated": "2022-10-17T22:07:00.100Z"}}, {"model": "main.parametersetlabelsperiod", "pk": 34, "fields": {"parameter_set_labels": 2, "label": 1, "period_number": 14, "timestamp": "2022-10-12T20:20:10.617Z", "updated": "2022-10-17T22:07:00.105Z"}}, {"model": "main.parametersetlabelsperiod", "pk": 35, "fields": {"parameter_set_labels": 2, "label": 1, "period_number": 15, "timestamp": "2022-10-12T20:20:10.620Z", "updated": "2022-10-17T22:07:00.109Z"}}, {"model": "main.parametersetlabelsperiod", "pk": 36, "fields": {"parameter_set_labels": 2, "label": 2, "period_number": 16, "timestamp": "2022-10-12T20:20:10.623Z", "updated": "2022-10-17T22:07:00.113Z"}}, {"model": "main.parametersetlabelsperiod", "pk": 37, "fields": {"parameter_set_labels": 2, "label": 2, "period_number": 17, "timestamp": "2022-10-12T20:20:10.625Z", "updated": "2022-10-17T22:07:00.117Z"}}, {"model": "main.parametersetlabelsperiod", "pk": 38, "fields": {"parameter_set_labels": 2, "label": 2, "period_number": 18, "timestamp": "2022-10-12T20:20:10.628Z", "updated": "2022-10-17T22:07:00.121Z"}}, {"model": "main.parametersetlabelsperiod", "pk": 39, "fields": {"parameter_set_labels": 2, "label": 1, "period_number": 19, "timestamp": "2022-10-12T20:20:10.630Z", "updated": "2022-10-17T22:07:00.126Z"}}, {"model": "main.parametersetlabelsperiod", "pk": 40, "fields": {"parameter_set_labels": 2, "label": 1, "period_number": 20, "timestamp": "2022-10-12T20:20:10.633Z", "updated": "2022-10-17T22:07:00.131Z"}}, {"model": "main.parametersetlabelsperiod", "pk": 41, "fields": {"parameter_set_labels": 3, "label": 2, "period_number": 1, "timestamp": "2022-10-12T20:20:10.636Z", "updated": "2022-10-17T22:07:00.142Z"}}, {"model": "main.parametersetlabelsperiod", "pk": 42, "fields": {"parameter_set_labels": 3, "label": 1, "period_number": 2, "timestamp": "2022-10-12T20:20:10.639Z", "updated": "2022-10-17T22:07:00.147Z"}}, {"model": "main.parametersetlabelsperiod", "pk": 43, "fields": {"parameter_set_labels": 3, "label": 1, "period_number": 3, "timestamp": "2022-10-12T20:20:10.641Z", "updated": "2022-10-17T22:07:00.151Z"}}, {"model": "main.parametersetlabelsperiod", "pk": 44, "fields": {"parameter_set_labels": 3, "label": 2, "period_number": 4, "timestamp": "2022-10-12T20:20:10.644Z", "updated": "2022-10-17T22:07:00.157Z"}}, {"model": "main.parametersetlabelsperiod", "pk": 45, "fields": {"parameter_set_labels": 3, "label": 1, "period_number": 5, "timestamp": "2022-10-12T20:20:10.647Z", "updated": "2022-10-17T22:07:00.161Z"}}, {"model": "main.parametersetlabelsperiod", "pk": 46, "fields": {"parameter_set_labels": 3, "label": 1, "period_number": 6, "timestamp": "2022-10-12T20:20:10.650Z", "updated": "2022-10-17T22:07:00.167Z"}}, {"model": "main.parametersetlabelsperiod", "pk": 47, "fields": {"parameter_set_labels": 3, "label": 1, "period_number": 7, "timestamp": "2022-10-12T20:20:10.653Z", "updated": "2022-10-17T22:07:00.171Z"}}, {"model": "main.parametersetlabelsperiod", "pk": 48, "fields": {"parameter_set_labels": 3, "label": 2, "period_number": 8, "timestamp": "2022-10-12T20:20:10.655Z", "updated": "2022-10-17T22:07:00.175Z"}}, {"model": "main.parametersetlabelsperiod", "pk": 49, "fields": {"parameter_set_labels": 3, "label": 1, "period_number": 9, "timestamp": "2022-10-12T20:20:10.658Z", "updated": "2022-10-17T22:07:00.179Z"}}, {"model": "main.parametersetlabelsperiod", "pk": 50, "fields": {"parameter_set_labels": 3, "label": 2, "period_number": 10, "timestamp": "2022-10-12T20:20:10.663Z", "updated": "2022-10-17T22:07:00.183Z"}}, {"model": "main.parametersetlabelsperiod", "pk": 51, "fields": {"parameter_set_labels": 3, "label": 1, "period_number": 11, "timestamp": "2022-10-12T20:20:10.666Z", "updated": "2022-10-17T22:07:00.188Z"}}, {"model": "main.parametersetlabelsperiod", "pk": 52, "fields": {"parameter_set_labels": 3, "label": 1, "period_number": 12, "timestamp": "2022-10-12T20:20:10.668Z", "updated": "2022-10-17T22:07:00.192Z"}}, {"model": "main.parametersetlabelsperiod", "pk": 53, "fields": {"parameter_set_labels": 3, "label": 2, "period_number": 13, "timestamp": "2022-10-12T20:20:10.671Z", "updated": "2022-10-17T22:07:00.197Z"}}, {"model": "main.parametersetlabelsperiod", "pk": 54, "fields": {"parameter_set_labels": 3, "label": 1, "period_number": 14, "timestamp": "2022-10-12T20:20:10.674Z", "updated": "2022-10-17T22:07:00.201Z"}}, {"model": "main.parametersetlabelsperiod", "pk": 55, "fields": {"parameter_set_labels": 3, "label": 1, "period_number": 15, "timestamp": "2022-10-12T20:20:10.677Z", "updated": "2022-10-17T22:07:00.206Z"}}, {"model": "main.parametersetlabelsperiod", "pk": 56, "fields": {"parameter_set_labels": 3, "label": 2, "period_number": 16, "timestamp": "2022-10-12T20:20:10.685Z", "updated": "2022-10-17T22:07:00.210Z"}}, {"model": "main.parametersetlabelsperiod", "pk": 57, "fields": {"parameter_set_labels": 3, "label": 2, "period_number": 17, "timestamp": "2022-10-12T20:20:10.687Z", "updated": "2022-10-17T22:07:00.214Z"}}, {"model": "main.parametersetlabelsperiod", "pk": 58, "fields": {"parameter_set_labels": 3, "label": 2, "period_number": 18, "timestamp": "2022-10-12T20:20:10.690Z", "updated": "2022-10-17T22:07:00.218Z"}}, {"model": "main.parametersetlabelsperiod", "pk": 59, "fields": {"parameter_set_labels": 3, "label": 2, "period_number": 19, "timestamp": "2022-10-12T20:20:10.692Z", "updated": "2022-10-17T22:07:00.224Z"}}, {"model": "main.parametersetlabelsperiod", "pk": 60, "fields": {"parameter_set_labels": 3, "label": 2, "period_number": 20, "timestamp": "2022-10-12T20:20:10.695Z", "updated": "2022-10-17T22:07:00.229Z"}}, {"model": "main.parametersetlabelsperiod", "pk": 61, "fields": {"parameter_set_labels": 1, "label": 2, "period_number": 7, "timestamp": "2022-10-12T21:06:08.252Z", "updated": "2022-10-17T22:06:59.962Z"}}, {"model": "main.parametersetlabelsperiod", "pk": 62, "fields": {"parameter_set_labels": 4, "label": 5, "period_number": 1, "timestamp": "2022-10-13T20:24:35.014Z", "updated": "2022-10-24T18:47:49.391Z"}}, {"model": "main.parametersetlabelsperiod", "pk": 63, "fields": {"parameter_set_labels": 4, "label": 6, "period_number": 2, "timestamp": "2022-10-13T20:24:35.017Z", "updated": "2022-10-24T18:47:49.396Z"}}, {"model": "main.parametersetlabelsperiod", "pk": 82, "fields": {"parameter_set_labels": 5, "label": 5, "period_number": 1, "timestamp": "2022-10-13T20:24:35.062Z", "updated": "2022-10-24T18:47:49.446Z"}}, {"model": "main.parametersetlabelsperiod", "pk": 83, "fields": {"parameter_set_labels": 5, "label": 6, "period_number": 2, "timestamp": "2022-10-13T20:24:35.065Z", "updated": "2022-10-24T18:47:49.449Z"}}, {"model": "main.parametersetlabelsperiod", "pk": 122, "fields": {"parameter_set_labels": 7, "label": 6, "period_number": 1, "timestamp": "2022-10-21T17:05:47.637Z", "updated": "2022-10-24T18:47:49.420Z"}}, {"model": "main.parametersetlabelsperiod", "pk": 123, "fields": {"parameter_set_labels": 7, "label": 6, "period_number": 2, "timestamp": "2022-10-21T17:05:47.641Z", "updated": "2022-10-24T18:47:49.423Z"}}, {"model": "main.parametersetplayer", "pk": 1, "fields": {"parameter_set": 1, "id_label": "J", "timestamp": "2022-10-10T20:51:09.294Z", "updated": "2022-10-17T22:07:00.775Z"}}, {"model": "main.parametersetplayer", "pk": 3, "fields": {"parameter_set": 1, "id_label": "B", "timestamp": "2022-10-10T20:51:10.638Z", "updated": "2022-10-17T22:07:00.612Z"}}, {"model": "main.parametersetplayer", "pk": 4, "fields": {"parameter_set": 1, "id_label": "C", "timestamp": "2022-10-10T20:51:11.281Z", "updated": "2022-10-17T22:07:00.633Z"}}, {"model": "main.parametersetplayer", "pk": 5, "fields": {"parameter_set": 1, "id_label": "D", "timestamp": "2022-10-10T20:51:11.854Z", "updated": "2022-10-17T22:07:00.653Z"}}, {"model": "main.parametersetplayer", "pk": 6, "fields": {"parameter_set": 1, "id_label": "E", "timestamp": "2022-10-10T20:51:12.461Z", "updated": "2022-10-17T22:07:00.673Z"}}, {"model": "main.parametersetplayer", "pk": 8, "fields": {"parameter_set": 1, "id_label": "K", "timestamp": "2022-10-10T20:51:16.111Z", "updated": "2022-10-17T22:07:00.795Z"}}, {"model": "main.parametersetplayer", "pk": 9, "fields": {"parameter_set": 1, "id_label": "I", "timestamp": "2022-10-10T20:51:16.934Z", "updated": "2022-10-17T22:07:00.755Z"}}, {"model": "main.parametersetplayer", "pk": 11, "fields": {"parameter_set": 1, "id_label": "F", "timestamp": "2022-10-10T20:51:18.166Z", "updated": "2022-10-17T22:07:00.693Z"}}, {"model": "main.parametersetplayer", "pk": 12, "fields": {"parameter_set": 1, "id_label": "L", "timestamp": "2022-10-10T20:51:18.783Z", "updated": "2022-10-17T22:07:00.815Z"}}, {"model": "main.parametersetplayer", "pk": 13, "fields": {"parameter_set": 1, "id_label": "G", "timestamp": "2022-10-10T21:42:00.705Z", "updated": "2022-10-17T22:07:00.713Z"}}, {"model": "main.parametersetplayer", "pk": 14, "fields": {"parameter_set": 1, "id_label": "H", "timestamp": "2022-10-10T21:42:01.978Z", "updated": "2022-10-17T22:07:00.736Z"}}, {"model": "main.parametersetplayer", "pk": 15, "fields": {"parameter_set": 1, "id_label": "A", "timestamp": "2022-10-10T21:42:04.014Z", "updated": "2022-10-19T21:50:40.535Z"}}, {"model": "main.parametersetplayer", "pk": 16, "fields": {"parameter_set": 2, "id_label": "C", "timestamp": "2022-10-13T20:24:34.976Z", "updated": "2022-10-25T20:17:31.463Z"}}, {"model": "main.parametersetplayer", "pk": 28, "fields": {"parameter_set": 2, "id_label": "A", "timestamp": "2022-10-25T20:17:17.235Z", "updated": "2022-10-25T20:17:24.505Z"}}, {"model": "main.parametersetplayer", "pk": 29, "fields": {"parameter_set": 2, "id_label": "B", "timestamp": "2022-10-25T20:17:18.646Z", "updated": "2022-10-25T20:17:27.947Z"}}, {"model": "main.parametersetplayerpart", "pk": 2, "fields": {"parameter_set_player": 15, "parameter_set_part": 3, "parameter_set_labels": 1, "group": 1, "timestamp": "2022-10-12T23:03:47.365Z", "updated": "2022-10-17T22:07:00.578Z"}}, {"model": "main.parametersetplayerpart", "pk": 3, "fields": {"parameter_set_player": 15, "parameter_set_part": 2, "parameter_set_labels": 1, "group": 1, "timestamp": "2022-10-12T23:03:47.367Z", "updated": "2022-10-17T22:07:00.558Z"}}, {"model": "main.parametersetplayerpart", "pk": 4, "fields": {"parameter_set_player": 15, "parameter_set_part": 1, "parameter_set_labels": 2, "group": 1, "timestamp": "2022-10-12T23:03:47.369Z", "updated": "2022-10-17T22:07:00.553Z"}}, {"model": "main.parametersetplayerpart", "pk": 5, "fields": {"parameter_set_player": 3, "parameter_set_part": 3, "parameter_set_labels": 1, "group": 2, "timestamp": "2022-10-12T23:04:17.649Z", "updated": "2022-10-17T22:07:00.604Z"}}, {"model": "main.parametersetplayerpart", "pk": 6, "fields": {"parameter_set_player": 3, "parameter_set_part": 2, "parameter_set_labels": 2, "group": 1, "timestamp": "2022-10-12T23:04:17.651Z", "updated": "2022-10-17T22:07:00.598Z"}}, {"model": "main.parametersetplayerpart", "pk": 7, "fields": {"parameter_set_player": 3, "parameter_set_part": 1, "parameter_set_labels": 1, "group": 1, "timestamp": "2022-10-12T23:04:17.653Z", "updated": "2022-10-17T22:07:00.591Z"}}, {"model": "main.parametersetplayerpart", "pk": 8, "fields": {"parameter_set_player": 4, "parameter_set_part": 3, "parameter_set_labels": 1, "group": 3, "timestamp": "2022-10-12T23:04:17.662Z", "updated": "2022-10-17T22:07:00.630Z"}}, {"model": "main.parametersetplayerpart", "pk": 9, "fields": {"parameter_set_player": 4, "parameter_set_part": 2, "parameter_set_labels": 3, "group": 1, "timestamp": "2022-10-12T23:04:17.663Z", "updated": "2022-10-17T22:07:00.625Z"}}, {"model": "main.parametersetplayerpart", "pk": 10, "fields": {"parameter_set_player": 4, "parameter_set_part": 1, "parameter_set_labels": 1, "group": 1, "timestamp": "2022-10-12T23:04:17.665Z", "updated": "2022-10-17T22:07:00.619Z"}}, {"model": "main.parametersetplayerpart", "pk": 11, "fields": {"parameter_set_player": 5, "parameter_set_part": 3, "parameter_set_labels": 1, "group": 4, "timestamp": "2022-10-12T23:04:17.674Z", "updated": "2022-10-17T22:07:00.650Z"}}, {"model": "main.parametersetplayerpart", "pk": 12, "fields": {"parameter_set_player": 5, "parameter_set_part": 2, "parameter_set_labels": 1, "group": 2, "timestamp": "2022-10-12T23:04:17.676Z", "updated": "2022-10-17T22:07:00.645Z"}}, {"model": "main.parametersetplayerpart", "pk": 13, "fields": {"parameter_set_player": 5, "parameter_set_part": 1, "parameter_set_labels": 1, "group": 1, "timestamp": "2022-10-12T23:04:17.677Z", "updated": "2022-10-17T22:07:00.639Z"}}, {"model": "main.parametersetplayerpart", "pk": 14, "fields": {"parameter_set_player": 6, "parameter_set_part": 3, "parameter_set_labels": 2, "group": 1, "timestamp": "2022-10-12T23:04:17.686Z", "updated": "2022-10-17T22:07:00.670Z"}}, {"model": "main.parametersetplayerpart", "pk": 15, "fields": {"parameter_set_player": 6, "parameter_set_part": 2, "parameter_set_labels": 2, "group": 2, "timestamp": "2022-10-12T23:04:17.687Z", "updated": "2022-10-17T22:07:00.665Z"}}, {"model": "main.parametersetplayerpart", "pk": 16, "fields": {"parameter_set_player": 6, "parameter_set_part": 1, "parameter_set_labels": 1, "group": 1, "timestamp": "2022-10-12T23:04:17.689Z", "updated": "2022-10-17T22:07:00.660Z"}}, {"model": "main.parametersetplayerpart", "pk": 17, "fields": {"parameter_set_player": 11, "parameter_set_part": 3, "parameter_set_labels": 2, "group": 2, "timestamp": "2022-10-12T23:04:17.698Z", "updated": "2022-10-17T22:07:00.690Z"}}, {"model": "main.parametersetplayerpart", "pk": 18, "fields": {"parameter_set_player": 11, "parameter_set_part": 2, "parameter_set_labels": 3, "group": 2, "timestamp": "2022-10-12T23:04:17.699Z", "updated": "2022-10-17T22:07:00.684Z"}}, {"model": "main.parametersetplayerpart", "pk": 19, "fields": {"parameter_set_player": 11, "parameter_set_part": 1, "parameter_set_labels": 1, "group": 1, "timestamp": "2022-10-12T23:04:17.701Z", "updated": "2022-10-17T22:07:00.679Z"}}, {"model": "main.parametersetplayerpart", "pk": 20, "fields": {"parameter_set_player": 13, "parameter_set_part": 3, "parameter_set_labels": 2, "group": 3, "timestamp": "2022-10-12T23:04:17.710Z", "updated": "2022-10-17T22:07:00.710Z"}}, {"model": "main.parametersetplayerpart", "pk": 21, "fields": {"parameter_set_player": 13, "parameter_set_part": 2, "parameter_set_labels": 1, "group": 3, "timestamp": "2022-10-12T23:04:17.711Z", "updated": "2022-10-17T22:07:00.704Z"}}, {"model": "main.parametersetplayerpart", "pk": 22, "fields": {"parameter_set_player": 13, "parameter_set_part": 1, "parameter_set_labels": 1, "group": 1, "timestamp": "2022-10-12T23:04:17.713Z", "updated": "2022-10-17T22:07:00.699Z"}}, {"model": "main.parametersetplayerpart", "pk": 23, "fields": {"parameter_set_player": 14, "parameter_set_part": 3, "parameter_set_labels": 2, "group": 4, "timestamp": "2022-10-12T23:04:17.721Z", "updated": "2022-10-17T22:07:00.732Z"}}, {"model": "main.parametersetplayerpart", "pk": 24, "fields": {"parameter_set_player": 14, "parameter_set_part": 2, "parameter_set_labels": 2, "group": 3, "timestamp": "2022-10-12T23:04:17.723Z", "updated": "2022-10-17T22:07:00.727Z"}}, {"model": "main.parametersetplayerpart", "pk": 25, "fields": {"parameter_set_player": 14, "parameter_set_part": 1, "parameter_set_labels": 1, "group": 1, "timestamp": "2022-10-12T23:04:17.724Z", "updated": "2022-10-17T22:07:00.719Z"}}, {"model": "main.parametersetplayerpart", "pk": 26, "fields": {"parameter_set_player": 9, "parameter_set_part": 3, "parameter_set_labels": 3, "group": 1, "timestamp": "2022-10-12T23:04:17.733Z", "updated": "2022-10-17T22:07:00.752Z"}}, {"model": "main.parametersetplayerpart", "pk": 27, "fields": {"parameter_set_player": 9, "parameter_set_part": 2, "parameter_set_labels": 3, "group": 3, "timestamp": "2022-10-12T23:04:17.735Z", "updated": "2022-10-17T22:07:00.747Z"}}, {"model": "main.parametersetplayerpart", "pk": 28, "fields": {"parameter_set_player": 9, "parameter_set_part": 1, "parameter_set_labels": 1, "group": 1, "timestamp": "2022-10-12T23:04:17.737Z", "updated": "2022-10-17T22:07:00.742Z"}}, {"model": "main.parametersetplayerpart", "pk": 29, "fields": {"parameter_set_player": 1, "parameter_set_part": 3, "parameter_set_labels": 3, "group": 2, "timestamp": "2022-10-12T23:04:17.745Z", "updated": "2022-10-17T22:07:00.771Z"}}, {"model": "main.parametersetplayerpart", "pk": 30, "fields": {"parameter_set_player": 1, "parameter_set_part": 2, "parameter_set_labels": 1, "group": 4, "timestamp": "2022-10-12T23:04:17.746Z", "updated": "2022-10-17T22:07:00.766Z"}}, {"model": "main.parametersetplayerpart", "pk": 31, "fields": {"parameter_set_player": 1, "parameter_set_part": 1, "parameter_set_labels": 1, "group": 1, "timestamp": "2022-10-12T23:04:17.748Z", "updated": "2022-10-17T22:07:00.761Z"}}, {"model": "main.parametersetplayerpart", "pk": 32, "fields": {"parameter_set_player": 8, "parameter_set_part": 3, "parameter_set_labels": 3, "group": 3, "timestamp": "2022-10-12T23:04:17.760Z", "updated": "2022-10-17T22:07:00.792Z"}}, {"model": "main.parametersetplayerpart", "pk": 33, "fields": {"parameter_set_player": 8, "parameter_set_part": 2, "parameter_set_labels": 2, "group": 4, "timestamp": "2022-10-12T23:04:17.761Z", "updated": "2022-10-17T22:07:00.787Z"}}, {"model": "main.parametersetplayerpart", "pk": 34, "fields": {"parameter_set_player": 8, "parameter_set_part": 1, "parameter_set_labels": 1, "group": 1, "timestamp": "2022-10-12T23:04:17.763Z", "updated": "2022-10-17T22:07:00.782Z"}}, {"model": "main.parametersetplayerpart", "pk": 35, "fields": {"parameter_set_player": 12, "parameter_set_part": 3, "parameter_set_labels": 3, "group": 4, "timestamp": "2022-10-12T23:04:17.772Z", "updated": "2022-10-17T22:07:00.811Z"}}, {"model": "main.parametersetplayerpart", "pk": 36, "fields": {"parameter_set_player": 12, "parameter_set_part": 2, "parameter_set_labels": 3, "group": 4, "timestamp": "2022-10-12T23:04:17.773Z", "updated": "2022-10-17T22:07:00.806Z"}}, {"model": "main.parametersetplayerpart", "pk": 37, "fields": {"parameter_set_player": 12, "parameter_set_part": 1, "parameter_set_labels": 1, "group": 1, "timestamp": "2022-10-12T23:04:17.775Z", "updated": "2022-10-17T22:07:00.801Z"}}, {"model": "main.parametersetplayerpart", "pk": 38, "fields": {"parameter_set_player": 16, "parameter_set_part": 4, "parameter_set_labels": 5, "group": 1, "timestamp": "2022-10-13T20:24:35.160Z", "updated": "2022-10-25T20:17:49.096Z"}}, {"model": "main.parametersetplayerpart", "pk": 39, "fields": {"parameter_set_player": 16, "parameter_set_part": 5, "parameter_set_labels": 5, "group": 1, "timestamp": "2022-10-13T20:24:35.163Z", "updated": "2022-10-25T20:18:10.160Z"}}, {"model": "main.parametersetplayerpart", "pk": 40, "fields": {"parameter_set_player": 16, "parameter_set_part": 6, "parameter_set_labels": 5, "group": 1, "timestamp": "2022-10-13T20:24:35.165Z", "updated": "2022-10-25T20:18:13.822Z"}}, {"model": "main.parametersetplayerpart", "pk": 74, "fields": {"parameter_set_player": 28, "parameter_set_part": 4, "parameter_set_labels": 4, "group": 1, "timestamp": "2022-10-25T20:17:17.243Z", "updated": "2022-10-25T20:17:39.958Z"}}, {"model": "main.parametersetplayerpart", "pk": 75, "fields": {"parameter_set_player": 28, "parameter_set_part": 5, "parameter_set_labels": 4, "group": 1, "timestamp": "2022-10-25T20:17:17.247Z", "updated": "2022-10-25T20:17:54.220Z"}}, {"model": "main.parametersetplayerpart", "pk": 76, "fields": {"parameter_set_player": 28, "parameter_set_part": 6, "parameter_set_labels": 4, "group": 1, "timestamp": "2022-10-25T20:17:17.248Z", "updated": "2022-10-25T20:17:58.554Z"}}, {"model": "main.parametersetplayerpart", "pk": 77, "fields": {"parameter_set_player": 29, "parameter_set_part": 4, "parameter_set_labels": 7, "group": 1, "timestamp": "2022-10-25T20:17:18.649Z", "updated": "2022-10-25T20:17:45.206Z"}}, {"model": "main.parametersetplayerpart", "pk": 78, "fields": {"parameter_set_player": 29, "parameter_set_part": 5, "parameter_set_labels": 7, "group": 1, "timestamp": "2022-10-25T20:17:18.651Z", "updated": "2022-10-25T20:18:04.239Z"}}, {"model": "main.parametersetplayerpart", "pk": 79, "fields": {"parameter_set_player": 29, "parameter_set_part": 6, "parameter_set_labels": 7, "group": 1, "timestamp": "2022-10-25T20:17:18.653Z", "updated": "2022-10-25T20:18:17.824Z"}}, {"model": "main.session", "pk": 1, "fields": {"parameter_set": 1, "creator": 1, "current_session_part": 25, "title": "Test Large", "start_date": "2022-10-19", "current_experiment_phase": "Run", "channel_key": "550d2952-63a5-4598-9948-780ca50a5231", "session_key": "f2a7e8ca-19d7-471f-bfc2-0801d95723a7", "started": true, "time_remaining": 60, "timer_running": false, "finished": false, "shared": false, "locked": false, "invitation_text": "", "invitation_subject": "", "soft_delete": false, "timestamp": "2022-10-09T22:42:18.367Z", "updated": "2022-10-26T19:24:21.563Z", "collaborators": []}}, {"model": "main.session", "pk": 2, "fields": {"parameter_set": 2, "creator": 1, "current_session_part": 49, "title": "Test Small", "start_date": "2022-10-26", "current_experiment_phase": "Run", "channel_key": "b9a54afe-9dd4-49a1-ac1f-a2b67fd0979e", "session_key": "7606697a-71d2-4204-9250-0ca4a55c1126", "started": true, "time_remaining": 60, "timer_running": false, "finished": false, "shared": false, "locked": false, "invitation_text": "", "invitation_subject": "", "soft_delete": false, "timestamp": "2022-10-13T20:24:21.235Z", "updated": "2022-10-26T17:15:35.846Z", "collaborators": []}}, {"model": "main.sessionpart", "pk": 25, "fields": {"session": 1, "parameter_set_part": 1, "current_session_part_period": 481, "show_results": false, "timestamp": "2022-10-19T22:09:25.153Z", "updated": "2022-10-19T22:09:25.159Z"}}, {"model": "main.sessionpart", "pk": 26, "fields": {"session": 1, "parameter_set_part": 2, "current_session_part_period": 501, "show_results": false, "timestamp": "2022-10-19T22:09:25.153Z", "updated": "2022-10-19T22:09:25.164Z"}}, {"model": "main.sessionpart", "pk": 27, "fields": {"session": 1, "parameter_set_part": 3, "current_session_part_period": 521, "show_results": false, "timestamp": "2022-10-19T22:09:25.153Z", "updated": "2022-10-19T22:09:25.168Z"}}, {"model": "main.sessionpart", "pk": 49, "fields": {"session": 2, "parameter_set_part": 4, "current_session_part_period": 662, "show_results": true, "timestamp": "2022-10-26T17:15:35.739Z", "updated": "2022-10-26T19:23:58.726Z"}}, {"model": "main.sessionpart", "pk": 50, "fields": {"session": 2, "parameter_set_part": 5, "current_session_part_period": 663, "show_results": false, "timestamp": "2022-10-26T17:15:35.739Z", "updated": "2022-10-26T17:15:35.750Z"}}, {"model": "main.sessionpart", "pk": 51, "fields": {"session": 2, "parameter_set_part": 6, "current_session_part_period": 665, "show_results": false, "timestamp": "2022-10-26T17:15:35.739Z", "updated": "2022-10-26T17:15:35.754Z"}}, {"model": "main.sessionpartperiod", "pk": 481, "fields": {"session_part": 25, "parameter_set_part_period": 13, "paid": false, "timestamp": "2022-10-19T22:09:25.157Z", "updated": "2022-10-19T22:09:25.157Z"}}, {"model": "main.sessionpartperiod", "pk": 482, "fields": {"session_part": 25, "parameter_set_part_period": 8, "paid": false, "timestamp": "2022-10-19T22:09:25.157Z", "updated": "2022-10-19T22:09:25.157Z"}}, {"model": "main.sessionpartperiod", "pk": 483, "fields": {"session_part": 25, "parameter_set_part_period": 14, "paid": false, "timestamp": "2022-10-19T22:09:25.157Z", "updated": "2022-10-19T22:09:25.157Z"}}, {"model": "main.sessionpartperiod", "pk": 484, "fields": {"session_part": 25, "parameter_set_part_period": 15, "paid": false, "timestamp": "2022-10-19T22:09:25.157Z", "updated": "2022-10-19T22:09:25.157Z"}}, {"model": "main.sessionpartperiod", "pk": 485, "fields": {"session_part": 25, "parameter_set_part_period": 16, "paid": false, "timestamp": "2022-10-19T22:09:25.157Z", "updated": "2022-10-19T22:09:25.157Z"}}, {"model": "main.sessionpartperiod", "pk": 486, "fields": {"session_part": 25, "parameter_set_part_period": 17, "paid": false, "timestamp": "2022-10-19T22:09:25.157Z", "updated": "2022-10-19T22:09:25.157Z"}}, {"model": "main.sessionpartperiod", "pk": 487, "fields": {"session_part": 25, "parameter_set_part_period": 18, "paid": false, "timestamp": "2022-10-19T22:09:25.157Z", "updated": "2022-10-19T22:09:25.157Z"}}, {"model": "main.sessionpartperiod", "pk": 488, "fields": {"session_part": 25, "parameter_set_part_period": 19, "paid": false, "timestamp": "2022-10-19T22:09:25.157Z", "updated": "2022-10-19T22:09:25.157Z"}}, {"model": "main.sessionpartperiod", "pk": 489, "fields": {"session_part": 25, "parameter_set_part_period": 20, "paid": false, "timestamp": "2022-10-19T22:09:25.157Z", "updated": "2022-10-19T22:09:25.157Z"}}, {"model": "main.sessionpartperiod", "pk": 490, "fields": {"session_part": 25, "parameter_set_part_period": 7, "paid": false, "timestamp": "2022-10-19T22:09:25.157Z", "updated": "2022-10-19T22:09:25.157Z"}}, {"model": "main.sessionpartperiod", "pk": 491, "fields": {"session_part": 25, "parameter_set_part_period": 9, "paid": false, "timestamp": "2022-10-19T22:09:25.157Z", "updated": "2022-10-19T22:09:25.157Z"}}, {"model": "main.sessionpartperiod", "pk": 492, "fields": {"session_part": 25, "parameter_set_part_period": 10, "paid": false, "timestamp": "2022-10-19T22:09:25.157Z", "updated": "2022-10-19T22:09:25.157Z"}}, {"model": "main.sessionpartperiod", "pk": 493, "fields": {"session_part": 25, "parameter_set_part_period": 1, "paid": false, "timestamp": "2022-10-19T22:09:25.157Z", "updated": "2022-10-19T22:09:25.157Z"}}, {"model": "main.sessionpartperiod", "pk": 494, "fields": {"session_part": 25, "parameter_set_part_period": 4, "paid": false, "timestamp": "2022-10-19T22:09:25.157Z", "updated": "2022-10-19T22:09:25.157Z"}}, {"model": "main.sessionpartperiod", "pk": 495, "fields": {"session_part": 25, "parameter_set_part_period": 2, "paid": false, "timestamp": "2022-10-19T22:09:25.157Z", "updated": "2022-10-19T22:09:25.157Z"}}, {"model": "main.sessionpartperiod", "pk": 496, "fields": {"session_part": 25, "parameter_set_part_period": 5, "paid": false, "timestamp": "2022-10-19T22:09:25.157Z", "updated": "2022-10-19T22:09:25.157Z"}}, {"model": "main.sessionpartperiod", "pk": 497, "fields": {"session_part": 25, "parameter_set_part_period": 11, "paid": false, "timestamp": "2022-10-19T22:09:25.157Z", "updated": "2022-10-19T22:09:25.157Z"}}, {"model": "main.sessionpartperiod", "pk": 498, "fields": {"session_part": 25, "parameter_set_part_period": 3, "paid": false, "timestamp": "2022-10-19T22:09:25.157Z", "updated": "2022-10-19T22:09:25.157Z"}}, {"model": "main.sessionpartperiod", "pk": 499, "fields": {"session_part": 25, "parameter_set_part_period": 12, "paid": false, "timestamp": "2022-10-19T22:09:25.157Z", "updated": "2022-10-19T22:09:25.157Z"}}, {"model": "main.sessionpartperiod", "pk": 500, "fields": {"session_part": 25, "parameter_set_part_period": 6, "paid": false, "timestamp": "2022-10-19T22:09:25.157Z", "updated": "2022-10-19T22:09:25.157Z"}}, {"model": "main.sessionpartperiod", "pk": 501, "fields": {"session_part": 26, "parameter_set_part_period": 30, "paid": false, "timestamp": "2022-10-19T22:09:25.162Z", "updated": "2022-10-19T22:09:25.162Z"}}, {"model": "main.sessionpartperiod", "pk": 502, "fields": {"session_part": 26, "parameter_set_part_period": 31, "paid": false, "timestamp": "2022-10-19T22:09:25.162Z", "updated": "2022-10-19T22:09:25.162Z"}}, {"model": "main.sessionpartperiod", "pk": 503, "fields": {"session_part": 26, "parameter_set_part_period": 32, "paid": false, "timestamp": "2022-10-19T22:09:25.162Z", "updated": "2022-10-19T22:09:25.162Z"}}, {"model": "main.sessionpartperiod", "pk": 504, "fields": {"session_part": 26, "parameter_set_part_period": 33, "paid": false, "timestamp": "2022-10-19T22:09:25.162Z", "updated": "2022-10-19T22:09:25.162Z"}}, {"model": "main.sessionpartperiod", "pk": 505, "fields": {"session_part": 26, "parameter_set_part_period": 34, "paid": false, "timestamp": "2022-10-19T22:09:25.162Z", "updated": "2022-10-19T22:09:25.162Z"}}, {"model": "main.sessionpartperiod", "pk": 506, "fields": {"session_part": 26, "parameter_set_part_period": 35, "paid": false, "timestamp": "2022-10-19T22:09:25.162Z", "updated": "2022-10-19T22:09:25.162Z"}}, {"model": "main.sessionpartperiod", "pk": 507, "fields": {"session_part": 26, "parameter_set_part_period": 36, "paid": false, "timestamp": "2022-10-19T22:09:25.162Z", "updated": "2022-10-19T22:09:25.162Z"}}, {"model": "main.sessionpartperiod", "pk": 508, "fields": {"session_part": 26, "parameter_set_part_period": 37, "paid": false, "timestamp": "2022-10-19T22:09:25.162Z", "updated": "2022-10-19T22:09:25.162Z"}}, {"model": "main.sessionpartperiod", "pk": 509, "fields": {"session_part": 26, "parameter_set_part_period": 38, "paid": false, "timestamp": "2022-10-19T22:09:25.162Z", "updated": "2022-10-19T22:09:25.162Z"}}, {"model": "main.sessionpartperiod", "pk": 510, "fields": {"session_part": 26, "parameter_set_part_period": 39, "paid": false, "timestamp": "2022-10-19T22:09:25.162Z", "updated": "2022-10-19T22:09:25.162Z"}}, {"model": "main.sessionpartperiod", "pk": 511, "fields": {"session_part": 26, "parameter_set_part_period": 40, "paid": false, "timestamp": "2022-10-19T22:09:25.162Z", "updated": "2022-10-19T22:09:25.162Z"}}, {"model": "main.sessionpartperiod", "pk": 512, "fields": {"session_part": 26, "parameter_set_part_period": 24, "paid": false, "timestamp": "2022-10-19T22:09:25.162Z", "updated": "2022-10-19T22:09:25.162Z"}}, {"model": "main.sessionpartperiod", "pk": 513, "fields": {"session_part": 26, "parameter_set_part_period": 21, "paid": false, "timestamp": "2022-10-19T22:09:25.162Z", "updated": "2022-10-19T22:09:25.162Z"}}, {"model": "main.sessionpartperiod", "pk": 514, "fields": {"session_part": 26, "parameter_set_part_period": 27, "paid": false, "timestamp": "2022-10-19T22:09:25.162Z", "updated": "2022-10-19T22:09:25.162Z"}}, {"model": "main.sessionpartperiod", "pk": 515, "fields": {"session_part": 26, "parameter_set_part_period": 25, "paid": false, "timestamp": "2022-10-19T22:09:25.162Z", "updated": "2022-10-19T22:09:25.162Z"}}, {"model": "main.sessionpartperiod", "pk": 516, "fields": {"session_part": 26, "parameter_set_part_period": 22, "paid": false, "timestamp": "2022-10-19T22:09:25.162Z", "updated": "2022-10-19T22:09:25.162Z"}}, {"model": "main.sessionpartperiod", "pk": 517, "fields": {"session_part": 26, "parameter_set_part_period": 28, "paid": false, "timestamp": "2022-10-19T22:09:25.162Z", "updated": "2022-10-19T22:09:25.162Z"}}, {"model": "main.sessionpartperiod", "pk": 518, "fields": {"session_part": 26, "parameter_set_part_period": 23, "paid": false, "timestamp": "2022-10-19T22:09:25.162Z", "updated": "2022-10-19T22:09:25.162Z"}}, {"model": "main.sessionpartperiod", "pk": 519, "fields": {"session_part": 26, "parameter_set_part_period": 29, "paid": false, "timestamp": "2022-10-19T22:09:25.162Z", "updated": "2022-10-19T22:09:25.162Z"}}, {"model": "main.sessionpartperiod", "pk": 520, "fields": {"session_part": 26, "parameter_set_part_period": 26, "paid": false, "timestamp": "2022-10-19T22:09:25.162Z", "updated": "2022-10-19T22:09:25.162Z"}}, {"model": "main.sessionpartperiod", "pk": 521, "fields": {"session_part": 27, "parameter_set_part_period": 50, "paid": false, "timestamp": "2022-10-19T22:09:25.166Z", "updated": "2022-10-19T22:09:25.166Z"}}, {"model": "main.sessionpartperiod", "pk": 522, "fields": {"session_part": 27, "parameter_set_part_period": 51, "paid": false, "timestamp": "2022-10-19T22:09:25.166Z", "updated": "2022-10-19T22:09:25.166Z"}}, {"model": "main.sessionpartperiod", "pk": 523, "fields": {"session_part": 27, "parameter_set_part_period": 52, "paid": false, "timestamp": "2022-10-19T22:09:25.166Z", "updated": "2022-10-19T22:09:25.166Z"}}, {"model": "main.sessionpartperiod", "pk": 524, "fields": {"session_part": 27, "parameter_set_part_period": 53, "paid": false, "timestamp": "2022-10-19T22:09:25.166Z", "updated": "2022-10-19T22:09:25.166Z"}}, {"model": "main.sessionpartperiod", "pk": 525, "fields": {"session_part": 27, "parameter_set_part_period": 54, "paid": false, "timestamp": "2022-10-19T22:09:25.166Z", "updated": "2022-10-19T22:09:25.166Z"}}, {"model": "main.sessionpartperiod", "pk": 526, "fields": {"session_part": 27, "parameter_set_part_period": 55, "paid": false, "timestamp": "2022-10-19T22:09:25.166Z", "updated": "2022-10-19T22:09:25.166Z"}}, {"model": "main.sessionpartperiod", "pk": 527, "fields": {"session_part": 27, "parameter_set_part_period": 56, "paid": false, "timestamp": "2022-10-19T22:09:25.166Z", "updated": "2022-10-19T22:09:25.166Z"}}, {"model": "main.sessionpartperiod", "pk": 528, "fields": {"session_part": 27, "parameter_set_part_period": 57, "paid": false, "timestamp": "2022-10-19T22:09:25.166Z", "updated": "2022-10-19T22:09:25.166Z"}}, {"model": "main.sessionpartperiod", "pk": 529, "fields": {"session_part": 27, "parameter_set_part_period": 58, "paid": false, "timestamp": "2022-10-19T22:09:25.166Z", "updated": "2022-10-19T22:09:25.166Z"}}, {"model": "main.sessionpartperiod", "pk": 530, "fields": {"session_part": 27, "parameter_set_part_period": 59, "paid": false, "timestamp": "2022-10-19T22:09:25.166Z", "updated": "2022-10-19T22:09:25.166Z"}}, {"model": "main.sessionpartperiod", "pk": 531, "fields": {"session_part": 27, "parameter_set_part_period": 60, "paid": false, "timestamp": "2022-10-19T22:09:25.166Z", "updated": "2022-10-19T22:09:25.166Z"}}, {"model": "main.sessionpartperiod", "pk": 532, "fields": {"session_part": 27, "parameter_set_part_period": 44, "paid": false, "timestamp": "2022-10-19T22:09:25.166Z", "updated": "2022-10-19T22:09:25.166Z"}}, {"model": "main.sessionpartperiod", "pk": 533, "fields": {"session_part": 27, "parameter_set_part_period": 41, "paid": false, "timestamp": "2022-10-19T22:09:25.166Z", "updated": "2022-10-19T22:09:25.166Z"}}, {"model": "main.sessionpartperiod", "pk": 534, "fields": {"session_part": 27, "parameter_set_part_period": 47, "paid": false, "timestamp": "2022-10-19T22:09:25.166Z", "updated": "2022-10-19T22:09:25.166Z"}}, {"model": "main.sessionpartperiod", "pk": 535, "fields": {"session_part": 27, "parameter_set_part_period": 45, "paid": false, "timestamp": "2022-10-19T22:09:25.166Z", "updated": "2022-10-19T22:09:25.166Z"}}, {"model": "main.sessionpartperiod", "pk": 536, "fields": {"session_part": 27, "parameter_set_part_period": 42, "paid": false, "timestamp": "2022-10-19T22:09:25.166Z", "updated": "2022-10-19T22:09:25.166Z"}}, {"model": "main.sessionpartperiod", "pk": 537, "fields": {"session_part": 27, "parameter_set_part_period": 48, "paid": false, "timestamp": "2022-10-19T22:09:25.166Z", "updated": "2022-10-19T22:09:25.166Z"}}, {"model": "main.sessionpartperiod", "pk": 538, "fields": {"session_part": 27, "parameter_set_part_period": 43, "paid": false, "timestamp": "2022-10-19T22:09:25.166Z", "updated": "2022-10-19T22:09:25.166Z"}}, {"model": "main.sessionpartperiod", "pk": 539, "fields": {"session_part": 27, "parameter_set_part_period": 49, "paid": false, "timestamp": "2022-10-19T22:09:25.166Z", "updated": "2022-10-19T22:09:25.166Z"}}, {"model": "main.sessionpartperiod", "pk": 540, "fields": {"session_part": 27, "parameter_set_part_period": 46, "paid": false, "timestamp": "2022-10-19T22:09:25.166Z", "updated": "2022-10-19T22:09:25.166Z"}}, {"model": "main.sessionpartperiod", "pk": 661, "fields": {"session_part": 49, "parameter_set_part_period": 128, "paid": false, "timestamp": "2022-10-26T17:15:35.744Z", "updated": "2022-10-26T17:15:35.744Z"}}, {"model": "main.sessionpartperiod", "pk": 662, "fields": {"session_part": 49, "parameter_set_part_period": 126, "paid": false, "timestamp": "2022-10-26T17:15:35.744Z", "updated": "2022-10-26T17:15:35.744Z"}}, {"model": "main.sessionpartperiod", "pk": 663, "fields": {"session_part": 50, "parameter_set_part_period": 136, "paid": false, "timestamp": "2022-10-26T17:15:35.749Z", "updated": "2022-10-26T17:15:35.749Z"}}, {"model": "main.sessionpartperiod", "pk": 664, "fields": {"session_part": 50, "parameter_set_part_period": 129, "paid": false, "timestamp": "2022-10-26T17:15:35.749Z", "updated": "2022-10-26T17:15:35.749Z"}}, {"model": "main.sessionpartperiod", "pk": 665, "fields": {"session_part": 51, "parameter_set_part_period": 144, "paid": false, "timestamp": "2022-10-26T17:15:35.752Z", "updated": "2022-10-26T17:15:35.752Z"}}, {"model": "main.sessionpartperiod", "pk": 666, "fields": {"session_part": 51, "parameter_set_part_period": 137, "paid": false, "timestamp": "2022-10-26T17:15:35.752Z", "updated": "2022-10-26T17:15:35.752Z"}}, {"model": "main.sessionplayer", "pk": 190, "fields": {"session": 1, "parameter_set_player": 15, "player_number": 1, "player_key": "b41789a9-07c7-423d-8874-76650380b07c", "connecting": false, "connected_count": 582, "name": "", "student_id": "", "email": null, "earnings": 0, "name_submitted": false, "current_instruction": 1, "current_instruction_complete": 0, "instructions_finished": false, "timestamp": "2022-10-13T22:30:03.846Z", "updated": "2022-10-20T23:28:12.177Z"}}, {"model": "main.sessionplayer", "pk": 191, "fields": {"session": 1, "parameter_set_player": 3, "player_number": 2, "player_key": "0b3acdcb-5f2a-4da4-b4f7-39e8b334354a", "connecting": false, "connected_count": 0, "name": "", "student_id": "", "email": null, "earnings": 0, "name_submitted": false, "current_instruction": 1, "current_instruction_complete": 0, "instructions_finished": false, "timestamp": "2022-10-13T22:30:03.850Z", "updated": "2022-10-20T23:28:12.784Z"}}, {"model": "main.sessionplayer", "pk": 192, "fields": {"session": 1, "parameter_set_player": 4, "player_number": 3, "player_key": "a1c69a74-2e14-42c6-9bc0-d08c65a56d1b", "connecting": false, "connected_count": 0, "name": "", "student_id": "", "email": null, "earnings": 0, "name_submitted": false, "current_instruction": 1, "current_instruction_complete": 0, "instructions_finished": false, "timestamp": "2022-10-13T22:30:03.853Z", "updated": "2022-10-19T22:09:25.418Z"}}, {"model": "main.sessionplayer", "pk": 193, "fields": {"session": 1, "parameter_set_player": 5, "player_number": 4, "player_key": "f2850efd-ec9c-4b6d-bb50-8a38fe64871d", "connecting": false, "connected_count": 0, "name": "", "student_id": "", "email": null, "earnings": 0, "name_submitted": false, "current_instruction": 1, "current_instruction_complete": 0, "instructions_finished": false, "timestamp": "2022-10-13T22:30:03.856Z", "updated": "2022-10-19T22:09:25.536Z"}}, {"model": "main.sessionplayer", "pk": 194, "fields": {"session": 1, "parameter_set_player": 6, "player_number": 5, "player_key": "34548c49-2eb9-4fa7-a659-53709dcaf3b7", "connecting": false, "connected_count": 0, "name": "", "student_id": "", "email": null, "earnings": 0, "name_submitted": false, "current_instruction": 1, "current_instruction_complete": 0, "instructions_finished": false, "timestamp": "2022-10-13T22:30:03.858Z", "updated": "2022-10-19T22:09:25.656Z"}}, {"model": "main.sessionplayer", "pk": 195, "fields": {"session": 1, "parameter_set_player": 11, "player_number": 6, "player_key": "433c76b5-1fe8-476d-ac88-6e28aee3ddb6", "connecting": false, "connected_count": 0, "name": "", "student_id": "", "email": null, "earnings": 0, "name_submitted": false, "current_instruction": 1, "current_instruction_complete": 0, "instructions_finished": false, "timestamp": "2022-10-13T22:30:03.860Z", "updated": "2022-10-19T22:09:25.778Z"}}, {"model": "main.sessionplayer", "pk": 196, "fields": {"session": 1, "parameter_set_player": 13, "player_number": 7, "player_key": "ca48cf7a-b6b5-4d07-8850-f1dbbe7d4008", "connecting": false, "connected_count": 0, "name": "", "student_id": "", "email": null, "earnings": 0, "name_submitted": false, "current_instruction": 1, "current_instruction_complete": 0, "instructions_finished": false, "timestamp": "2022-10-13T22:30:03.862Z", "updated": "2022-10-19T22:09:25.897Z"}}, {"model": "main.sessionplayer", "pk": 197, "fields": {"session": 1, "parameter_set_player": 14, "player_number": 8, "player_key": "ab3c8202-5239-40eb-a950-2d7946bfeffa", "connecting": false, "connected_count": 0, "name": "", "student_id": "", "email": null, "earnings": 0, "name_submitted": false, "current_instruction": 1, "current_instruction_complete": 0, "instructions_finished": false, "timestamp": "2022-10-13T22:30:03.868Z", "updated": "2022-10-19T22:09:26.014Z"}}, {"model": "main.sessionplayer", "pk": 198, "fields": {"session": 1, "parameter_set_player": 9, "player_number": 9, "player_key": "c45f8d04-ab63-4d61-b67f-d9c400b61739", "connecting": false, "connected_count": 0, "name": "", "student_id": "", "email": null, "earnings": 0, "name_submitted": false, "current_instruction": 1, "current_instruction_complete": 0, "instructions_finished": false, "timestamp": "2022-10-13T22:30:03.871Z", "updated": "2022-10-19T22:09:26.132Z"}}, {"model": "main.sessionplayer", "pk": 199, "fields": {"session": 1, "parameter_set_player": 1, "player_number": 10, "player_key": "746d4079-9bb3-4373-a998-75f05f9b2cb1", "connecting": false, "connected_count": 0, "name": "", "student_id": "", "email": null, "earnings": 0, "name_submitted": false, "current_instruction": 1, "current_instruction_complete": 0, "instructions_finished": false, "timestamp": "2022-10-13T22:30:03.874Z", "updated": "2022-10-19T22:09:26.249Z"}}, {"model": "main.sessionplayer", "pk": 200, "fields": {"session": 1, "parameter_set_player": 8, "player_number": 11, "player_key": "6d8abff3-c75c-4f90-b6d1-b24f1bb781e6", "connecting": false, "connected_count": 0, "name": "", "student_id": "", "email": null, "earnings": 0, "name_submitted": false, "current_instruction": 1, "current_instruction_complete": 0, "instructions_finished": false, "timestamp": "2022-10-13T22:30:03.876Z", "updated": "2022-10-19T22:09:26.365Z"}}, {"model": "main.sessionplayer", "pk": 201, "fields": {"session": 1, "parameter_set_player": 12, "player_number": 12, "player_key": "d42729bc-c154-46e6-bfe3-2f8faec5cd0e", "connecting": false, "connected_count": 0, "name": "", "student_id": "", "email": null, "earnings": 0, "name_submitted": false, "current_instruction": 1, "current_instruction_complete": 0, "instructions_finished": false, "timestamp": "2022-10-13T22:30:03.878Z", "updated": "2022-10-19T22:09:26.500Z"}}, {"model": "main.sessionplayer", "pk": 271, "fields": {"session": 2, "parameter_set_player": 28, "player_number": 1, "player_key": "64669ccd-6b82-4133-992d-771b1e4098fe", "connecting": false, "connected_count": 22, "name": "", "student_id": "", "email": null, "earnings": 0, "name_submitted": false, "current_instruction": 1, "current_instruction_complete": 0, "instructions_finished": false, "timestamp": "2022-10-25T20:17:18.669Z", "updated": "2022-10-26T19:24:06.486Z"}}, {"model": "main.sessionplayer", "pk": 272, "fields": {"session": 2, "parameter_set_player": 29, "player_number": 2, "player_key": "b87a2045-73b1-46ea-a01b-946997aa7a4e", "connecting": false, "connected_count": 44, "name": "", "student_id": "", "email": null, "earnings": 0, "name_submitted": false, "current_instruction": 1, "current_instruction_complete": 0, "instructions_finished": false, "timestamp": "2022-10-25T20:17:18.671Z", "updated": "2022-10-26T23:23:30.043Z"}}, {"model": "main.sessionplayer", "pk": 273, "fields": {"session": 2, "parameter_set_player": 16, "player_number": 3, "player_key": "e90c959f-0129-47da-bae4-a1e602940b8a", "connecting": false, "connected_count": 45, "name": "", "student_id": "", "email": null, "earnings": 0, "name_submitted": false, "current_instruction": 1, "current_instruction_complete": 0, "instructions_finished": false, "timestamp": "2022-10-25T20:17:18.673Z", "updated": "2022-10-26T23:23:29.659Z"}}, {"model": "main.sessionplayerpart", "pk": 289, "fields": {"session_part": 25, "session_player": 190, "parameter_set_player_part": 4, "earnings": 0, "results_complete": false, "timestamp": "2022-10-19T22:09:25.178Z", "updated": "2022-10-20T22:46:12.579Z"}}, {"model": "main.sessionplayerpart", "pk": 290, "fields": {"session_part": 26, "session_player": 190, "parameter_set_player_part": 3, "earnings": 0, "results_complete": false, "timestamp": "2022-10-19T22:09:25.178Z", "updated": "2022-10-19T22:09:25.178Z"}}, {"model": "main.sessionplayerpart", "pk": 291, "fields": {"session_part": 27, "session_player": 190, "parameter_set_player_part": 2, "earnings": 0, "results_complete": false, "timestamp": "2022-10-19T22:09:25.178Z", "updated": "2022-10-19T22:09:25.178Z"}}, {"model": "main.sessionplayerpart", "pk": 292, "fields": {"session_part": 25, "session_player": 191, "parameter_set_player_part": 7, "earnings": 0, "results_complete": false, "timestamp": "2022-10-19T22:09:25.298Z", "updated": "2022-10-19T22:09:25.298Z"}}, {"model": "main.sessionplayerpart", "pk": 293, "fields": {"session_part": 26, "session_player": 191, "parameter_set_player_part": 6, "earnings": 0, "results_complete": false, "timestamp": "2022-10-19T22:09:25.298Z", "updated": "2022-10-19T22:09:25.298Z"}}, {"model": "main.sessionplayerpart", "pk": 294, "fields": {"session_part": 27, "session_player": 191, "parameter_set_player_part": 5, "earnings": 0, "results_complete": false, "timestamp": "2022-10-19T22:09:25.298Z", "updated": "2022-10-19T22:09:25.298Z"}}, {"model": "main.sessionplayerpart", "pk": 295, "fields": {"session_part": 25, "session_player": 192, "parameter_set_player_part": 10, "earnings": 0, "results_complete": false, "timestamp": "2022-10-19T22:09:25.424Z", "updated": "2022-10-19T22:09:25.424Z"}}, {"model": "main.sessionplayerpart", "pk": 296, "fields": {"session_part": 26, "session_player": 192, "parameter_set_player_part": 9, "earnings": 0, "results_complete": false, "timestamp": "2022-10-19T22:09:25.424Z", "updated": "2022-10-19T22:09:25.424Z"}}, {"model": "main.sessionplayerpart", "pk": 297, "fields": {"session_part": 27, "session_player": 192, "parameter_set_player_part": 8, "earnings": 0, "results_complete": false, "timestamp": "2022-10-19T22:09:25.424Z", "updated": "2022-10-19T22:09:25.424Z"}}, {"model": "main.sessionplayerpart", "pk": 298, "fields": {"session_part": 25, "session_player": 193, "parameter_set_player_part": 13, "earnings": 0, "results_complete": false, "timestamp": "2022-10-19T22:09:25.543Z", "updated": "2022-10-19T22:09:25.543Z"}}, {"model": "main.sessionplayerpart", "pk": 299, "fields": {"session_part": 26, "session_player": 193, "parameter_set_player_part": 12, "earnings": 0, "results_complete": false, "timestamp": "2022-10-19T22:09:25.543Z", "updated": "2022-10-19T22:09:25.543Z"}}, {"model": "main.sessionplayerpart", "pk": 300, "fields": {"session_part": 27, "session_player": 193, "parameter_set_player_part": 11, "earnings": 0, "results_complete": false, "timestamp": "2022-10-19T22:09:25.543Z", "updated": "2022-10-19T22:09:25.543Z"}}, {"model": "main.sessionplayerpart", "pk": 301, "fields": {"session_part": 25, "session_player": 194, "parameter_set_player_part": 16, "earnings": 0, "results_complete": false, "timestamp": "2022-10-19T22:09:25.662Z", "updated": "2022-10-19T22:09:25.662Z"}}, {"model": "main.sessionplayerpart", "pk": 302, "fields": {"session_part": 26, "session_player": 194, "parameter_set_player_part": 15, "earnings": 0, "results_complete": false, "timestamp": "2022-10-19T22:09:25.662Z", "updated": "2022-10-19T22:09:25.662Z"}}, {"model": "main.sessionplayerpart", "pk": 303, "fields": {"session_part": 27, "session_player": 194, "parameter_set_player_part": 14, "earnings": 0, "results_complete": false, "timestamp": "2022-10-19T22:09:25.662Z", "updated": "2022-10-19T22:09:25.662Z"}}, {"model": "main.sessionplayerpart", "pk": 304, "fields": {"session_part": 25, "session_player": 195, "parameter_set_player_part": 19, "earnings": 0, "results_complete": false, "timestamp": "2022-10-19T22:09:25.784Z", "updated": "2022-10-19T22:09:25.784Z"}}, {"model": "main.sessionplayerpart", "pk": 305, "fields": {"session_part": 26, "session_player": 195, "parameter_set_player_part": 18, "earnings": 0, "results_complete": false, "timestamp": "2022-10-19T22:09:25.784Z", "updated": "2022-10-19T22:09:25.784Z"}}, {"model": "main.sessionplayerpart", "pk": 306, "fields": {"session_part": 27, "session_player": 195, "parameter_set_player_part": 17, "earnings": 0, "results_complete": false, "timestamp": "2022-10-19T22:09:25.784Z", "updated": "2022-10-19T22:09:25.784Z"}}, {"model": "main.sessionplayerpart", "pk": 307, "fields": {"session_part": 25, "session_player": 196, "parameter_set_player_part": 22, "earnings": 0, "results_complete": false, "timestamp": "2022-10-19T22:09:25.902Z", "updated": "2022-10-19T22:09:25.902Z"}}, {"model": "main.sessionplayerpart", "pk": 308, "fields": {"session_part": 26, "session_player": 196, "parameter_set_player_part": 21, "earnings": 0, "results_complete": false, "timestamp": "2022-10-19T22:09:25.902Z", "updated": "2022-10-19T22:09:25.902Z"}}, {"model": "main.sessionplayerpart", "pk": 309, "fields": {"session_part": 27, "session_player": 196, "parameter_set_player_part": 20, "earnings": 0, "results_complete": false, "timestamp": "2022-10-19T22:09:25.902Z", "updated": "2022-10-19T22:09:25.902Z"}}, {"model": "main.sessionplayerpart", "pk": 310, "fields": {"session_part": 25, "session_player": 197, "parameter_set_player_part": 25, "earnings": 0, "results_complete": false, "timestamp": "2022-10-19T22:09:26.020Z", "updated": "2022-10-19T22:09:26.020Z"}}, {"model": "main.sessionplayerpart", "pk": 311, "fields": {"session_part": 26, "session_player": 197, "parameter_set_player_part": 24, "earnings": 0, "results_complete": false, "timestamp": "2022-10-19T22:09:26.020Z", "updated": "2022-10-19T22:09:26.020Z"}}, {"model": "main.sessionplayerpart", "pk": 312, "fields": {"session_part": 27, "session_player": 197, "parameter_set_player_part": 23, "earnings": 0, "results_complete": false, "timestamp": "2022-10-19T22:09:26.020Z", "updated": "2022-10-19T22:09:26.020Z"}}, {"model": "main.sessionplayerpart", "pk": 313, "fields": {"session_part": 25, "session_player": 198, "parameter_set_player_part": 28, "earnings": 0, "results_complete": false, "timestamp": "2022-10-19T22:09:26.138Z", "updated": "2022-10-19T22:09:26.138Z"}}, {"model": "main.sessionplayerpart", "pk": 314, "fields": {"session_part": 26, "session_player": 198, "parameter_set_player_part": 27, "earnings": 0, "results_complete": false, "timestamp": "2022-10-19T22:09:26.138Z", "updated": "2022-10-19T22:09:26.138Z"}}, {"model": "main.sessionplayerpart", "pk": 315, "fields": {"session_part": 27, "session_player": 198, "parameter_set_player_part": 26, "earnings": 0, "results_complete": false, "timestamp": "2022-10-19T22:09:26.138Z", "updated": "2022-10-19T22:09:26.138Z"}}, {"model": "main.sessionplayerpart", "pk": 316, "fields": {"session_part": 25, "session_player": 199, "parameter_set_player_part": 31, "earnings": 0, "results_complete": false, "timestamp": "2022-10-19T22:09:26.254Z", "updated": "2022-10-19T22:09:26.254Z"}}, {"model": "main.sessionplayerpart", "pk": 317, "fields": {"session_part": 26, "session_player": 199, "parameter_set_player_part": 30, "earnings": 0, "results_complete": false, "timestamp": "2022-10-19T22:09:26.254Z", "updated": "2022-10-19T22:09:26.254Z"}}, {"model": "main.sessionplayerpart", "pk": 318, "fields": {"session_part": 27, "session_player": 199, "parameter_set_player_part": 29, "earnings": 0, "results_complete": false, "timestamp": "2022-10-19T22:09:26.254Z", "updated": "2022-10-19T22:09:26.254Z"}}, {"model": "main.sessionplayerpart", "pk": 319, "fields": {"session_part": 25, "session_player": 200, "parameter_set_player_part": 34, "earnings": 0, "results_complete": false, "timestamp": "2022-10-19T22:09:26.371Z", "updated": "2022-10-19T22:09:26.371Z"}}, {"model": "main.sessionplayerpart", "pk": 320, "fields": {"session_part": 26, "session_player": 200, "parameter_set_player_part": 33, "earnings": 0, "results_complete": false, "timestamp": "2022-10-19T22:09:26.371Z", "updated": "2022-10-19T22:09:26.371Z"}}, {"model": "main.sessionplayerpart", "pk": 321, "fields": {"session_part": 27, "session_player": 200, "parameter_set_player_part": 32, "earnings": 0, "results_complete": false, "timestamp": "2022-10-19T22:09:26.371Z", "updated": "2022-10-19T22:09:26.371Z"}}, {"model": "main.sessionplayerpart", "pk": 322, "fields": {"session_part": 25, "session_player": 201, "parameter_set_player_part": 37, "earnings": 0, "results_complete": false, "timestamp": "2022-10-19T22:09:26.506Z", "updated": "2022-10-19T22:09:26.506Z"}}, {"model": "main.sessionplayerpart", "pk": 323, "fields": {"session_part": 26, "session_player": 201, "parameter_set_player_part": 36, "earnings": 0, "results_complete": false, "timestamp": "2022-10-19T22:09:26.506Z", "updated": "2022-10-19T22:09:26.506Z"}}, {"model": "main.sessionplayerpart", "pk": 324, "fields": {"session_part": 27, "session_player": 201, "parameter_set_player_part": 35, "earnings": 0, "results_complete": false, "timestamp": "2022-10-19T22:09:26.506Z", "updated": "2022-10-19T22:09:26.506Z"}}, {"model": "main.sessionplayerpart", "pk": 382, "fields": {"session_part": 49, "session_player": 271, "parameter_set_player_part": 74, "earnings": 0, "results_complete": false, "timestamp": "2022-10-26T17:15:35.764Z", "updated": "2022-10-26T17:27:37.975Z"}}, {"model": "main.sessionplayerpart", "pk": 383, "fields": {"session_part": 50, "session_player": 271, "parameter_set_player_part": 75, "earnings": 0, "results_complete": false, "timestamp": "2022-10-26T17:15:35.764Z", "updated": "2022-10-26T17:15:35.764Z"}}, {"model": "main.sessionplayerpart", "pk": 384, "fields": {"session_part": 51, "session_player": 271, "parameter_set_player_part": 76, "earnings": 0, "results_complete": false, "timestamp": "2022-10-26T17:15:35.764Z", "updated": "2022-10-26T17:15:35.764Z"}}, {"model": "main.sessionplayerpart", "pk": 385, "fields": {"session_part": 49, "session_player": 272, "parameter_set_player_part": 77, "earnings": 0, "results_complete": false, "timestamp": "2022-10-26T17:15:35.795Z", "updated": "2022-10-26T17:15:35.795Z"}}, {"model": "main.sessionplayerpart", "pk": 386, "fields": {"session_part": 50, "session_player": 272, "parameter_set_player_part": 78, "earnings": 0, "results_complete": false, "timestamp": "2022-10-26T17:15:35.795Z", "updated": "2022-10-26T17:15:35.795Z"}}, {"model": "main.sessionplayerpart", "pk": 387, "fields": {"session_part": 51, "session_player": 272, "parameter_set_player_part": 79, "earnings": 0, "results_complete": false, "timestamp": "2022-10-26T17:15:35.795Z", "updated": "2022-10-26T17:15:35.795Z"}}, {"model": "main.sessionplayerpart", "pk": 388, "fields": {"session_part": 49, "session_player": 273, "parameter_set_player_part": 38, "earnings": 0, "results_complete": false, "timestamp": "2022-10-26T17:15:35.823Z", "updated": "2022-10-26T17:15:35.823Z"}}, {"model": "main.sessionplayerpart", "pk": 389, "fields": {"session_part": 50, "session_player": 273, "parameter_set_player_part": 39, "earnings": 0, "results_complete": false, "timestamp": "2022-10-26T17:15:35.823Z", "updated": "2022-10-26T17:15:35.823Z"}}, {"model": "main.sessionplayerpart", "pk": 390, "fields": {"session_part": 51, "session_player": 273, "parameter_set_player_part": 40, "earnings": 0, "results_complete": false, "timestamp": "2022-10-26T17:15:35.823Z", "updated": "2022-10-26T17:15:35.823Z"}}, {"model": "main.sessionplayerpartperiod", "pk": 5761, "fields": {"session_player_part": 289, "parameter_set_labels_period": 21, "choice": 1, "session_part_period": 481, "majority_choice": null, "timestamp": "2022-10-19T22:09:25.216Z", "updated": "2022-10-20T22:46:19.565Z"}}, {"model": "main.sessionplayerpartperiod", "pk": 5762, "fields": {"session_player_part": 289, "parameter_set_labels_period": 22, "choice": null, "session_part_period": 482, "majority_choice": null, "timestamp": "2022-10-19T22:09:25.216Z", "updated": "2022-10-19T22:09:25.216Z"}}, {"model": "main.sessionplayerpartperiod", "pk": 5763, "fields": {"session_player_part": 289, "parameter_set_labels_period": 23, "choice": null, "session_part_period": 483, "majority_choice": null, "timestamp": "2022-10-19T22:09:25.216Z", "updated": "2022-10-19T22:09:25.216Z"}}, {"model": "main.sessionplayerpartperiod", "pk": 5764, "fields": {"session_player_part": 289, "parameter_set_labels_period": 24, "choice": null, "session_part_period": 484, "majority_choice": null, "timestamp": "2022-10-19T22:09:25.216Z", "updated": "2022-10-19T22:09:25.216Z"}}, {"model": "main.sessionplayerpartperiod", "pk": 5765, "fields": {"session_player_part": 289, "parameter_set_labels_period": 25, "choice": null, "session_part_period": 485, "majority_choice": null, "timestamp": "2022-10-19T22:09:25.216Z", "updated": "2022-10-19T22:09:25.216Z"}}, {"model": "main.sessionplayerpartperiod", "pk": 5766, "fields": {"session_player_part": 289, "parameter_set_labels_period": 26, "choice": null, "session_part_period": 486, "majority_choice": null, "timestamp": "2022-10-19T22:09:25.216Z", "updated": "2022-10-19T22:09:25.216Z"}}, {"model": "main.sessionplayerpartperiod", "pk": 5767, "fields": {"session_player_part": 289, "parameter_set_labels_period": 27, "choice": null, "session_part_period": 487, "majority_choice": null, "timestamp": "2022-10-19T22:09:25.216Z", "updated": "2022-10-19T22:09:25.216Z"}}, {"model": "main.sessionplayerpartperiod", "pk": 5768, "fields": {"session_player_part": 289, "parameter_set_labels_period": 28, "choice": null, "session_part_period": 488, "majority_choice": null, "timestamp": "2022-10-19T22:09:25.216Z", "updated": "2022-10-19T22:09:25.216Z"}}, {"model": "main.sessionplayerpartperiod", "pk": 5769, "fields": {"session_player_part": 289, "parameter_set_labels_period": 29, "choice": null, "session_part_period": 489, "majority_choice": null, "timestamp": "2022-10-19T22:09:25.216Z", "updated": "2022-10-19T22:09:25.216Z"}}, {"model": "main.sessionplayerpartperiod", "pk": 5770, "fields": {"session_player_part": 289, "parameter_set_labels_period": 30, "choice": null, "session_part_period": 490, "majority_choice": null, "timestamp": "2022-10-19T22:09:25.216Z", "updated": "2022-10-19T22:09:25.216Z"}}, {"model": "main.sessionplayerpartperiod", "pk": 5771, "fields": {"session_player_part": 289, "parameter_set_labels_period": 31, "choice": null, "session_part_period": 491, "majority_choice": null, "timestamp": "2022-10-19T22:09:25.216Z", "updated": "2022-10-19T22:09:25.216Z"}}, {"model": "main.sessionplayerpartperiod", "pk": 5772, "fields": {"session_player_part": 289, "parameter_set_labels_period": 32, "choice": null, "session_part_period": 492, "majority_choice": null, "timestamp": "2022-10-19T22:09:25.216Z", "updated": "2022-10-19T22:09:25.217Z"}}, {"model": "main.sessionplayerpartperiod", "pk": 5773, "fields": {"session_player_part": 289, "parameter_set_labels_period": 33, "choice": null, "session_part_period": 493, "majority_choice": null, "timestamp": "2022-10-19T22:09:25.217Z", "updated": "2022-10-19T22:09:25.217Z"}}, {"model": "main.sessionplayerpartperiod", "pk": 5774, "fields": {"session_player_part": 289, "parameter_set_labels_period": 34, "choice": null, "session_part_period": 494, "majority_choice": null, "timestamp": "2022-10-19T22:09:25.217Z", "updated": "2022-10-19T22:09:25.217Z"}}, {"model": "main.sessionplayerpartperiod", "pk": 5775, "fields": {"session_player_part": 289, "parameter_set_labels_period": 35, "choice": null, "session_part_period": 495, "majority_choice": null, "timestamp": "2022-10-19T22:09:25.217Z", "updated": "2022-10-19T22:09:25.217Z"}}, {"model": "main.sessionplayerpartperiod", "pk": 5776, "fields": {"session_player_part": 289, "parameter_set_labels_period": 36, "choice": null, "session_part_period": 496, "majority_choice": null, "timestamp": "2022-10-19T22:09:25.217Z", "updated": "2022-10-19T22:09:25.217Z"}}, {"model": "main.sessionplayerpartperiod", "pk": 5777, "fields": {"session_player_part": 289, "parameter_set_labels_period": 37, "choice": null, "session_part_period": 497, "majority_choice": null, "timestamp": "2022-10-19T22:09:25.217Z", "updated": "2022-10-19T22:09:25.217Z"}}, {"model": "main.sessionplayerpartperiod", "pk": 5778, "fields": {"session_player_part": 289, "parameter_set_labels_period": 38, "choice": null, "session_part_period": 498, "majority_choice": null, "timestamp": "2022-10-19T22:09:25.217Z", "updated": "2022-10-19T22:09:25.217Z"}}, {"model": "main.sessionplayerpartperiod", "pk": 5779, "fields": {"session_player_part": 289, "parameter_set_labels_period": 39, "choice": null, "session_part_period": 499, "majority_choice": null, "timestamp": "2022-10-19T22:09:25.217Z", "updated": "2022-10-19T22:09:25.217Z"}}, {"model": "main.sessionplayerpartperiod", "pk": 5780, "fields": {"session_player_part": 289, "parameter_set_labels_period": 40, "choice": null, "session_part_period": 500, "majority_choice": null, "timestamp": "2022-10-19T22:09:25.217Z", "updated": "2022-10-19T22:09:25.217Z"}}, {"model": "main.sessionplayerpartperiod", "pk": 5781, "fields": {"session_player_part": 290, "parameter_set_labels_period": 1, "choice": null, "session_part_period": 501, "majority_choice": null, "timestamp": "2022-10-19T22:09:25.253Z", "updated": "2022-10-19T22:09:25.253Z"}}, {"model": "main.sessionplayerpartperiod", "pk": 5782, "fields": {"session_player_part": 290, "parameter_set_labels_period": 2, "choice": null, "session_part_period": 502, "majority_choice": null, "timestamp": "2022-10-19T22:09:25.253Z", "updated": "2022-10-19T22:09:25.253Z"}}, {"model": "main.sessionplayerpartperiod", "pk": 5783, "fields": {"session_player_part": 290, "parameter_set_labels_period": 3, "choice": null, "session_part_period": 503, "majority_choice": null, "timestamp": "2022-10-19T22:09:25.253Z", "updated": "2022-10-19T22:09:25.253Z"}}, {"model": "main.sessionplayerpartperiod", "pk": 5784, "fields": {"session_player_part": 290, "parameter_set_labels_period": 4, "choice": null, "session_part_period": 504, "majority_choice": null, "timestamp": "2022-10-19T22:09:25.253Z", "updated": "2022-10-19T22:09:25.253Z"}}, {"model": "main.sessionplayerpartperiod", "pk": 5785, "fields": {"session_player_part": 290, "parameter_set_labels_period": 5, "choice": null, "session_part_period": 505, "majority_choice": null, "timestamp": "2022-10-19T22:09:25.253Z", "updated": "2022-10-19T22:09:25.253Z"}}, {"model": "main.sessionplayerpartperiod", "pk": 5786, "fields": {"session_player_part": 290, "parameter_set_labels_period": 6, "choice": null, "session_part_period": 506, "majority_choice": null, "timestamp": "2022-10-19T22:09:25.253Z", "updated": "2022-10-19T22:09:25.253Z"}}, {"model": "main.sessionplayerpartperiod", "pk": 5787, "fields": {"session_player_part": 290, "parameter_set_labels_period": 61, "choice": null, "session_part_period": 507, "majority_choice": null, "timestamp": "2022-10-19T22:09:25.253Z", "updated": "2022-10-19T22:09:25.253Z"}}, {"model": "main.sessionplayerpartperiod", "pk": 5788, "fields": {"session_player_part": 290, "parameter_set_labels_period": 8, "choice": null, "session_part_period": 508, "majority_choice": null, "timestamp": "2022-10-19T22:09:25.253Z", "updated": "2022-10-19T22:09:25.253Z"}}, {"model": "main.sessionplayerpartperiod", "pk": 5789, "fields": {"session_player_part": 290, "parameter_set_labels_period": 9, "choice": null, "session_part_period": 509, "majority_choice": null, "timestamp": "2022-10-19T22:09:25.253Z", "updated": "2022-10-19T22:09:25.253Z"}}, {"model": "main.sessionplayerpartperiod", "pk": 5790, "fields": {"session_player_part": 290, "parameter_set_labels_period": 10, "choice": null, "session_part_period": 510, "majority_choice": null, "timestamp": "2022-10-19T22:09:25.253Z", "updated": "2022-10-19T22:09:25.253Z"}}, {"model": "main.sessionplayerpartperiod", "pk": 5791, "fields": {"session_player_part": 290, "parameter_set_labels_period": 11, "choice": null, "session_part_period": 511, "majority_choice": null, "timestamp": "2022-10-19T22:09:25.253Z", "updated": "2022-10-19T22:09:25.253Z"}}, {"model": "main.sessionplayerpartperiod", "pk": 5792, "fields": {"session_player_part": 290, "parameter_set_labels_period": 12, "choice": null, "session_part_period": 512, "majority_choice": null, "timestamp": "2022-10-19T22:09:25.253Z", "updated": "2022-10-19T22:09:25.253Z"}}, {"model": "main.sessionplayerpartperiod", "pk": 5793, "fields": {"session_player_part": 290, "parameter_set_labels_period": 13, "choice": null, "session_part_period": 513, "majority_choice": null, "timestamp": "2022-10-19T22:09:25.253Z", "updated": "2022-10-19T22:09:25.253Z"}}, {"model": "main.sessionplayerpartperiod", "pk": 5794, "fields": {"session_player_part": 290, "parameter_set_labels_period": 14, "choice": null, "session_part_period": 514, "majority_choice": null, "timestamp": "2022-10-19T22:09:25.253Z", "updated": "2022-10-19T22:09:25.253Z"}}, {"model": "main.sessionplayerpartperiod", "pk": 5795, "fields": {"session_player_part": 290, "parameter_set_labels_period": 15, "choice": null, "session_part_period": 515, "majority_choice": null, "timestamp": "2022-10-19T22:09:25.253Z", "updated": "2022-10-19T22:09:25.253Z"}}, {"model": "main.sessionplayerpartperiod", "pk": 5796, "fields": {"session_player_part": 290, "parameter_set_labels_period": 16, "choice": null, "session_part_period": 516, "majority_choice": null, "timestamp": "2022-10-19T22:09:25.253Z", "updated": "2022-10-19T22:09:25.253Z"}}, {"model": "main.sessionplayerpartperiod", "pk": 5797, "fields": {"session_player_part": 290, "parameter_set_labels_period": 17, "choice": null, "session_part_period": 517, "majority_choice": null, "timestamp": "2022-10-19T22:09:25.253Z", "updated": "2022-10-19T22:09:25.253Z"}}, {"model": "main.sessionplayerpartperiod", "pk": 5798, "fields": {"session_player_part": 290, "parameter_set_labels_period": 18, "choice": null, "session_part_period": 518, "majority_choice": null, "timestamp": "2022-10-19T22:09:25.253Z", "updated": "2022-10-19T22:09:25.253Z"}}, {"model": "main.sessionplayerpartperiod", "pk": 5799, "fields": {"session_player_part": 290, "parameter_set_labels_period": 19, "choice": null, "session_part_period": 519, "majority_choice": null, "timestamp": "2022-10-19T22:09:25.253Z", "updated": "2022-10-19T22:09:25.253Z"}}, {"model": "main.sessionplayerpartperiod", "pk": 5800, "fields": {"session_player_part": 290, "parameter_set_labels_period": 20, "choice": null, "session_part_period": 520, "majority_choice": null, "timestamp": "2022-10-19T22:09:25.253Z", "updated": "2022-10-19T22:09:25.253Z"}}, {"model": "main.sessionplayerpartperiod", "pk": 5801, "fields": {"session_player_part": 291, "parameter_set_labels_period": 1, "choice": null, "session_part_period": 521, "majority_choice": null, "timestamp": "2022-10-19T22:09:25.290Z", "updated": "2022-10-19T22:09:25.290Z"}}, {"model": "main.sessionplayerpartperiod", "pk": 5802, "fields": {"session_player_part": 291, "parameter_set_labels_period": 2, "choice": null, "session_part_period": 522, "majority_choice": null, "timestamp": "2022-10-19T22:09:25.290Z", "updated": "2022-10-19T22:09:25.290Z"}}, {"model": "main.sessionplayerpartperiod", "pk": 5803, "fields": {"session_player_part": 291, "parameter_set_labels_period": 3, "choice": null, "session_part_period": 523, "majority_choice": null, "timestamp": "2022-10-19T22:09:25.290Z", "updated": "2022-10-19T22:09:25.290Z"}}, {"model": "main.sessionplayerpartperiod", "pk": 5804, "fields": {"session_player_part": 291, "parameter_set_labels_period": 4, "choice": null, "session_part_period": 524, "majority_choice": null, "timestamp": "2022-10-19T22:09:25.290Z", "updated": "2022-10-19T22:09:25.290Z"}}, {"model": "main.sessionplayerpartperiod", "pk": 5805, "fields": {"session_player_part": 291, "parameter_set_labels_period": 5, "choice": null, "session_part_period": 525, "majority_choice": null, "timestamp": "2022-10-19T22:09:25.290Z", "updated": "2022-10-19T22:09:25.290Z"}}, {"model": "main.sessionplayerpartperiod", "pk": 5806, "fields": {"session_player_part": 291, "parameter_set_labels_period": 6, "choice": null, "session_part_period": 526, "majority_choice": null, "timestamp": "2022-10-19T22:09:25.290Z", "updated": "2022-10-19T22:09:25.290Z"}}, {"model": "main.sessionplayerpartperiod", "pk": 5807, "fields": {"session_player_part": 291, "parameter_set_labels_period": 61, "choice": null, "session_part_period": 527, "majority_choice": null, "timestamp": "2022-10-19T22:09:25.290Z", "updated": "2022-10-19T22:09:25.290Z"}}, {"model": "main.sessionplayerpartperiod", "pk": 5808, "fields": {"session_player_part": 291, "parameter_set_labels_period": 8, "choice": null, "session_part_period": 528, "majority_choice": null, "timestamp": "2022-10-19T22:09:25.290Z", "updated": "2022-10-19T22:09:25.290Z"}}, {"model": "main.sessionplayerpartperiod", "pk": 5809, "fields": {"session_player_part": 291, "parameter_set_labels_period": 9, "choice": null, "session_part_period": 529, "majority_choice": null, "timestamp": "2022-10-19T22:09:25.290Z", "updated": "2022-10-19T22:09:25.290Z"}}, {"model": "main.sessionplayerpartperiod", "pk": 5810, "fields": {"session_player_part": 291, "parameter_set_labels_period": 10, "choice": null, "session_part_period": 530, "majority_choice": null, "timestamp": "2022-10-19T22:09:25.290Z", "updated": "2022-10-19T22:09:25.290Z"}}, {"model": "main.sessionplayerpartperiod", "pk": 5811, "fields": {"session_player_part": 291, "parameter_set_labels_period": 11, "choice": null, "session_part_period": 531, "majority_choice": null, "timestamp": "2022-10-19T22:09:25.290Z", "updated": "2022-10-19T22:09:25.290Z"}}, {"model": "main.sessionplayerpartperiod", "pk": 5812, "fields": {"session_player_part": 291, "parameter_set_labels_period": 12, "choice": null, "session_part_period": 532, "majority_choice": null, "timestamp": "2022-10-19T22:09:25.290Z", "updated": "2022-10-19T22:09:25.290Z"}}, {"model": "main.sessionplayerpartperiod", "pk": 5813, "fields": {"session_player_part": 291, "parameter_set_labels_period": 13, "choice": null, "session_part_period": 533, "majority_choice": null, "timestamp": "2022-10-19T22:09:25.290Z", "updated": "2022-10-19T22:09:25.290Z"}}, {"model": "main.sessionplayerpartperiod", "pk": 5814, "fields": {"session_player_part": 291, "parameter_set_labels_period": 14, "choice": null, "session_part_period": 534, "majority_choice": null, "timestamp": "2022-10-19T22:09:25.290Z", "updated": "2022-10-19T22:09:25.290Z"}}, {"model": "main.sessionplayerpartperiod", "pk": 5815, "fields": {"session_player_part": 291, "parameter_set_labels_period": 15, "choice": null, "session_part_period": 535, "majority_choice": null, "timestamp": "2022-10-19T22:09:25.290Z", "updated": "2022-10-19T22:09:25.290Z"}}, {"model": "main.sessionplayerpartperiod", "pk": 5816, "fields": {"session_player_part": 291, "parameter_set_labels_period": 16, "choice": null, "session_part_period": 536, "majority_choice": null, "timestamp": "2022-10-19T22:09:25.290Z", "updated": "2022-10-19T22:09:25.290Z"}}, {"model": "main.sessionplayerpartperiod", "pk": 5817, "fields": {"session_player_part": 291, "parameter_set_labels_period": 17, "choice": null, "session_part_period": 537, "majority_choice": null, "timestamp": "2022-10-19T22:09:25.290Z", "updated": "2022-10-19T22:09:25.290Z"}}, {"model": "main.sessionplayerpartperiod", "pk": 5818, "fields": {"session_player_part": 291, "parameter_set_labels_period": 18, "choice": null, "session_part_period": 538, "majority_choice": null, "timestamp": "2022-10-19T22:09:25.290Z", "updated": "2022-10-19T22:09:25.290Z"}}, {"model": "main.sessionplayerpartperiod", "pk": 5819, "fields": {"session_player_part": 291, "parameter_set_labels_period": 19, "choice": null, "session_part_period": 539, "majority_choice": null, "timestamp": "2022-10-19T22:09:25.290Z", "updated": "2022-10-19T22:09:25.290Z"}}, {"model": "main.sessionplayerpartperiod", "pk": 5820, "fields": {"session_player_part": 291, "parameter_set_labels_period": 20, "choice": null, "session_part_period": 540, "majority_choice": null, "timestamp": "2022-10-19T22:09:25.290Z", "updated": "2022-10-19T22:09:25.290Z"}}, {"model": "main.sessionplayerpartperiod", "pk": 5821, "fields": {"session_player_part": 292, "parameter_set_labels_period": 1, "choice": 1, "session_part_period": 481, "majority_choice": null, "timestamp": "2022-10-19T22:09:25.334Z", "updated": "2022-10-20T22:43:15.888Z"}}, {"model": "main.sessionplayerpartperiod", "pk": 5822, "fields": {"session_player_part": 292, "parameter_set_labels_period": 2, "choice": null, "session_part_period": 482, "majority_choice": null, "timestamp": "2022-10-19T22:09:25.334Z", "updated": "2022-10-19T22:09:25.334Z"}}, {"model": "main.sessionplayerpartperiod", "pk": 5823, "fields": {"session_player_part": 292, "parameter_set_labels_period": 3, "choice": null, "session_part_period": 483, "majority_choice": null, "timestamp": "2022-10-19T22:09:25.334Z", "updated": "2022-10-19T22:09:25.334Z"}}, {"model": "main.sessionplayerpartperiod", "pk": 5824, "fields": {"session_player_part": 292, "parameter_set_labels_period": 4, "choice": null, "session_part_period": 484, "majority_choice": null, "timestamp": "2022-10-19T22:09:25.334Z", "updated": "2022-10-19T22:09:25.334Z"}}, {"model": "main.sessionplayerpartperiod", "pk": 5825, "fields": {"session_player_part": 292, "parameter_set_labels_period": 5, "choice": null, "session_part_period": 485, "majority_choice": null, "timestamp": "2022-10-19T22:09:25.334Z", "updated": "2022-10-19T22:09:25.334Z"}}, {"model": "main.sessionplayerpartperiod", "pk": 5826, "fields": {"session_player_part": 292, "parameter_set_labels_period": 6, "choice": null, "session_part_period": 486, "majority_choice": null, "timestamp": "2022-10-19T22:09:25.334Z", "updated": "2022-10-19T22:09:25.334Z"}}, {"model": "main.sessionplayerpartperiod", "pk": 5827, "fields": {"session_player_part": 292, "parameter_set_labels_period": 61, "choice": null, "session_part_period": 487, "majority_choice": null, "timestamp": "2022-10-19T22:09:25.334Z", "updated": "2022-10-19T22:09:25.334Z"}}, {"model": "main.sessionplayerpartperiod", "pk": 5828, "fields": {"session_player_part": 292, "parameter_set_labels_period": 8, "choice": null, "session_part_period": 488, "majority_choice": null, "timestamp": "2022-10-19T22:09:25.334Z", "updated": "2022-10-19T22:09:25.334Z"}}, {"model": "main.sessionplayerpartperiod", "pk": 5829, "fields": {"session_player_part": 292, "parameter_set_labels_period": 9, "choice": null, "session_part_period": 489, "majority_choice": null, "timestamp": "2022-10-19T22:09:25.334Z", "updated": "2022-10-19T22:09:25.334Z"}}, {"model": "main.sessionplayerpartperiod", "pk": 5830, "fields": {"session_player_part": 292, "parameter_set_labels_period": 10, "choice": null, "session_part_period": 490, "majority_choice": null, "timestamp": "2022-10-19T22:09:25.334Z", "updated": "2022-10-19T22:09:25.334Z"}}, {"model": "main.sessionplayerpartperiod", "pk": 5831, "fields": {"session_player_part": 292, "parameter_set_labels_period": 11, "choice": null, "session_part_period": 491, "majority_choice": null, "timestamp": "2022-10-19T22:09:25.334Z", "updated": "2022-10-19T22:09:25.334Z"}}, {"model": "main.sessionplayerpartperiod", "pk": 5832, "fields": {"session_player_part": 292, "parameter_set_labels_period": 12, "choice": null, "session_part_period": 492, "majority_choice": null, "timestamp": "2022-10-19T22:09:25.334Z", "updated": "2022-10-19T22:09:25.334Z"}}, {"model": "main.sessionplayerpartperiod", "pk": 5833, "fields": {"session_player_part": 292, "parameter_set_labels_period": 13, "choice": null, "session_part_period": 493, "majority_choice": null, "timestamp": "2022-10-19T22:09:25.334Z", "updated": "2022-10-19T22:09:25.334Z"}}, {"model": "main.sessionplayerpartperiod", "pk": 5834, "fields": {"session_player_part": 292, "parameter_set_labels_period": 14, "choice": null, "session_part_period": 494, "majority_choice": null, "timestamp": "2022-10-19T22:09:25.334Z", "updated": "2022-10-19T22:09:25.334Z"}}, {"model": "main.sessionplayerpartperiod", "pk": 5835, "fields": {"session_player_part": 292, "parameter_set_labels_period": 15, "choice": null, "session_part_period": 495, "majority_choice": null, "timestamp": "2022-10-19T22:09:25.334Z", "updated": "2022-10-19T22:09:25.334Z"}}, {"model": "main.sessionplayerpartperiod", "pk": 5836, "fields": {"session_player_part": 292, "parameter_set_labels_period": 16, "choice": null, "session_part_period": 496, "majority_choice": null, "timestamp": "2022-10-19T22:09:25.334Z", "updated": "2022-10-19T22:09:25.334Z"}}, {"model": "main.sessionplayerpartperiod", "pk": 5837, "fields": {"session_player_part": 292, "parameter_set_labels_period": 17, "choice": null, "session_part_period": 497, "majority_choice": null, "timestamp": "2022-10-19T22:09:25.334Z", "updated": "2022-10-19T22:09:25.334Z"}}, {"model": "main.sessionplayerpartperiod", "pk": 5838, "fields": {"session_player_part": 292, "parameter_set_labels_period": 18, "choice": null, "session_part_period": 498, "majority_choice": null, "timestamp": "2022-10-19T22:09:25.334Z", "updated": "2022-10-19T22:09:25.334Z"}}, {"model": "main.sessionplayerpartperiod", "pk": 5839, "fields": {"session_player_part": 292, "parameter_set_labels_period": 19, "choice": null, "session_part_period": 499, "majority_choice": null, "timestamp": "2022-10-19T22:09:25.334Z", "updated": "2022-10-19T22:09:25.334Z"}}, {"model": "main.sessionplayerpartperiod", "pk": 5840, "fields": {"session_player_part": 292, "parameter_set_labels_period": 20, "choice": null, "session_part_period": 500, "majority_choice": null, "timestamp": "2022-10-19T22:09:25.334Z", "updated": "2022-10-19T22:09:25.334Z"}}, {"model": "main.sessionplayerpartperiod", "pk": 5841, "fields": {"session_player_part": 293, "parameter_set_labels_period": 21, "choice": null, "session_part_period": 501, "majority_choice": null, "timestamp": "2022-10-19T22:09:25.370Z", "updated": "2022-10-19T22:09:25.370Z"}}, {"model": "main.sessionplayerpartperiod", "pk": 5842, "fields": {"session_player_part": 293, "parameter_set_labels_period": 22, "choice": null, "session_part_period": 502, "majority_choice": null, "timestamp": "2022-10-19T22:09:25.370Z", "updated": "2022-10-19T22:09:25.370Z"}}, {"model": "main.sessionplayerpartperiod", "pk": 5843, "fields": {"session_player_part": 293, "parameter_set_labels_period": 23, "choice": null, "session_part_period": 503, "majority_choice": null, "timestamp": "2022-10-19T22:09:25.370Z", "updated": "2022-10-19T22:09:25.370Z"}}, {"model": "main.sessionplayerpartperiod", "pk": 5844, "fields": {"session_player_part": 293, "parameter_set_labels_period": 24, "choice": null, "session_part_period": 504, "majority_choice": null, "timestamp": "2022-10-19T22:09:25.370Z", "updated": "2022-10-19T22:09:25.370Z"}}, {"model": "main.sessionplayerpartperiod", "pk": 5845, "fields": {"session_player_part": 293, "parameter_set_labels_period": 25, "choice": null, "session_part_period": 505, "majority_choice": null, "timestamp": "2022-10-19T22:09:25.370Z", "updated": "2022-10-19T22:09:25.370Z"}}, {"model": "main.sessionplayerpartperiod", "pk": 5846, "fields": {"session_player_part": 293, "parameter_set_labels_period": 26, "choice": null, "session_part_period": 506, "majority_choice": null, "timestamp": "2022-10-19T22:09:25.370Z", "updated": "2022-10-19T22:09:25.370Z"}}, {"model": "main.sessionplayerpartperiod", "pk": 5847, "fields": {"session_player_part": 293, "parameter_set_labels_period": 27, "choice": null, "session_part_period": 507, "majority_choice": null, "timestamp": "2022-10-19T22:09:25.370Z", "updated": "2022-10-19T22:09:25.370Z"}}, {"model": "main.sessionplayerpartperiod", "pk": 5848, "fields": {"session_player_part": 293, "parameter_set_labels_period": 28, "choice": null, "session_part_period": 508, "majority_choice": null, "timestamp": "2022-10-19T22:09:25.370Z", "updated": "2022-10-19T22:09:25.370Z"}}, {"model": "main.sessionplayerpartperiod", "pk": 5849, "fields": {"session_player_part": 293, "parameter_set_labels_period": 29, "choice": null, "session_part_period": 509, "majority_choice": null, "timestamp": "2022-10-19T22:09:25.370Z", "updated": "2022-10-19T22:09:25.370Z"}}, {"model": "main.sessionplayerpartperiod", "pk": 5850, "fields": {"session_player_part": 293, "parameter_set_labels_period": 30, "choice": null, "session_part_period": 510, "majority_choice": null, "timestamp": "2022-10-19T22:09:25.370Z", "updated": "2022-10-19T22:09:25.370Z"}}, {"model": "main.sessionplayerpartperiod", "pk": 5851, "fields": {"session_player_part": 293, "parameter_set_labels_period": 31, "choice": null, "session_part_period": 511, "majority_choice": null, "timestamp": "2022-10-19T22:09:25.370Z", "updated": "2022-10-19T22:09:25.370Z"}}, {"model": "main.sessionplayerpartperiod", "pk": 5852, "fields": {"session_player_part": 293, "parameter_set_labels_period": 32, "choice": null, "session_part_period": 512, "majority_choice": null, "timestamp": "2022-10-19T22:09:25.370Z", "updated": "2022-10-19T22:09:25.370Z"}}, {"model": "main.sessionplayerpartperiod", "pk": 5853, "fields": {"session_player_part": 293, "parameter_set_labels_period": 33, "choice": null, "session_part_period": 513, "majority_choice": null, "timestamp": "2022-10-19T22:09:25.370Z", "updated": "2022-10-19T22:09:25.370Z"}}, {"model": "main.sessionplayerpartperiod", "pk": 5854, "fields": {"session_player_part": 293, "parameter_set_labels_period": 34, "choice": null, "session_part_period": 514, "majority_choice": null, "timestamp": "2022-10-19T22:09:25.370Z", "updated": "2022-10-19T22:09:25.370Z"}}, {"model": "main.sessionplayerpartperiod", "pk": 5855, "fields": {"session_player_part": 293, "parameter_set_labels_period": 35, "choice": null, "session_part_period": 515, "majority_choice": null, "timestamp": "2022-10-19T22:09:25.370Z", "updated": "2022-10-19T22:09:25.370Z"}}, {"model": "main.sessionplayerpartperiod", "pk": 5856, "fields": {"session_player_part": 293, "parameter_set_labels_period": 36, "choice": null, "session_part_period": 516, "majority_choice": null, "timestamp": "2022-10-19T22:09:25.370Z", "updated": "2022-10-19T22:09:25.370Z"}}, {"model": "main.sessionplayerpartperiod", "pk": 5857, "fields": {"session_player_part": 293, "parameter_set_labels_period": 37, "choice": null, "session_part_period": 517, "majority_choice": null, "timestamp": "2022-10-19T22:09:25.370Z", "updated": "2022-10-19T22:09:25.370Z"}}, {"model": "main.sessionplayerpartperiod", "pk": 5858, "fields": {"session_player_part": 293, "parameter_set_labels_period": 38, "choice": null, "session_part_period": 518, "majority_choice": null, "timestamp": "2022-10-19T22:09:25.370Z", "updated": "2022-10-19T22:09:25.370Z"}}, {"model": "main.sessionplayerpartperiod", "pk": 5859, "fields": {"session_player_part": 293, "parameter_set_labels_period": 39, "choice": null, "session_part_period": 519, "majority_choice": null, "timestamp": "2022-10-19T22:09:25.370Z", "updated": "2022-10-19T22:09:25.370Z"}}, {"model": "main.sessionplayerpartperiod", "pk": 5860, "fields": {"session_player_part": 293, "parameter_set_labels_period": 40, "choice": null, "session_part_period": 520, "majority_choice": null, "timestamp": "2022-10-19T22:09:25.370Z", "updated": "2022-10-19T22:09:25.370Z"}}, {"model": "main.sessionplayerpartperiod", "pk": 5861, "fields": {"session_player_part": 294, "parameter_set_labels_period": 1, "choice": null, "session_part_period": 521, "majority_choice": null, "timestamp": "2022-10-19T22:09:25.416Z", "updated": "2022-10-19T22:09:25.416Z"}}, {"model": "main.sessionplayerpartperiod", "pk": 5862, "fields": {"session_player_part": 294, "parameter_set_labels_period": 2, "choice": null, "session_part_period": 522, "majority_choice": null, "timestamp": "2022-10-19T22:09:25.416Z", "updated": "2022-10-19T22:09:25.416Z"}}, {"model": "main.sessionplayerpartperiod", "pk": 5863, "fields": {"session_player_part": 294, "parameter_set_labels_period": 3, "choice": null, "session_part_period": 523, "majority_choice": null, "timestamp": "2022-10-19T22:09:25.416Z", "updated": "2022-10-19T22:09:25.416Z"}}, {"model": "main.sessionplayerpartperiod", "pk": 5864, "fields": {"session_player_part": 294, "parameter_set_labels_period": 4, "choice": null, "session_part_period": 524, "majority_choice": null, "timestamp": "2022-10-19T22:09:25.416Z", "updated": "2022-10-19T22:09:25.416Z"}}, {"model": "main.sessionplayerpartperiod", "pk": 5865, "fields": {"session_player_part": 294, "parameter_set_labels_period": 5, "choice": null, "session_part_period": 525, "majority_choice": null, "timestamp": "2022-10-19T22:09:25.416Z", "updated": "2022-10-19T22:09:25.416Z"}}, {"model": "main.sessionplayerpartperiod", "pk": 5866, "fields": {"session_player_part": 294, "parameter_set_labels_period": 6, "choice": null, "session_part_period": 526, "majority_choice": null, "timestamp": "2022-10-19T22:09:25.416Z", "updated": "2022-10-19T22:09:25.416Z"}}, {"model": "main.sessionplayerpartperiod", "pk": 5867, "fields": {"session_player_part": 294, "parameter_set_labels_period": 61, "choice": null, "session_part_period": 527, "majority_choice": null, "timestamp": "2022-10-19T22:09:25.416Z", "updated": "2022-10-19T22:09:25.416Z"}}, {"model": "main.sessionplayerpartperiod", "pk": 5868, "fields": {"session_player_part": 294, "parameter_set_labels_period": 8, "choice": null, "session_part_period": 528, "majority_choice": null, "timestamp": "2022-10-19T22:09:25.416Z", "updated": "2022-10-19T22:09:25.416Z"}}, {"model": "main.sessionplayerpartperiod", "pk": 5869, "fields": {"session_player_part": 294, "parameter_set_labels_period": 9, "choice": null, "session_part_period": 529, "majority_choice": null, "timestamp": "2022-10-19T22:09:25.416Z", "updated": "2022-10-19T22:09:25.416Z"}}, {"model": "main.sessionplayerpartperiod", "pk": 5870, "fields": {"session_player_part": 294, "parameter_set_labels_period": 10, "choice": null, "session_part_period": 530, "majority_choice": null, "timestamp": "2022-10-19T22:09:25.416Z", "updated": "2022-10-19T22:09:25.416Z"}}, {"model": "main.sessionplayerpartperiod", "pk": 5871, "fields": {"session_player_part": 294, "parameter_set_labels_period": 11, "choice": null, "session_part_period": 531, "majority_choice": null, "timestamp": "2022-10-19T22:09:25.416Z", "updated": "2022-10-19T22:09:25.416Z"}}, {"model": "main.sessionplayerpartperiod", "pk": 5872, "fields": {"session_player_part": 294, "parameter_set_labels_period": 12, "choice": null, "session_part_period": 532, "majority_choice": null, "timestamp": "2022-10-19T22:09:25.416Z", "updated": "2022-10-19T22:09:25.416Z"}}, {"model": "main.sessionplayerpartperiod", "pk": 5873, "fields": {"session_player_part": 294, "parameter_set_labels_period": 13, "choice": null, "session_part_period": 533, "majority_choice": null, "timestamp": "2022-10-19T22:09:25.416Z", "updated": "2022-10-19T22:09:25.416Z"}}, {"model": "main.sessionplayerpartperiod", "pk": 5874, "fields": {"session_player_part": 294, "parameter_set_labels_period": 14, "choice": null, "session_part_period": 534, "majority_choice": null, "timestamp": "2022-10-19T22:09:25.416Z", "updated": "2022-10-19T22:09:25.416Z"}}, {"model": "main.sessionplayerpartperiod", "pk": 5875, "fields": {"session_player_part": 294, "parameter_set_labels_period": 15, "choice": null, "session_part_period": 535, "majority_choice": null, "timestamp": "2022-10-19T22:09:25.416Z", "updated": "2022-10-19T22:09:25.416Z"}}, {"model": "main.sessionplayerpartperiod", "pk": 5876, "fields": {"session_player_part": 294, "parameter_set_labels_period": 16, "choice": null, "session_part_period": 536, "majority_choice": null, "timestamp": "2022-10-19T22:09:25.416Z", "updated": "2022-10-19T22:09:25.416Z"}}, {"model": "main.sessionplayerpartperiod", "pk": 5877, "fields": {"session_player_part": 294, "parameter_set_labels_period": 17, "choice": null, "session_part_period": 537, "majority_choice": null, "timestamp": "2022-10-19T22:09:25.416Z", "updated": "2022-10-19T22:09:25.416Z"}}, {"model": "main.sessionplayerpartperiod", "pk": 5878, "fields": {"session_player_part": 294, "parameter_set_labels_period": 18, "choice": null, "session_part_period": 538, "majority_choice": null, "timestamp": "2022-10-19T22:09:25.416Z", "updated": "2022-10-19T22:09:25.416Z"}}, {"model": "main.sessionplayerpartperiod", "pk": 5879, "fields": {"session_player_part": 294, "parameter_set_labels_period": 19, "choice": null, "session_part_period": 539, "majority_choice": null, "timestamp": "2022-10-19T22:09:25.416Z", "updated": "2022-10-19T22:09:25.416Z"}}, {"model": "main.sessionplayerpartperiod", "pk": 5880, "fields": {"session_player_part": 294, "parameter_set_labels_period": 20, "choice": null, "session_part_period": 540, "majority_choice": null, "timestamp": "2022-10-19T22:09:25.416Z", "updated": "2022-10-19T22:09:25.416Z"}}, {"model": "main.sessionplayerpartperiod", "pk": 5881, "fields": {"session_player_part": 295, "parameter_set_labels_period": 1, "choice": null, "session_part_period": 481, "majority_choice": null, "timestamp": "2022-10-19T22:09:25.461Z", "updated": "2022-10-19T22:09:25.461Z"}}, {"model": "main.sessionplayerpartperiod", "pk": 5882, "fields": {"session_player_part": 295, "parameter_set_labels_period": 2, "choice": null, "session_part_period": 482, "majority_choice": null, "timestamp": "2022-10-19T22:09:25.461Z", "updated": "2022-10-19T22:09:25.461Z"}}, {"model": "main.sessionplayerpartperiod", "pk": 5883, "fields": {"session_player_part": 295, "parameter_set_labels_period": 3, "choice": null, "session_part_period": 483, "majority_choice": null, "timestamp": "2022-10-19T22:09:25.461Z", "updated": "2022-10-19T22:09:25.461Z"}}, {"model": "main.sessionplayerpartperiod", "pk": 5884, "fields": {"session_player_part": 295, "parameter_set_labels_period": 4, "choice": null, "session_part_period": 484, "majority_choice": null, "timestamp": "2022-10-19T22:09:25.461Z", "updated": "2022-10-19T22:09:25.461Z"}}, {"model": "main.sessionplayerpartperiod", "pk": 5885, "fields": {"session_player_part": 295, "parameter_set_labels_period": 5, "choice": null, "session_part_period": 485, "majority_choice": null, "timestamp": "2022-10-19T22:09:25.461Z", "updated": "2022-10-19T22:09:25.461Z"}}, {"model": "main.sessionplayerpartperiod", "pk": 5886, "fields": {"session_player_part": 295, "parameter_set_labels_period": 6, "choice": null, "session_part_period": 486, "majority_choice": null, "timestamp": "2022-10-19T22:09:25.461Z", "updated": "2022-10-19T22:09:25.461Z"}}, {"model": "main.sessionplayerpartperiod", "pk": 5887, "fields": {"session_player_part": 295, "parameter_set_labels_period": 61, "choice": null, "session_part_period": 487, "majority_choice": null, "timestamp": "2022-10-19T22:09:25.461Z", "updated": "2022-10-19T22:09:25.461Z"}}, {"model": "main.sessionplayerpartperiod", "pk": 5888, "fields": {"session_player_part": 295, "parameter_set_labels_period": 8, "choice": null, "session_part_period": 488, "majority_choice": null, "timestamp": "2022-10-19T22:09:25.461Z", "updated": "2022-10-19T22:09:25.461Z"}}, {"model": "main.sessionplayerpartperiod", "pk": 5889, "fields": {"session_player_part": 295, "parameter_set_labels_period": 9, "choice": null, "session_part_period": 489, "majority_choice": null, "timestamp": "2022-10-19T22:09:25.461Z", "updated": "2022-10-19T22:09:25.461Z"}}, {"model": "main.sessionplayerpartperiod", "pk": 5890, "fields": {"session_player_part": 295, "parameter_set_labels_period": 10, "choice": null, "session_part_period": 490, "majority_choice": null, "timestamp": "2022-10-19T22:09:25.461Z", "updated": "2022-10-19T22:09:25.461Z"}}, {"model": "main.sessionplayerpartperiod", "pk": 5891, "fields": {"session_player_part": 295, "parameter_set_labels_period": 11, "choice": null, "session_part_period": 491, "majority_choice": null, "timestamp": "2022-10-19T22:09:25.461Z", "updated": "2022-10-19T22:09:25.461Z"}}, {"model": "main.sessionplayerpartperiod", "pk": 5892, "fields": {"session_player_part": 295, "parameter_set_labels_period": 12, "choice": null, "session_part_period": 492, "majority_choice": null, "timestamp": "2022-10-19T22:09:25.461Z", "updated": "2022-10-19T22:09:25.461Z"}}, {"model": "main.sessionplayerpartperiod", "pk": 5893, "fields": {"session_player_part": 295, "parameter_set_labels_period": 13, "choice": null, "session_part_period": 493, "majority_choice": null, "timestamp": "2022-10-19T22:09:25.461Z", "updated": "2022-10-19T22:09:25.461Z"}}, {"model": "main.sessionplayerpartperiod", "pk": 5894, "fields": {"session_player_part": 295, "parameter_set_labels_period": 14, "choice": null, "session_part_period": 494, "majority_choice": null, "timestamp": "2022-10-19T22:09:25.461Z", "updated": "2022-10-19T22:09:25.461Z"}}, {"model": "main.sessionplayerpartperiod", "pk": 5895, "fields": {"session_player_part": 295, "parameter_set_labels_period": 15, "choice": null, "session_part_period": 495, "majority_choice": null, "timestamp": "2022-10-19T22:09:25.461Z", "updated": "2022-10-19T22:09:25.461Z"}}, {"model": "main.sessionplayerpartperiod", "pk": 5896, "fields": {"session_player_part": 295, "parameter_set_labels_period": 16, "choice": null, "session_part_period": 496, "majority_choice": null, "timestamp": "2022-10-19T22:09:25.461Z", "updated": "2022-10-19T22:09:25.461Z"}}, {"model": "main.sessionplayerpartperiod", "pk": 5897, "fields": {"session_player_part": 295, "parameter_set_labels_period": 17, "choice": null, "session_part_period": 497, "majority_choice": null, "timestamp": "2022-10-19T22:09:25.461Z", "updated": "2022-10-19T22:09:25.461Z"}}, {"model": "main.sessionplayerpartperiod", "pk": 5898, "fields": {"session_player_part": 295, "parameter_set_labels_period": 18, "choice": null, "session_part_period": 498, "majority_choice": null, "timestamp": "2022-10-19T22:09:25.461Z", "updated": "2022-10-19T22:09:25.461Z"}}, {"model": "main.sessionplayerpartperiod", "pk": 5899, "fields": {"session_player_part": 295, "parameter_set_labels_period": 19, "choice": null, "session_part_period": 499, "majority_choice": null, "timestamp": "2022-10-19T22:09:25.461Z", "updated": "2022-10-19T22:09:25.461Z"}}, {"model": "main.sessionplayerpartperiod", "pk": 5900, "fields": {"session_player_part": 295, "parameter_set_labels_period": 20, "choice": null, "session_part_period": 500, "majority_choice": null, "timestamp": "2022-10-19T22:09:25.461Z", "updated": "2022-10-19T22:09:25.461Z"}}, {"model": "main.sessionplayerpartperiod", "pk": 5901, "fields": {"session_player_part": 296, "parameter_set_labels_period": 41, "choice": null, "session_part_period": 501, "majority_choice": null, "timestamp": "2022-10-19T22:09:25.497Z", "updated": "2022-10-19T22:09:25.497Z"}}, {"model": "main.sessionplayerpartperiod", "pk": 5902, "fields": {"session_player_part": 296, "parameter_set_labels_period": 42, "choice": null, "session_part_period": 502, "majority_choice": null, "timestamp": "2022-10-19T22:09:25.497Z", "updated": "2022-10-19T22:09:25.497Z"}}, {"model": "main.sessionplayerpartperiod", "pk": 5903, "fields": {"session_player_part": 296, "parameter_set_labels_period": 43, "choice": null, "session_part_period": 503, "majority_choice": null, "timestamp": "2022-10-19T22:09:25.497Z", "updated": "2022-10-19T22:09:25.497Z"}}, {"model": "main.sessionplayerpartperiod", "pk": 5904, "fields": {"session_player_part": 296, "parameter_set_labels_period": 44, "choice": null, "session_part_period": 504, "majority_choice": null, "timestamp": "2022-10-19T22:09:25.497Z", "updated": "2022-10-19T22:09:25.497Z"}}, {"model": "main.sessionplayerpartperiod", "pk": 5905, "fields": {"session_player_part": 296, "parameter_set_labels_period": 45, "choice": null, "session_part_period": 505, "majority_choice": null, "timestamp": "2022-10-19T22:09:25.497Z", "updated": "2022-10-19T22:09:25.497Z"}}, {"model": "main.sessionplayerpartperiod", "pk": 5906, "fields": {"session_player_part": 296, "parameter_set_labels_period": 46, "choice": null, "session_part_period": 506, "majority_choice": null, "timestamp": "2022-10-19T22:09:25.497Z", "updated": "2022-10-19T22:09:25.497Z"}}, {"model": "main.sessionplayerpartperiod", "pk": 5907, "fields": {"session_player_part": 296, "parameter_set_labels_period": 47, "choice": null, "session_part_period": 507, "majority_choice": null, "timestamp": "2022-10-19T22:09:25.497Z", "updated": "2022-10-19T22:09:25.497Z"}}, {"model": "main.sessionplayerpartperiod", "pk": 5908, "fields": {"session_player_part": 296, "parameter_set_labels_period": 48, "choice": null, "session_part_period": 508, "majority_choice": null, "timestamp": "2022-10-19T22:09:25.497Z", "updated": "2022-10-19T22:09:25.497Z"}}, {"model": "main.sessionplayerpartperiod", "pk": 5909, "fields": {"session_player_part": 296, "parameter_set_labels_period": 49, "choice": null, "session_part_period": 509, "majority_choice": null, "timestamp": "2022-10-19T22:09:25.497Z", "updated": "2022-10-19T22:09:25.497Z"}}, {"model": "main.sessionplayerpartperiod", "pk": 5910, "fields": {"session_player_part": 296, "parameter_set_labels_period": 50, "choice": null, "session_part_period": 510, "majority_choice": null, "timestamp": "2022-10-19T22:09:25.497Z", "updated": "2022-10-19T22:09:25.497Z"}}, {"model": "main.sessionplayerpartperiod", "pk": 5911, "fields": {"session_player_part": 296, "parameter_set_labels_period": 51, "choice": null, "session_part_period": 511, "majority_choice": null, "timestamp": "2022-10-19T22:09:25.497Z", "updated": "2022-10-19T22:09:25.497Z"}}, {"model": "main.sessionplayerpartperiod", "pk": 5912, "fields": {"session_player_part": 296, "parameter_set_labels_period": 52, "choice": null, "session_part_period": 512, "majority_choice": null, "timestamp": "2022-10-19T22:09:25.498Z", "updated": "2022-10-19T22:09:25.498Z"}}, {"model": "main.sessionplayerpartperiod", "pk": 5913, "fields": {"session_player_part": 296, "parameter_set_labels_period": 53, "choice": null, "session_part_period": 513, "majority_choice": null, "timestamp": "2022-10-19T22:09:25.498Z", "updated": "2022-10-19T22:09:25.498Z"}}, {"model": "main.sessionplayerpartperiod", "pk": 5914, "fields": {"session_player_part": 296, "parameter_set_labels_period": 54, "choice": null, "session_part_period": 514, "majority_choice": null, "timestamp": "2022-10-19T22:09:25.498Z", "updated": "2022-10-19T22:09:25.498Z"}}, {"model": "main.sessionplayerpartperiod", "pk": 5915, "fields": {"session_player_part": 296, "parameter_set_labels_period": 55, "choice": null, "session_part_period": 515, "majority_choice": null, "timestamp": "2022-10-19T22:09:25.498Z", "updated": "2022-10-19T22:09:25.498Z"}}, {"model": "main.sessionplayerpartperiod", "pk": 5916, "fields": {"session_player_part": 296, "parameter_set_labels_period": 56, "choice": null, "session_part_period": 516, "majority_choice": null, "timestamp": "2022-10-19T22:09:25.498Z", "updated": "2022-10-19T22:09:25.498Z"}}, {"model": "main.sessionplayerpartperiod", "pk": 5917, "fields": {"session_player_part": 296, "parameter_set_labels_period": 57, "choice": null, "session_part_period": 517, "majority_choice": null, "timestamp": "2022-10-19T22:09:25.498Z", "updated": "2022-10-19T22:09:25.498Z"}}, {"model": "main.sessionplayerpartperiod", "pk": 5918, "fields": {"session_player_part": 296, "parameter_set_labels_period": 58, "choice": null, "session_part_period": 518, "majority_choice": null, "timestamp": "2022-10-19T22:09:25.498Z", "updated": "2022-10-19T22:09:25.498Z"}}, {"model": "main.sessionplayerpartperiod", "pk": 5919, "fields": {"session_player_part": 296, "parameter_set_labels_period": 59, "choice": null, "session_part_period": 519, "majority_choice": null, "timestamp": "2022-10-19T22:09:25.498Z", "updated": "2022-10-19T22:09:25.498Z"}}, {"model": "main.sessionplayerpartperiod", "pk": 5920, "fields": {"session_player_part": 296, "parameter_set_labels_period": 60, "choice": null, "session_part_period": 520, "majority_choice": null, "timestamp": "2022-10-19T22:09:25.498Z", "updated": "2022-10-19T22:09:25.498Z"}}, {"model": "main.sessionplayerpartperiod", "pk": 5921, "fields": {"session_player_part": 297, "parameter_set_labels_period": 1, "choice": null, "session_part_period": 521, "majority_choice": null, "timestamp": "2022-10-19T22:09:25.534Z", "updated": "2022-10-19T22:09:25.534Z"}}, {"model": "main.sessionplayerpartperiod", "pk": 5922, "fields": {"session_player_part": 297, "parameter_set_labels_period": 2, "choice": null, "session_part_period": 522, "majority_choice": null, "timestamp": "2022-10-19T22:09:25.534Z", "updated": "2022-10-19T22:09:25.534Z"}}, {"model": "main.sessionplayerpartperiod", "pk": 5923, "fields": {"session_player_part": 297, "parameter_set_labels_period": 3, "choice": null, "session_part_period": 523, "majority_choice": null, "timestamp": "2022-10-19T22:09:25.534Z", "updated": "2022-10-19T22:09:25.534Z"}}, {"model": "main.sessionplayerpartperiod", "pk": 5924, "fields": {"session_player_part": 297, "parameter_set_labels_period": 4, "choice": null, "session_part_period": 524, "majority_choice": null, "timestamp": "2022-10-19T22:09:25.534Z", "updated": "2022-10-19T22:09:25.534Z"}}, {"model": "main.sessionplayerpartperiod", "pk": 5925, "fields": {"session_player_part": 297, "parameter_set_labels_period": 5, "choice": null, "session_part_period": 525, "majority_choice": null, "timestamp": "2022-10-19T22:09:25.534Z", "updated": "2022-10-19T22:09:25.534Z"}}, {"model": "main.sessionplayerpartperiod", "pk": 5926, "fields": {"session_player_part": 297, "parameter_set_labels_period": 6, "choice": null, "session_part_period": 526, "majority_choice": null, "timestamp": "2022-10-19T22:09:25.534Z", "updated": "2022-10-19T22:09:25.534Z"}}, {"model": "main.sessionplayerpartperiod", "pk": 5927, "fields": {"session_player_part": 297, "parameter_set_labels_period": 61, "choice": null, "session_part_period": 527, "majority_choice": null, "timestamp": "2022-10-19T22:09:25.534Z", "updated": "2022-10-19T22:09:25.534Z"}}, {"model": "main.sessionplayerpartperiod", "pk": 5928, "fields": {"session_player_part": 297, "parameter_set_labels_period": 8, "choice": null, "session_part_period": 528, "majority_choice": null, "timestamp": "2022-10-19T22:09:25.534Z", "updated": "2022-10-19T22:09:25.534Z"}}, {"model": "main.sessionplayerpartperiod", "pk": 5929, "fields": {"session_player_part": 297, "parameter_set_labels_period": 9, "choice": null, "session_part_period": 529, "majority_choice": null, "timestamp": "2022-10-19T22:09:25.534Z", "updated": "2022-10-19T22:09:25.534Z"}}, {"model": "main.sessionplayerpartperiod", "pk": 5930, "fields": {"session_player_part": 297, "parameter_set_labels_period": 10, "choice": null, "session_part_period": 530, "majority_choice": null, "timestamp": "2022-10-19T22:09:25.534Z", "updated": "2022-10-19T22:09:25.534Z"}}, {"model": "main.sessionplayerpartperiod", "pk": 5931, "fields": {"session_player_part": 297, "parameter_set_labels_period": 11, "choice": null, "session_part_period": 531, "majority_choice": null, "timestamp": "2022-10-19T22:09:25.534Z", "updated": "2022-10-19T22:09:25.534Z"}}, {"model": "main.sessionplayerpartperiod", "pk": 5932, "fields": {"session_player_part": 297, "parameter_set_labels_period": 12, "choice": null, "session_part_period": 532, "majority_choice": null, "timestamp": "2022-10-19T22:09:25.534Z", "updated": "2022-10-19T22:09:25.534Z"}}, {"model": "main.sessionplayerpartperiod", "pk": 5933, "fields": {"session_player_part": 297, "parameter_set_labels_period": 13, "choice": null, "session_part_period": 533, "majority_choice": null, "timestamp": "2022-10-19T22:09:25.534Z", "updated": "2022-10-19T22:09:25.534Z"}}, {"model": "main.sessionplayerpartperiod", "pk": 5934, "fields": {"session_player_part": 297, "parameter_set_labels_period": 14, "choice": null, "session_part_period": 534, "majority_choice": null, "timestamp": "2022-10-19T22:09:25.534Z", "updated": "2022-10-19T22:09:25.534Z"}}, {"model": "main.sessionplayerpartperiod", "pk": 5935, "fields": {"session_player_part": 297, "parameter_set_labels_period": 15, "choice": null, "session_part_period": 535, "majority_choice": null, "timestamp": "2022-10-19T22:09:25.534Z", "updated": "2022-10-19T22:09:25.534Z"}}, {"model": "main.sessionplayerpartperiod", "pk": 5936, "fields": {"session_player_part": 297, "parameter_set_labels_period": 16, "choice": null, "session_part_period": 536, "majority_choice": null, "timestamp": "2022-10-19T22:09:25.534Z", "updated": "2022-10-19T22:09:25.534Z"}}, {"model": "main.sessionplayerpartperiod", "pk": 5937, "fields": {"session_player_part": 297, "parameter_set_labels_period": 17, "choice": null, "session_part_period": 537, "majority_choice": null, "timestamp": "2022-10-19T22:09:25.534Z", "updated": "2022-10-19T22:09:25.534Z"}}, {"model": "main.sessionplayerpartperiod", "pk": 5938, "fields": {"session_player_part": 297, "parameter_set_labels_period": 18, "choice": null, "session_part_period": 538, "majority_choice": null, "timestamp": "2022-10-19T22:09:25.534Z", "updated": "2022-10-19T22:09:25.534Z"}}, {"model": "main.sessionplayerpartperiod", "pk": 5939, "fields": {"session_player_part": 297, "parameter_set_labels_period": 19, "choice": null, "session_part_period": 539, "majority_choice": null, "timestamp": "2022-10-19T22:09:25.534Z", "updated": "2022-10-19T22:09:25.534Z"}}, {"model": "main.sessionplayerpartperiod", "pk": 5940, "fields": {"session_player_part": 297, "parameter_set_labels_period": 20, "choice": null, "session_part_period": 540, "majority_choice": null, "timestamp": "2022-10-19T22:09:25.534Z", "updated": "2022-10-19T22:09:25.534Z"}}, {"model": "main.sessionplayerpartperiod", "pk": 5941, "fields": {"session_player_part": 298, "parameter_set_labels_period": 1, "choice": null, "session_part_period": 481, "majority_choice": null, "timestamp": "2022-10-19T22:09:25.579Z", "updated": "2022-10-19T22:09:25.579Z"}}, {"model": "main.sessionplayerpartperiod", "pk": 5942, "fields": {"session_player_part": 298, "parameter_set_labels_period": 2, "choice": null, "session_part_period": 482, "majority_choice": null, "timestamp": "2022-10-19T22:09:25.579Z", "updated": "2022-10-19T22:09:25.579Z"}}, {"model": "main.sessionplayerpartperiod", "pk": 5943, "fields": {"session_player_part": 298, "parameter_set_labels_period": 3, "choice": null, "session_part_period": 483, "majority_choice": null, "timestamp": "2022-10-19T22:09:25.579Z", "updated": "2022-10-19T22:09:25.579Z"}}, {"model": "main.sessionplayerpartperiod", "pk": 5944, "fields": {"session_player_part": 298, "parameter_set_labels_period": 4, "choice": null, "session_part_period": 484, "majority_choice": null, "timestamp": "2022-10-19T22:09:25.579Z", "updated": "2022-10-19T22:09:25.579Z"}}, {"model": "main.sessionplayerpartperiod", "pk": 5945, "fields": {"session_player_part": 298, "parameter_set_labels_period": 5, "choice": null, "session_part_period": 485, "majority_choice": null, "timestamp": "2022-10-19T22:09:25.579Z", "updated": "2022-10-19T22:09:25.579Z"}}, {"model": "main.sessionplayerpartperiod", "pk": 5946, "fields": {"session_player_part": 298, "parameter_set_labels_period": 6, "choice": null, "session_part_period": 486, "majority_choice": null, "timestamp": "2022-10-19T22:09:25.579Z", "updated": "2022-10-19T22:09:25.579Z"}}, {"model": "main.sessionplayerpartperiod", "pk": 5947, "fields": {"session_player_part": 298, "parameter_set_labels_period": 61, "choice": null, "session_part_period": 487, "majority_choice": null, "timestamp": "2022-10-19T22:09:25.579Z", "updated": "2022-10-19T22:09:25.579Z"}}, {"model": "main.sessionplayerpartperiod", "pk": 5948, "fields": {"session_player_part": 298, "parameter_set_labels_period": 8, "choice": null, "session_part_period": 488, "majority_choice": null, "timestamp": "2022-10-19T22:09:25.579Z", "updated": "2022-10-19T22:09:25.579Z"}}, {"model": "main.sessionplayerpartperiod", "pk": 5949, "fields": {"session_player_part": 298, "parameter_set_labels_period": 9, "choice": null, "session_part_period": 489, "majority_choice": null, "timestamp": "2022-10-19T22:09:25.579Z", "updated": "2022-10-19T22:09:25.579Z"}}, {"model": "main.sessionplayerpartperiod", "pk": 5950, "fields": {"session_player_part": 298, "parameter_set_labels_period": 10, "choice": null, "session_part_period": 490, "majority_choice": null, "timestamp": "2022-10-19T22:09:25.579Z", "updated": "2022-10-19T22:09:25.579Z"}}, {"model": "main.sessionplayerpartperiod", "pk": 5951, "fields": {"session_player_part": 298, "parameter_set_labels_period": 11, "choice": null, "session_part_period": 491, "majority_choice": null, "timestamp": "2022-10-19T22:09:25.579Z", "updated": "2022-10-19T22:09:25.579Z"}}, {"model": "main.sessionplayerpartperiod", "pk": 5952, "fields": {"session_player_part": 298, "parameter_set_labels_period": 12, "choice": null, "session_part_period": 492, "majority_choice": null, "timestamp": "2022-10-19T22:09:25.579Z", "updated": "2022-10-19T22:09:25.579Z"}}, {"model": "main.sessionplayerpartperiod", "pk": 5953, "fields": {"session_player_part": 298, "parameter_set_labels_period": 13, "choice": null, "session_part_period": 493, "majority_choice": null, "timestamp": "2022-10-19T22:09:25.579Z", "updated": "2022-10-19T22:09:25.579Z"}}, {"model": "main.sessionplayerpartperiod", "pk": 5954, "fields": {"session_player_part": 298, "parameter_set_labels_period": 14, "choice": null, "session_part_period": 494, "majority_choice": null, "timestamp": "2022-10-19T22:09:25.579Z", "updated": "2022-10-19T22:09:25.579Z"}}, {"model": "main.sessionplayerpartperiod", "pk": 5955, "fields": {"session_player_part": 298, "parameter_set_labels_period": 15, "choice": null, "session_part_period": 495, "majority_choice": null, "timestamp": "2022-10-19T22:09:25.579Z", "updated": "2022-10-19T22:09:25.579Z"}}, {"model": "main.sessionplayerpartperiod", "pk": 5956, "fields": {"session_player_part": 298, "parameter_set_labels_period": 16, "choice": null, "session_part_period": 496, "majority_choice": null, "timestamp": "2022-10-19T22:09:25.579Z", "updated": "2022-10-19T22:09:25.579Z"}}, {"model": "main.sessionplayerpartperiod", "pk": 5957, "fields": {"session_player_part": 298, "parameter_set_labels_period": 17, "choice": null, "session_part_period": 497, "majority_choice": null, "timestamp": "2022-10-19T22:09:25.579Z", "updated": "2022-10-19T22:09:25.579Z"}}, {"model": "main.sessionplayerpartperiod", "pk": 5958, "fields": {"session_player_part": 298, "parameter_set_labels_period": 18, "choice": null, "session_part_period": 498, "majority_choice": null, "timestamp": "2022-10-19T22:09:25.579Z", "updated": "2022-10-19T22:09:25.579Z"}}, {"model": "main.sessionplayerpartperiod", "pk": 5959, "fields": {"session_player_part": 298, "parameter_set_labels_period": 19, "choice": null, "session_part_period": 499, "majority_choice": null, "timestamp": "2022-10-19T22:09:25.579Z", "updated": "2022-10-19T22:09:25.579Z"}}, {"model": "main.sessionplayerpartperiod", "pk": 5960, "fields": {"session_player_part": 298, "parameter_set_labels_period": 20, "choice": null, "session_part_period": 500, "majority_choice": null, "timestamp": "2022-10-19T22:09:25.579Z", "updated": "2022-10-19T22:09:25.579Z"}}, {"model": "main.sessionplayerpartperiod", "pk": 5961, "fields": {"session_player_part": 299, "parameter_set_labels_period": 1, "choice": null, "session_part_period": 501, "majority_choice": null, "timestamp": "2022-10-19T22:09:25.616Z", "updated": "2022-10-19T22:09:25.616Z"}}, {"model": "main.sessionplayerpartperiod", "pk": 5962, "fields": {"session_player_part": 299, "parameter_set_labels_period": 2, "choice": null, "session_part_period": 502, "majority_choice": null, "timestamp": "2022-10-19T22:09:25.616Z", "updated": "2022-10-19T22:09:25.616Z"}}, {"model": "main.sessionplayerpartperiod", "pk": 5963, "fields": {"session_player_part": 299, "parameter_set_labels_period": 3, "choice": null, "session_part_period": 503, "majority_choice": null, "timestamp": "2022-10-19T22:09:25.616Z", "updated": "2022-10-19T22:09:25.616Z"}}, {"model": "main.sessionplayerpartperiod", "pk": 5964, "fields": {"session_player_part": 299, "parameter_set_labels_period": 4, "choice": null, "session_part_period": 504, "majority_choice": null, "timestamp": "2022-10-19T22:09:25.616Z", "updated": "2022-10-19T22:09:25.616Z"}}, {"model": "main.sessionplayerpartperiod", "pk": 5965, "fields": {"session_player_part": 299, "parameter_set_labels_period": 5, "choice": null, "session_part_period": 505, "majority_choice": null, "timestamp": "2022-10-19T22:09:25.616Z", "updated": "2022-10-19T22:09:25.616Z"}}, {"model": "main.sessionplayerpartperiod", "pk": 5966, "fields": {"session_player_part": 299, "parameter_set_labels_period": 6, "choice": null, "session_part_period": 506, "majority_choice": null, "timestamp": "2022-10-19T22:09:25.616Z", "updated": "2022-10-19T22:09:25.616Z"}}, {"model": "main.sessionplayerpartperiod", "pk": 5967, "fields": {"session_player_part": 299, "parameter_set_labels_period": 61, "choice": null, "session_part_period": 507, "majority_choice": null, "timestamp": "2022-10-19T22:09:25.616Z", "updated": "2022-10-19T22:09:25.616Z"}}, {"model": "main.sessionplayerpartperiod", "pk": 5968, "fields": {"session_player_part": 299, "parameter_set_labels_period": 8, "choice": null, "session_part_period": 508, "majority_choice": null, "timestamp": "2022-10-19T22:09:25.616Z", "updated": "2022-10-19T22:09:25.616Z"}}, {"model": "main.sessionplayerpartperiod", "pk": 5969, "fields": {"session_player_part": 299, "parameter_set_labels_period": 9, "choice": null, "session_part_period": 509, "majority_choice": null, "timestamp": "2022-10-19T22:09:25.616Z", "updated": "2022-10-19T22:09:25.616Z"}}, {"model": "main.sessionplayerpartperiod", "pk": 5970, "fields": {"session_player_part": 299, "parameter_set_labels_period": 10, "choice": null, "session_part_period": 510, "majority_choice": null, "timestamp": "2022-10-19T22:09:25.616Z", "updated": "2022-10-19T22:09:25.616Z"}}, {"model": "main.sessionplayerpartperiod", "pk": 5971, "fields": {"session_player_part": 299, "parameter_set_labels_period": 11, "choice": null, "session_part_period": 511, "majority_choice": null, "timestamp": "2022-10-19T22:09:25.616Z", "updated": "2022-10-19T22:09:25.616Z"}}, {"model": "main.sessionplayerpartperiod", "pk": 5972, "fields": {"session_player_part": 299, "parameter_set_labels_period": 12, "choice": null, "session_part_period": 512, "majority_choice": null, "timestamp": "2022-10-19T22:09:25.616Z", "updated": "2022-10-19T22:09:25.616Z"}}, {"model": "main.sessionplayerpartperiod", "pk": 5973, "fields": {"session_player_part": 299, "parameter_set_labels_period": 13, "choice": null, "session_part_period": 513, "majority_choice": null, "timestamp": "2022-10-19T22:09:25.616Z", "updated": "2022-10-19T22:09:25.616Z"}}, {"model": "main.sessionplayerpartperiod", "pk": 5974, "fields": {"session_player_part": 299, "parameter_set_labels_period": 14, "choice": null, "session_part_period": 514, "majority_choice": null, "timestamp": "2022-10-19T22:09:25.616Z", "updated": "2022-10-19T22:09:25.616Z"}}, {"model": "main.sessionplayerpartperiod", "pk": 5975, "fields": {"session_player_part": 299, "parameter_set_labels_period": 15, "choice": null, "session_part_period": 515, "majority_choice": null, "timestamp": "2022-10-19T22:09:25.616Z", "updated": "2022-10-19T22:09:25.616Z"}}, {"model": "main.sessionplayerpartperiod", "pk": 5976, "fields": {"session_player_part": 299, "parameter_set_labels_period": 16, "choice": null, "session_part_period": 516, "majority_choice": null, "timestamp": "2022-10-19T22:09:25.616Z", "updated": "2022-10-19T22:09:25.616Z"}}, {"model": "main.sessionplayerpartperiod", "pk": 5977, "fields": {"session_player_part": 299, "parameter_set_labels_period": 17, "choice": null, "session_part_period": 517, "majority_choice": null, "timestamp": "2022-10-19T22:09:25.616Z", "updated": "2022-10-19T22:09:25.616Z"}}, {"model": "main.sessionplayerpartperiod", "pk": 5978, "fields": {"session_player_part": 299, "parameter_set_labels_period": 18, "choice": null, "session_part_period": 518, "majority_choice": null, "timestamp": "2022-10-19T22:09:25.616Z", "updated": "2022-10-19T22:09:25.616Z"}}, {"model": "main.sessionplayerpartperiod", "pk": 5979, "fields": {"session_player_part": 299, "parameter_set_labels_period": 19, "choice": null, "session_part_period": 519, "majority_choice": null, "timestamp": "2022-10-19T22:09:25.616Z", "updated": "2022-10-19T22:09:25.616Z"}}, {"model": "main.sessionplayerpartperiod", "pk": 5980, "fields": {"session_player_part": 299, "parameter_set_labels_period": 20, "choice": null, "session_part_period": 520, "majority_choice": null, "timestamp": "2022-10-19T22:09:25.616Z", "updated": "2022-10-19T22:09:25.616Z"}}, {"model": "main.sessionplayerpartperiod", "pk": 5981, "fields": {"session_player_part": 300, "parameter_set_labels_period": 1, "choice": null, "session_part_period": 521, "majority_choice": null, "timestamp": "2022-10-19T22:09:25.654Z", "updated": "2022-10-19T22:09:25.654Z"}}, {"model": "main.sessionplayerpartperiod", "pk": 5982, "fields": {"session_player_part": 300, "parameter_set_labels_period": 2, "choice": null, "session_part_period": 522, "majority_choice": null, "timestamp": "2022-10-19T22:09:25.654Z", "updated": "2022-10-19T22:09:25.654Z"}}, {"model": "main.sessionplayerpartperiod", "pk": 5983, "fields": {"session_player_part": 300, "parameter_set_labels_period": 3, "choice": null, "session_part_period": 523, "majority_choice": null, "timestamp": "2022-10-19T22:09:25.654Z", "updated": "2022-10-19T22:09:25.654Z"}}, {"model": "main.sessionplayerpartperiod", "pk": 5984, "fields": {"session_player_part": 300, "parameter_set_labels_period": 4, "choice": null, "session_part_period": 524, "majority_choice": null, "timestamp": "2022-10-19T22:09:25.654Z", "updated": "2022-10-19T22:09:25.654Z"}}, {"model": "main.sessionplayerpartperiod", "pk": 5985, "fields": {"session_player_part": 300, "parameter_set_labels_period": 5, "choice": null, "session_part_period": 525, "majority_choice": null, "timestamp": "2022-10-19T22:09:25.654Z", "updated": "2022-10-19T22:09:25.654Z"}}, {"model": "main.sessionplayerpartperiod", "pk": 5986, "fields": {"session_player_part": 300, "parameter_set_labels_period": 6, "choice": null, "session_part_period": 526, "majority_choice": null, "timestamp": "2022-10-19T22:09:25.654Z", "updated": "2022-10-19T22:09:25.654Z"}}, {"model": "main.sessionplayerpartperiod", "pk": 5987, "fields": {"session_player_part": 300, "parameter_set_labels_period": 61, "choice": null, "session_part_period": 527, "majority_choice": null, "timestamp": "2022-10-19T22:09:25.654Z", "updated": "2022-10-19T22:09:25.654Z"}}, {"model": "main.sessionplayerpartperiod", "pk": 5988, "fields": {"session_player_part": 300, "parameter_set_labels_period": 8, "choice": null, "session_part_period": 528, "majority_choice": null, "timestamp": "2022-10-19T22:09:25.654Z", "updated": "2022-10-19T22:09:25.654Z"}}, {"model": "main.sessionplayerpartperiod", "pk": 5989, "fields": {"session_player_part": 300, "parameter_set_labels_period": 9, "choice": null, "session_part_period": 529, "majority_choice": null, "timestamp": "2022-10-19T22:09:25.654Z", "updated": "2022-10-19T22:09:25.654Z"}}, {"model": "main.sessionplayerpartperiod", "pk": 5990, "fields": {"session_player_part": 300, "parameter_set_labels_period": 10, "choice": null, "session_part_period": 530, "majority_choice": null, "timestamp": "2022-10-19T22:09:25.654Z", "updated": "2022-10-19T22:09:25.654Z"}}, {"model": "main.sessionplayerpartperiod", "pk": 5991, "fields": {"session_player_part": 300, "parameter_set_labels_period": 11, "choice": null, "session_part_period": 531, "majority_choice": null, "timestamp": "2022-10-19T22:09:25.654Z", "updated": "2022-10-19T22:09:25.654Z"}}, {"model": "main.sessionplayerpartperiod", "pk": 5992, "fields": {"session_player_part": 300, "parameter_set_labels_period": 12, "choice": null, "session_part_period": 532, "majority_choice": null, "timestamp": "2022-10-19T22:09:25.654Z", "updated": "2022-10-19T22:09:25.654Z"}}, {"model": "main.sessionplayerpartperiod", "pk": 5993, "fields": {"session_player_part": 300, "parameter_set_labels_period": 13, "choice": null, "session_part_period": 533, "majority_choice": null, "timestamp": "2022-10-19T22:09:25.654Z", "updated": "2022-10-19T22:09:25.654Z"}}, {"model": "main.sessionplayerpartperiod", "pk": 5994, "fields": {"session_player_part": 300, "parameter_set_labels_period": 14, "choice": null, "session_part_period": 534, "majority_choice": null, "timestamp": "2022-10-19T22:09:25.654Z", "updated": "2022-10-19T22:09:25.654Z"}}, {"model": "main.sessionplayerpartperiod", "pk": 5995, "fields": {"session_player_part": 300, "parameter_set_labels_period": 15, "choice": null, "session_part_period": 535, "majority_choice": null, "timestamp": "2022-10-19T22:09:25.654Z", "updated": "2022-10-19T22:09:25.654Z"}}, {"model": "main.sessionplayerpartperiod", "pk": 5996, "fields": {"session_player_part": 300, "parameter_set_labels_period": 16, "choice": null, "session_part_period": 536, "majority_choice": null, "timestamp": "2022-10-19T22:09:25.654Z", "updated": "2022-10-19T22:09:25.654Z"}}, {"model": "main.sessionplayerpartperiod", "pk": 5997, "fields": {"session_player_part": 300, "parameter_set_labels_period": 17, "choice": null, "session_part_period": 537, "majority_choice": null, "timestamp": "2022-10-19T22:09:25.654Z", "updated": "2022-10-19T22:09:25.654Z"}}, {"model": "main.sessionplayerpartperiod", "pk": 5998, "fields": {"session_player_part": 300, "parameter_set_labels_period": 18, "choice": null, "session_part_period": 538, "majority_choice": null, "timestamp": "2022-10-19T22:09:25.654Z", "updated": "2022-10-19T22:09:25.654Z"}}, {"model": "main.sessionplayerpartperiod", "pk": 5999, "fields": {"session_player_part": 300, "parameter_set_labels_period": 19, "choice": null, "session_part_period": 539, "majority_choice": null, "timestamp": "2022-10-19T22:09:25.654Z", "updated": "2022-10-19T22:09:25.654Z"}}, {"model": "main.sessionplayerpartperiod", "pk": 6000, "fields": {"session_player_part": 300, "parameter_set_labels_period": 20, "choice": null, "session_part_period": 540, "majority_choice": null, "timestamp": "2022-10-19T22:09:25.654Z", "updated": "2022-10-19T22:09:25.654Z"}}, {"model": "main.sessionplayerpartperiod", "pk": 6001, "fields": {"session_player_part": 301, "parameter_set_labels_period": 1, "choice": null, "session_part_period": 481, "majority_choice": null, "timestamp": "2022-10-19T22:09:25.700Z", "updated": "2022-10-19T22:09:25.700Z"}}, {"model": "main.sessionplayerpartperiod", "pk": 6002, "fields": {"session_player_part": 301, "parameter_set_labels_period": 2, "choice": null, "session_part_period": 482, "majority_choice": null, "timestamp": "2022-10-19T22:09:25.700Z", "updated": "2022-10-19T22:09:25.700Z"}}, {"model": "main.sessionplayerpartperiod", "pk": 6003, "fields": {"session_player_part": 301, "parameter_set_labels_period": 3, "choice": null, "session_part_period": 483, "majority_choice": null, "timestamp": "2022-10-19T22:09:25.700Z", "updated": "2022-10-19T22:09:25.700Z"}}, {"model": "main.sessionplayerpartperiod", "pk": 6004, "fields": {"session_player_part": 301, "parameter_set_labels_period": 4, "choice": null, "session_part_period": 484, "majority_choice": null, "timestamp": "2022-10-19T22:09:25.700Z", "updated": "2022-10-19T22:09:25.700Z"}}, {"model": "main.sessionplayerpartperiod", "pk": 6005, "fields": {"session_player_part": 301, "parameter_set_labels_period": 5, "choice": null, "session_part_period": 485, "majority_choice": null, "timestamp": "2022-10-19T22:09:25.700Z", "updated": "2022-10-19T22:09:25.700Z"}}, {"model": "main.sessionplayerpartperiod", "pk": 6006, "fields": {"session_player_part": 301, "parameter_set_labels_period": 6, "choice": null, "session_part_period": 486, "majority_choice": null, "timestamp": "2022-10-19T22:09:25.700Z", "updated": "2022-10-19T22:09:25.700Z"}}, {"model": "main.sessionplayerpartperiod", "pk": 6007, "fields": {"session_player_part": 301, "parameter_set_labels_period": 61, "choice": null, "session_part_period": 487, "majority_choice": null, "timestamp": "2022-10-19T22:09:25.700Z", "updated": "2022-10-19T22:09:25.700Z"}}, {"model": "main.sessionplayerpartperiod", "pk": 6008, "fields": {"session_player_part": 301, "parameter_set_labels_period": 8, "choice": null, "session_part_period": 488, "majority_choice": null, "timestamp": "2022-10-19T22:09:25.700Z", "updated": "2022-10-19T22:09:25.700Z"}}, {"model": "main.sessionplayerpartperiod", "pk": 6009, "fields": {"session_player_part": 301, "parameter_set_labels_period": 9, "choice": null, "session_part_period": 489, "majority_choice": null, "timestamp": "2022-10-19T22:09:25.700Z", "updated": "2022-10-19T22:09:25.700Z"}}, {"model": "main.sessionplayerpartperiod", "pk": 6010, "fields": {"session_player_part": 301, "parameter_set_labels_period": 10, "choice": null, "session_part_period": 490, "majority_choice": null, "timestamp": "2022-10-19T22:09:25.700Z", "updated": "2022-10-19T22:09:25.700Z"}}, {"model": "main.sessionplayerpartperiod", "pk": 6011, "fields": {"session_player_part": 301, "parameter_set_labels_period": 11, "choice": null, "session_part_period": 491, "majority_choice": null, "timestamp": "2022-10-19T22:09:25.700Z", "updated": "2022-10-19T22:09:25.700Z"}}, {"model": "main.sessionplayerpartperiod", "pk": 6012, "fields": {"session_player_part": 301, "parameter_set_labels_period": 12, "choice": null, "session_part_period": 492, "majority_choice": null, "timestamp": "2022-10-19T22:09:25.700Z", "updated": "2022-10-19T22:09:25.700Z"}}, {"model": "main.sessionplayerpartperiod", "pk": 6013, "fields": {"session_player_part": 301, "parameter_set_labels_period": 13, "choice": null, "session_part_period": 493, "majority_choice": null, "timestamp": "2022-10-19T22:09:25.700Z", "updated": "2022-10-19T22:09:25.700Z"}}, {"model": "main.sessionplayerpartperiod", "pk": 6014, "fields": {"session_player_part": 301, "parameter_set_labels_period": 14, "choice": null, "session_part_period": 494, "majority_choice": null, "timestamp": "2022-10-19T22:09:25.700Z", "updated": "2022-10-19T22:09:25.700Z"}}, {"model": "main.sessionplayerpartperiod", "pk": 6015, "fields": {"session_player_part": 301, "parameter_set_labels_period": 15, "choice": null, "session_part_period": 495, "majority_choice": null, "timestamp": "2022-10-19T22:09:25.700Z", "updated": "2022-10-19T22:09:25.700Z"}}, {"model": "main.sessionplayerpartperiod", "pk": 6016, "fields": {"session_player_part": 301, "parameter_set_labels_period": 16, "choice": null, "session_part_period": 496, "majority_choice": null, "timestamp": "2022-10-19T22:09:25.700Z", "updated": "2022-10-19T22:09:25.700Z"}}, {"model": "main.sessionplayerpartperiod", "pk": 6017, "fields": {"session_player_part": 301, "parameter_set_labels_period": 17, "choice": null, "session_part_period": 497, "majority_choice": null, "timestamp": "2022-10-19T22:09:25.700Z", "updated": "2022-10-19T22:09:25.700Z"}}, {"model": "main.sessionplayerpartperiod", "pk": 6018, "fields": {"session_player_part": 301, "parameter_set_labels_period": 18, "choice": null, "session_part_period": 498, "majority_choice": null, "timestamp": "2022-10-19T22:09:25.700Z", "updated": "2022-10-19T22:09:25.700Z"}}, {"model": "main.sessionplayerpartperiod", "pk": 6019, "fields": {"session_player_part": 301, "parameter_set_labels_period": 19, "choice": null, "session_part_period": 499, "majority_choice": null, "timestamp": "2022-10-19T22:09:25.700Z", "updated": "2022-10-19T22:09:25.700Z"}}, {"model": "main.sessionplayerpartperiod", "pk": 6020, "fields": {"session_player_part": 301, "parameter_set_labels_period": 20, "choice": null, "session_part_period": 500, "majority_choice": null, "timestamp": "2022-10-19T22:09:25.700Z", "updated": "2022-10-19T22:09:25.700Z"}}, {"model": "main.sessionplayerpartperiod", "pk": 6021, "fields": {"session_player_part": 302, "parameter_set_labels_period": 21, "choice": null, "session_part_period": 501, "majority_choice": null, "timestamp": "2022-10-19T22:09:25.738Z", "updated": "2022-10-19T22:09:25.738Z"}}, {"model": "main.sessionplayerpartperiod", "pk": 6022, "fields": {"session_player_part": 302, "parameter_set_labels_period": 22, "choice": null, "session_part_period": 502, "majority_choice": null, "timestamp": "2022-10-19T22:09:25.738Z", "updated": "2022-10-19T22:09:25.738Z"}}, {"model": "main.sessionplayerpartperiod", "pk": 6023, "fields": {"session_player_part": 302, "parameter_set_labels_period": 23, "choice": null, "session_part_period": 503, "majority_choice": null, "timestamp": "2022-10-19T22:09:25.738Z", "updated": "2022-10-19T22:09:25.738Z"}}, {"model": "main.sessionplayerpartperiod", "pk": 6024, "fields": {"session_player_part": 302, "parameter_set_labels_period": 24, "choice": null, "session_part_period": 504, "majority_choice": null, "timestamp": "2022-10-19T22:09:25.738Z", "updated": "2022-10-19T22:09:25.738Z"}}, {"model": "main.sessionplayerpartperiod", "pk": 6025, "fields": {"session_player_part": 302, "parameter_set_labels_period": 25, "choice": null, "session_part_period": 505, "majority_choice": null, "timestamp": "2022-10-19T22:09:25.738Z", "updated": "2022-10-19T22:09:25.738Z"}}, {"model": "main.sessionplayerpartperiod", "pk": 6026, "fields": {"session_player_part": 302, "parameter_set_labels_period": 26, "choice": null, "session_part_period": 506, "majority_choice": null, "timestamp": "2022-10-19T22:09:25.738Z", "updated": "2022-10-19T22:09:25.738Z"}}, {"model": "main.sessionplayerpartperiod", "pk": 6027, "fields": {"session_player_part": 302, "parameter_set_labels_period": 27, "choice": null, "session_part_period": 507, "majority_choice": null, "timestamp": "2022-10-19T22:09:25.738Z", "updated": "2022-10-19T22:09:25.738Z"}}, {"model": "main.sessionplayerpartperiod", "pk": 6028, "fields": {"session_player_part": 302, "parameter_set_labels_period": 28, "choice": null, "session_part_period": 508, "majority_choice": null, "timestamp": "2022-10-19T22:09:25.738Z", "updated": "2022-10-19T22:09:25.738Z"}}, {"model": "main.sessionplayerpartperiod", "pk": 6029, "fields": {"session_player_part": 302, "parameter_set_labels_period": 29, "choice": null, "session_part_period": 509, "majority_choice": null, "timestamp": "2022-10-19T22:09:25.738Z", "updated": "2022-10-19T22:09:25.738Z"}}, {"model": "main.sessionplayerpartperiod", "pk": 6030, "fields": {"session_player_part": 302, "parameter_set_labels_period": 30, "choice": null, "session_part_period": 510, "majority_choice": null, "timestamp": "2022-10-19T22:09:25.738Z", "updated": "2022-10-19T22:09:25.738Z"}}, {"model": "main.sessionplayerpartperiod", "pk": 6031, "fields": {"session_player_part": 302, "parameter_set_labels_period": 31, "choice": null, "session_part_period": 511, "majority_choice": null, "timestamp": "2022-10-19T22:09:25.738Z", "updated": "2022-10-19T22:09:25.738Z"}}, {"model": "main.sessionplayerpartperiod", "pk": 6032, "fields": {"session_player_part": 302, "parameter_set_labels_period": 32, "choice": null, "session_part_period": 512, "majority_choice": null, "timestamp": "2022-10-19T22:09:25.738Z", "updated": "2022-10-19T22:09:25.738Z"}}, {"model": "main.sessionplayerpartperiod", "pk": 6033, "fields": {"session_player_part": 302, "parameter_set_labels_period": 33, "choice": null, "session_part_period": 513, "majority_choice": null, "timestamp": "2022-10-19T22:09:25.738Z", "updated": "2022-10-19T22:09:25.738Z"}}, {"model": "main.sessionplayerpartperiod", "pk": 6034, "fields": {"session_player_part": 302, "parameter_set_labels_period": 34, "choice": null, "session_part_period": 514, "majority_choice": null, "timestamp": "2022-10-19T22:09:25.738Z", "updated": "2022-10-19T22:09:25.738Z"}}, {"model": "main.sessionplayerpartperiod", "pk": 6035, "fields": {"session_player_part": 302, "parameter_set_labels_period": 35, "choice": null, "session_part_period": 515, "majority_choice": null, "timestamp": "2022-10-19T22:09:25.738Z", "updated": "2022-10-19T22:09:25.738Z"}}, {"model": "main.sessionplayerpartperiod", "pk": 6036, "fields": {"session_player_part": 302, "parameter_set_labels_period": 36, "choice": null, "session_part_period": 516, "majority_choice": null, "timestamp": "2022-10-19T22:09:25.738Z", "updated": "2022-10-19T22:09:25.738Z"}}, {"model": "main.sessionplayerpartperiod", "pk": 6037, "fields": {"session_player_part": 302, "parameter_set_labels_period": 37, "choice": null, "session_part_period": 517, "majority_choice": null, "timestamp": "2022-10-19T22:09:25.738Z", "updated": "2022-10-19T22:09:25.738Z"}}, {"model": "main.sessionplayerpartperiod", "pk": 6038, "fields": {"session_player_part": 302, "parameter_set_labels_period": 38, "choice": null, "session_part_period": 518, "majority_choice": null, "timestamp": "2022-10-19T22:09:25.738Z", "updated": "2022-10-19T22:09:25.738Z"}}, {"model": "main.sessionplayerpartperiod", "pk": 6039, "fields": {"session_player_part": 302, "parameter_set_labels_period": 39, "choice": null, "session_part_period": 519, "majority_choice": null, "timestamp": "2022-10-19T22:09:25.738Z", "updated": "2022-10-19T22:09:25.738Z"}}, {"model": "main.sessionplayerpartperiod", "pk": 6040, "fields": {"session_player_part": 302, "parameter_set_labels_period": 40, "choice": null, "session_part_period": 520, "majority_choice": null, "timestamp": "2022-10-19T22:09:25.738Z", "updated": "2022-10-19T22:09:25.738Z"}}, {"model": "main.sessionplayerpartperiod", "pk": 6041, "fields": {"session_player_part": 303, "parameter_set_labels_period": 21, "choice": null, "session_part_period": 521, "majority_choice": null, "timestamp": "2022-10-19T22:09:25.775Z", "updated": "2022-10-19T22:09:25.775Z"}}, {"model": "main.sessionplayerpartperiod", "pk": 6042, "fields": {"session_player_part": 303, "parameter_set_labels_period": 22, "choice": null, "session_part_period": 522, "majority_choice": null, "timestamp": "2022-10-19T22:09:25.775Z", "updated": "2022-10-19T22:09:25.775Z"}}, {"model": "main.sessionplayerpartperiod", "pk": 6043, "fields": {"session_player_part": 303, "parameter_set_labels_period": 23, "choice": null, "session_part_period": 523, "majority_choice": null, "timestamp": "2022-10-19T22:09:25.775Z", "updated": "2022-10-19T22:09:25.775Z"}}, {"model": "main.sessionplayerpartperiod", "pk": 6044, "fields": {"session_player_part": 303, "parameter_set_labels_period": 24, "choice": null, "session_part_period": 524, "majority_choice": null, "timestamp": "2022-10-19T22:09:25.775Z", "updated": "2022-10-19T22:09:25.775Z"}}, {"model": "main.sessionplayerpartperiod", "pk": 6045, "fields": {"session_player_part": 303, "parameter_set_labels_period": 25, "choice": null, "session_part_period": 525, "majority_choice": null, "timestamp": "2022-10-19T22:09:25.775Z", "updated": "2022-10-19T22:09:25.775Z"}}, {"model": "main.sessionplayerpartperiod", "pk": 6046, "fields": {"session_player_part": 303, "parameter_set_labels_period": 26, "choice": null, "session_part_period": 526, "majority_choice": null, "timestamp": "2022-10-19T22:09:25.775Z", "updated": "2022-10-19T22:09:25.775Z"}}, {"model": "main.sessionplayerpartperiod", "pk": 6047, "fields": {"session_player_part": 303, "parameter_set_labels_period": 27, "choice": null, "session_part_period": 527, "majority_choice": null, "timestamp": "2022-10-19T22:09:25.775Z", "updated": "2022-10-19T22:09:25.775Z"}}, {"model": "main.sessionplayerpartperiod", "pk": 6048, "fields": {"session_player_part": 303, "parameter_set_labels_period": 28, "choice": null, "session_part_period": 528, "majority_choice": null, "timestamp": "2022-10-19T22:09:25.775Z", "updated": "2022-10-19T22:09:25.775Z"}}, {"model": "main.sessionplayerpartperiod", "pk": 6049, "fields": {"session_player_part": 303, "parameter_set_labels_period": 29, "choice": null, "session_part_period": 529, "majority_choice": null, "timestamp": "2022-10-19T22:09:25.775Z", "updated": "2022-10-19T22:09:25.775Z"}}, {"model": "main.sessionplayerpartperiod", "pk": 6050, "fields": {"session_player_part": 303, "parameter_set_labels_period": 30, "choice": null, "session_part_period": 530, "majority_choice": null, "timestamp": "2022-10-19T22:09:25.775Z", "updated": "2022-10-19T22:09:25.775Z"}}, {"model": "main.sessionplayerpartperiod", "pk": 6051, "fields": {"session_player_part": 303, "parameter_set_labels_period": 31, "choice": null, "session_part_period": 531, "majority_choice": null, "timestamp": "2022-10-19T22:09:25.775Z", "updated": "2022-10-19T22:09:25.775Z"}}, {"model": "main.sessionplayerpartperiod", "pk": 6052, "fields": {"session_player_part": 303, "parameter_set_labels_period": 32, "choice": null, "session_part_period": 532, "majority_choice": null, "timestamp": "2022-10-19T22:09:25.775Z", "updated": "2022-10-19T22:09:25.775Z"}}, {"model": "main.sessionplayerpartperiod", "pk": 6053, "fields": {"session_player_part": 303, "parameter_set_labels_period": 33, "choice": null, "session_part_period": 533, "majority_choice": null, "timestamp": "2022-10-19T22:09:25.775Z", "updated": "2022-10-19T22:09:25.775Z"}}, {"model": "main.sessionplayerpartperiod", "pk": 6054, "fields": {"session_player_part": 303, "parameter_set_labels_period": 34, "choice": null, "session_part_period": 534, "majority_choice": null, "timestamp": "2022-10-19T22:09:25.775Z", "updated": "2022-10-19T22:09:25.775Z"}}, {"model": "main.sessionplayerpartperiod", "pk": 6055, "fields": {"session_player_part": 303, "parameter_set_labels_period": 35, "choice": null, "session_part_period": 535, "majority_choice": null, "timestamp": "2022-10-19T22:09:25.775Z", "updated": "2022-10-19T22:09:25.775Z"}}, {"model": "main.sessionplayerpartperiod", "pk": 6056, "fields": {"session_player_part": 303, "parameter_set_labels_period": 36, "choice": null, "session_part_period": 536, "majority_choice": null, "timestamp": "2022-10-19T22:09:25.775Z", "updated": "2022-10-19T22:09:25.775Z"}}, {"model": "main.sessionplayerpartperiod", "pk": 6057, "fields": {"session_player_part": 303, "parameter_set_labels_period": 37, "choice": null, "session_part_period": 537, "majority_choice": null, "timestamp": "2022-10-19T22:09:25.775Z", "updated": "2022-10-19T22:09:25.775Z"}}, {"model": "main.sessionplayerpartperiod", "pk": 6058, "fields": {"session_player_part": 303, "parameter_set_labels_period": 38, "choice": null, "session_part_period": 538, "majority_choice": null, "timestamp": "2022-10-19T22:09:25.775Z", "updated": "2022-10-19T22:09:25.775Z"}}, {"model": "main.sessionplayerpartperiod", "pk": 6059, "fields": {"session_player_part": 303, "parameter_set_labels_period": 39, "choice": null, "session_part_period": 539, "majority_choice": null, "timestamp": "2022-10-19T22:09:25.775Z", "updated": "2022-10-19T22:09:25.775Z"}}, {"model": "main.sessionplayerpartperiod", "pk": 6060, "fields": {"session_player_part": 303, "parameter_set_labels_period": 40, "choice": null, "session_part_period": 540, "majority_choice": null, "timestamp": "2022-10-19T22:09:25.775Z", "updated": "2022-10-19T22:09:25.775Z"}}, {"model": "main.sessionplayerpartperiod", "pk": 6061, "fields": {"session_player_part": 304, "parameter_set_labels_period": 1, "choice": null, "session_part_period": 481, "majority_choice": null, "timestamp": "2022-10-19T22:09:25.821Z", "updated": "2022-10-19T22:09:25.821Z"}}, {"model": "main.sessionplayerpartperiod", "pk": 6062, "fields": {"session_player_part": 304, "parameter_set_labels_period": 2, "choice": null, "session_part_period": 482, "majority_choice": null, "timestamp": "2022-10-19T22:09:25.821Z", "updated": "2022-10-19T22:09:25.821Z"}}, {"model": "main.sessionplayerpartperiod", "pk": 6063, "fields": {"session_player_part": 304, "parameter_set_labels_period": 3, "choice": null, "session_part_period": 483, "majority_choice": null, "timestamp": "2022-10-19T22:09:25.821Z", "updated": "2022-10-19T22:09:25.821Z"}}, {"model": "main.sessionplayerpartperiod", "pk": 6064, "fields": {"session_player_part": 304, "parameter_set_labels_period": 4, "choice": null, "session_part_period": 484, "majority_choice": null, "timestamp": "2022-10-19T22:09:25.821Z", "updated": "2022-10-19T22:09:25.821Z"}}, {"model": "main.sessionplayerpartperiod", "pk": 6065, "fields": {"session_player_part": 304, "parameter_set_labels_period": 5, "choice": null, "session_part_period": 485, "majority_choice": null, "timestamp": "2022-10-19T22:09:25.821Z", "updated": "2022-10-19T22:09:25.821Z"}}, {"model": "main.sessionplayerpartperiod", "pk": 6066, "fields": {"session_player_part": 304, "parameter_set_labels_period": 6, "choice": null, "session_part_period": 486, "majority_choice": null, "timestamp": "2022-10-19T22:09:25.821Z", "updated": "2022-10-19T22:09:25.821Z"}}, {"model": "main.sessionplayerpartperiod", "pk": 6067, "fields": {"session_player_part": 304, "parameter_set_labels_period": 61, "choice": null, "session_part_period": 487, "majority_choice": null, "timestamp": "2022-10-19T22:09:25.821Z", "updated": "2022-10-19T22:09:25.821Z"}}, {"model": "main.sessionplayerpartperiod", "pk": 6068, "fields": {"session_player_part": 304, "parameter_set_labels_period": 8, "choice": null, "session_part_period": 488, "majority_choice": null, "timestamp": "2022-10-19T22:09:25.821Z", "updated": "2022-10-19T22:09:25.821Z"}}, {"model": "main.sessionplayerpartperiod", "pk": 6069, "fields": {"session_player_part": 304, "parameter_set_labels_period": 9, "choice": null, "session_part_period": 489, "majority_choice": null, "timestamp": "2022-10-19T22:09:25.821Z", "updated": "2022-10-19T22:09:25.821Z"}}, {"model": "main.sessionplayerpartperiod", "pk": 6070, "fields": {"session_player_part": 304, "parameter_set_labels_period": 10, "choice": null, "session_part_period": 490, "majority_choice": null, "timestamp": "2022-10-19T22:09:25.821Z", "updated": "2022-10-19T22:09:25.821Z"}}, {"model": "main.sessionplayerpartperiod", "pk": 6071, "fields": {"session_player_part": 304, "parameter_set_labels_period": 11, "choice": null, "session_part_period": 491, "majority_choice": null, "timestamp": "2022-10-19T22:09:25.821Z", "updated": "2022-10-19T22:09:25.821Z"}}, {"model": "main.sessionplayerpartperiod", "pk": 6072, "fields": {"session_player_part": 304, "parameter_set_labels_period": 12, "choice": null, "session_part_period": 492, "majority_choice": null, "timestamp": "2022-10-19T22:09:25.821Z", "updated": "2022-10-19T22:09:25.821Z"}}, {"model": "main.sessionplayerpartperiod", "pk": 6073, "fields": {"session_player_part": 304, "parameter_set_labels_period": 13, "choice": null, "session_part_period": 493, "majority_choice": null, "timestamp": "2022-10-19T22:09:25.821Z", "updated": "2022-10-19T22:09:25.821Z"}}, {"model": "main.sessionplayerpartperiod", "pk": 6074, "fields": {"session_player_part": 304, "parameter_set_labels_period": 14, "choice": null, "session_part_period": 494, "majority_choice": null, "timestamp": "2022-10-19T22:09:25.821Z", "updated": "2022-10-19T22:09:25.821Z"}}, {"model": "main.sessionplayerpartperiod", "pk": 6075, "fields": {"session_player_part": 304, "parameter_set_labels_period": 15, "choice": null, "session_part_period": 495, "majority_choice": null, "timestamp": "2022-10-19T22:09:25.821Z", "updated": "2022-10-19T22:09:25.821Z"}}, {"model": "main.sessionplayerpartperiod", "pk": 6076, "fields": {"session_player_part": 304, "parameter_set_labels_period": 16, "choice": null, "session_part_period": 496, "majority_choice": null, "timestamp": "2022-10-19T22:09:25.821Z", "updated": "2022-10-19T22:09:25.821Z"}}, {"model": "main.sessionplayerpartperiod", "pk": 6077, "fields": {"session_player_part": 304, "parameter_set_labels_period": 17, "choice": null, "session_part_period": 497, "majority_choice": null, "timestamp": "2022-10-19T22:09:25.821Z", "updated": "2022-10-19T22:09:25.821Z"}}, {"model": "main.sessionplayerpartperiod", "pk": 6078, "fields": {"session_player_part": 304, "parameter_set_labels_period": 18, "choice": null, "session_part_period": 498, "majority_choice": null, "timestamp": "2022-10-19T22:09:25.821Z", "updated": "2022-10-19T22:09:25.821Z"}}, {"model": "main.sessionplayerpartperiod", "pk": 6079, "fields": {"session_player_part": 304, "parameter_set_labels_period": 19, "choice": null, "session_part_period": 499, "majority_choice": null, "timestamp": "2022-10-19T22:09:25.821Z", "updated": "2022-10-19T22:09:25.821Z"}}, {"model": "main.sessionplayerpartperiod", "pk": 6080, "fields": {"session_player_part": 304, "parameter_set_labels_period": 20, "choice": null, "session_part_period": 500, "majority_choice": null, "timestamp": "2022-10-19T22:09:25.821Z", "updated": "2022-10-19T22:09:25.821Z"}}, {"model": "main.sessionplayerpartperiod", "pk": 6081, "fields": {"session_player_part": 305, "parameter_set_labels_period": 41, "choice": null, "session_part_period": 501, "majority_choice": null, "timestamp": "2022-10-19T22:09:25.857Z", "updated": "2022-10-19T22:09:25.857Z"}}, {"model": "main.sessionplayerpartperiod", "pk": 6082, "fields": {"session_player_part": 305, "parameter_set_labels_period": 42, "choice": null, "session_part_period": 502, "majority_choice": null, "timestamp": "2022-10-19T22:09:25.857Z", "updated": "2022-10-19T22:09:25.857Z"}}, {"model": "main.sessionplayerpartperiod", "pk": 6083, "fields": {"session_player_part": 305, "parameter_set_labels_period": 43, "choice": null, "session_part_period": 503, "majority_choice": null, "timestamp": "2022-10-19T22:09:25.857Z", "updated": "2022-10-19T22:09:25.857Z"}}, {"model": "main.sessionplayerpartperiod", "pk": 6084, "fields": {"session_player_part": 305, "parameter_set_labels_period": 44, "choice": null, "session_part_period": 504, "majority_choice": null, "timestamp": "2022-10-19T22:09:25.857Z", "updated": "2022-10-19T22:09:25.857Z"}}, {"model": "main.sessionplayerpartperiod", "pk": 6085, "fields": {"session_player_part": 305, "parameter_set_labels_period": 45, "choice": null, "session_part_period": 505, "majority_choice": null, "timestamp": "2022-10-19T22:09:25.857Z", "updated": "2022-10-19T22:09:25.857Z"}}, {"model": "main.sessionplayerpartperiod", "pk": 6086, "fields": {"session_player_part": 305, "parameter_set_labels_period": 46, "choice": null, "session_part_period": 506, "majority_choice": null, "timestamp": "2022-10-19T22:09:25.857Z", "updated": "2022-10-19T22:09:25.857Z"}}, {"model": "main.sessionplayerpartperiod", "pk": 6087, "fields": {"session_player_part": 305, "parameter_set_labels_period": 47, "choice": null, "session_part_period": 507, "majority_choice": null, "timestamp": "2022-10-19T22:09:25.857Z", "updated": "2022-10-19T22:09:25.857Z"}}, {"model": "main.sessionplayerpartperiod", "pk": 6088, "fields": {"session_player_part": 305, "parameter_set_labels_period": 48, "choice": null, "session_part_period": 508, "majority_choice": null, "timestamp": "2022-10-19T22:09:25.857Z", "updated": "2022-10-19T22:09:25.857Z"}}, {"model": "main.sessionplayerpartperiod", "pk": 6089, "fields": {"session_player_part": 305, "parameter_set_labels_period": 49, "choice": null, "session_part_period": 509, "majority_choice": null, "timestamp": "2022-10-19T22:09:25.857Z", "updated": "2022-10-19T22:09:25.857Z"}}, {"model": "main.sessionplayerpartperiod", "pk": 6090, "fields": {"session_player_part": 305, "parameter_set_labels_period": 50, "choice": null, "session_part_period": 510, "majority_choice": null, "timestamp": "2022-10-19T22:09:25.857Z", "updated": "2022-10-19T22:09:25.857Z"}}, {"model": "main.sessionplayerpartperiod", "pk": 6091, "fields": {"session_player_part": 305, "parameter_set_labels_period": 51, "choice": null, "session_part_period": 511, "majority_choice": null, "timestamp": "2022-10-19T22:09:25.858Z", "updated": "2022-10-19T22:09:25.858Z"}}, {"model": "main.sessionplayerpartperiod", "pk": 6092, "fields": {"session_player_part": 305, "parameter_set_labels_period": 52, "choice": null, "session_part_period": 512, "majority_choice": null, "timestamp": "2022-10-19T22:09:25.858Z", "updated": "2022-10-19T22:09:25.858Z"}}, {"model": "main.sessionplayerpartperiod", "pk": 6093, "fields": {"session_player_part": 305, "parameter_set_labels_period": 53, "choice": null, "session_part_period": 513, "majority_choice": null, "timestamp": "2022-10-19T22:09:25.858Z", "updated": "2022-10-19T22:09:25.858Z"}}, {"model": "main.sessionplayerpartperiod", "pk": 6094, "fields": {"session_player_part": 305, "parameter_set_labels_period": 54, "choice": null, "session_part_period": 514, "majority_choice": null, "timestamp": "2022-10-19T22:09:25.858Z", "updated": "2022-10-19T22:09:25.858Z"}}, {"model": "main.sessionplayerpartperiod", "pk": 6095, "fields": {"session_player_part": 305, "parameter_set_labels_period": 55, "choice": null, "session_part_period": 515, "majority_choice": null, "timestamp": "2022-10-19T22:09:25.858Z", "updated": "2022-10-19T22:09:25.858Z"}}, {"model": "main.sessionplayerpartperiod", "pk": 6096, "fields": {"session_player_part": 305, "parameter_set_labels_period": 56, "choice": null, "session_part_period": 516, "majority_choice": null, "timestamp": "2022-10-19T22:09:25.858Z", "updated": "2022-10-19T22:09:25.858Z"}}, {"model": "main.sessionplayerpartperiod", "pk": 6097, "fields": {"session_player_part": 305, "parameter_set_labels_period": 57, "choice": null, "session_part_period": 517, "majority_choice": null, "timestamp": "2022-10-19T22:09:25.858Z", "updated": "2022-10-19T22:09:25.858Z"}}, {"model": "main.sessionplayerpartperiod", "pk": 6098, "fields": {"session_player_part": 305, "parameter_set_labels_period": 58, "choice": null, "session_part_period": 518, "majority_choice": null, "timestamp": "2022-10-19T22:09:25.858Z", "updated": "2022-10-19T22:09:25.858Z"}}, {"model": "main.sessionplayerpartperiod", "pk": 6099, "fields": {"session_player_part": 305, "parameter_set_labels_period": 59, "choice": null, "session_part_period": 519, "majority_choice": null, "timestamp": "2022-10-19T22:09:25.858Z", "updated": "2022-10-19T22:09:25.858Z"}}, {"model": "main.sessionplayerpartperiod", "pk": 6100, "fields": {"session_player_part": 305, "parameter_set_labels_period": 60, "choice": null, "session_part_period": 520, "majority_choice": null, "timestamp": "2022-10-19T22:09:25.858Z", "updated": "2022-10-19T22:09:25.858Z"}}, {"model": "main.sessionplayerpartperiod", "pk": 6101, "fields": {"session_player_part": 306, "parameter_set_labels_period": 21, "choice": null, "session_part_period": 521, "majority_choice": null, "timestamp": "2022-10-19T22:09:25.894Z", "updated": "2022-10-19T22:09:25.894Z"}}, {"model": "main.sessionplayerpartperiod", "pk": 6102, "fields": {"session_player_part": 306, "parameter_set_labels_period": 22, "choice": null, "session_part_period": 522, "majority_choice": null, "timestamp": "2022-10-19T22:09:25.894Z", "updated": "2022-10-19T22:09:25.894Z"}}, {"model": "main.sessionplayerpartperiod", "pk": 6103, "fields": {"session_player_part": 306, "parameter_set_labels_period": 23, "choice": null, "session_part_period": 523, "majority_choice": null, "timestamp": "2022-10-19T22:09:25.894Z", "updated": "2022-10-19T22:09:25.894Z"}}, {"model": "main.sessionplayerpartperiod", "pk": 6104, "fields": {"session_player_part": 306, "parameter_set_labels_period": 24, "choice": null, "session_part_period": 524, "majority_choice": null, "timestamp": "2022-10-19T22:09:25.894Z", "updated": "2022-10-19T22:09:25.894Z"}}, {"model": "main.sessionplayerpartperiod", "pk": 6105, "fields": {"session_player_part": 306, "parameter_set_labels_period": 25, "choice": null, "session_part_period": 525, "majority_choice": null, "timestamp": "2022-10-19T22:09:25.894Z", "updated": "2022-10-19T22:09:25.894Z"}}, {"model": "main.sessionplayerpartperiod", "pk": 6106, "fields": {"session_player_part": 306, "parameter_set_labels_period": 26, "choice": null, "session_part_period": 526, "majority_choice": null, "timestamp": "2022-10-19T22:09:25.894Z", "updated": "2022-10-19T22:09:25.894Z"}}, {"model": "main.sessionplayerpartperiod", "pk": 6107, "fields": {"session_player_part": 306, "parameter_set_labels_period": 27, "choice": null, "session_part_period": 527, "majority_choice": null, "timestamp": "2022-10-19T22:09:25.894Z", "updated": "2022-10-19T22:09:25.894Z"}}, {"model": "main.sessionplayerpartperiod", "pk": 6108, "fields": {"session_player_part": 306, "parameter_set_labels_period": 28, "choice": null, "session_part_period": 528, "majority_choice": null, "timestamp": "2022-10-19T22:09:25.894Z", "updated": "2022-10-19T22:09:25.894Z"}}, {"model": "main.sessionplayerpartperiod", "pk": 6109, "fields": {"session_player_part": 306, "parameter_set_labels_period": 29, "choice": null, "session_part_period": 529, "majority_choice": null, "timestamp": "2022-10-19T22:09:25.894Z", "updated": "2022-10-19T22:09:25.894Z"}}, {"model": "main.sessionplayerpartperiod", "pk": 6110, "fields": {"session_player_part": 306, "parameter_set_labels_period": 30, "choice": null, "session_part_period": 530, "majority_choice": null, "timestamp": "2022-10-19T22:09:25.894Z", "updated": "2022-10-19T22:09:25.894Z"}}, {"model": "main.sessionplayerpartperiod", "pk": 6111, "fields": {"session_player_part": 306, "parameter_set_labels_period": 31, "choice": null, "session_part_period": 531, "majority_choice": null, "timestamp": "2022-10-19T22:09:25.894Z", "updated": "2022-10-19T22:09:25.894Z"}}, {"model": "main.sessionplayerpartperiod", "pk": 6112, "fields": {"session_player_part": 306, "parameter_set_labels_period": 32, "choice": null, "session_part_period": 532, "majority_choice": null, "timestamp": "2022-10-19T22:09:25.894Z", "updated": "2022-10-19T22:09:25.894Z"}}, {"model": "main.sessionplayerpartperiod", "pk": 6113, "fields": {"session_player_part": 306, "parameter_set_labels_period": 33, "choice": null, "session_part_period": 533, "majority_choice": null, "timestamp": "2022-10-19T22:09:25.894Z", "updated": "2022-10-19T22:09:25.894Z"}}, {"model": "main.sessionplayerpartperiod", "pk": 6114, "fields": {"session_player_part": 306, "parameter_set_labels_period": 34, "choice": null, "session_part_period": 534, "majority_choice": null, "timestamp": "2022-10-19T22:09:25.894Z", "updated": "2022-10-19T22:09:25.894Z"}}, {"model": "main.sessionplayerpartperiod", "pk": 6115, "fields": {"session_player_part": 306, "parameter_set_labels_period": 35, "choice": null, "session_part_period": 535, "majority_choice": null, "timestamp": "2022-10-19T22:09:25.894Z", "updated": "2022-10-19T22:09:25.894Z"}}, {"model": "main.sessionplayerpartperiod", "pk": 6116, "fields": {"session_player_part": 306, "parameter_set_labels_period": 36, "choice": null, "session_part_period": 536, "majority_choice": null, "timestamp": "2022-10-19T22:09:25.894Z", "updated": "2022-10-19T22:09:25.894Z"}}, {"model": "main.sessionplayerpartperiod", "pk": 6117, "fields": {"session_player_part": 306, "parameter_set_labels_period": 37, "choice": null, "session_part_period": 537, "majority_choice": null, "timestamp": "2022-10-19T22:09:25.894Z", "updated": "2022-10-19T22:09:25.894Z"}}, {"model": "main.sessionplayerpartperiod", "pk": 6118, "fields": {"session_player_part": 306, "parameter_set_labels_period": 38, "choice": null, "session_part_period": 538, "majority_choice": null, "timestamp": "2022-10-19T22:09:25.894Z", "updated": "2022-10-19T22:09:25.894Z"}}, {"model": "main.sessionplayerpartperiod", "pk": 6119, "fields": {"session_player_part": 306, "parameter_set_labels_period": 39, "choice": null, "session_part_period": 539, "majority_choice": null, "timestamp": "2022-10-19T22:09:25.894Z", "updated": "2022-10-19T22:09:25.894Z"}}, {"model": "main.sessionplayerpartperiod", "pk": 6120, "fields": {"session_player_part": 306, "parameter_set_labels_period": 40, "choice": null, "session_part_period": 540, "majority_choice": null, "timestamp": "2022-10-19T22:09:25.894Z", "updated": "2022-10-19T22:09:25.894Z"}}, {"model": "main.sessionplayerpartperiod", "pk": 6121, "fields": {"session_player_part": 307, "parameter_set_labels_period": 1, "choice": null, "session_part_period": 481, "majority_choice": null, "timestamp": "2022-10-19T22:09:25.938Z", "updated": "2022-10-19T22:09:25.938Z"}}, {"model": "main.sessionplayerpartperiod", "pk": 6122, "fields": {"session_player_part": 307, "parameter_set_labels_period": 2, "choice": null, "session_part_period": 482, "majority_choice": null, "timestamp": "2022-10-19T22:09:25.938Z", "updated": "2022-10-19T22:09:25.938Z"}}, {"model": "main.sessionplayerpartperiod", "pk": 6123, "fields": {"session_player_part": 307, "parameter_set_labels_period": 3, "choice": null, "session_part_period": 483, "majority_choice": null, "timestamp": "2022-10-19T22:09:25.938Z", "updated": "2022-10-19T22:09:25.938Z"}}, {"model": "main.sessionplayerpartperiod", "pk": 6124, "fields": {"session_player_part": 307, "parameter_set_labels_period": 4, "choice": null, "session_part_period": 484, "majority_choice": null, "timestamp": "2022-10-19T22:09:25.938Z", "updated": "2022-10-19T22:09:25.938Z"}}, {"model": "main.sessionplayerpartperiod", "pk": 6125, "fields": {"session_player_part": 307, "parameter_set_labels_period": 5, "choice": null, "session_part_period": 485, "majority_choice": null, "timestamp": "2022-10-19T22:09:25.938Z", "updated": "2022-10-19T22:09:25.938Z"}}, {"model": "main.sessionplayerpartperiod", "pk": 6126, "fields": {"session_player_part": 307, "parameter_set_labels_period": 6, "choice": null, "session_part_period": 486, "majority_choice": null, "timestamp": "2022-10-19T22:09:25.938Z", "updated": "2022-10-19T22:09:25.938Z"}}, {"model": "main.sessionplayerpartperiod", "pk": 6127, "fields": {"session_player_part": 307, "parameter_set_labels_period": 61, "choice": null, "session_part_period": 487, "majority_choice": null, "timestamp": "2022-10-19T22:09:25.938Z", "updated": "2022-10-19T22:09:25.938Z"}}, {"model": "main.sessionplayerpartperiod", "pk": 6128, "fields": {"session_player_part": 307, "parameter_set_labels_period": 8, "choice": null, "session_part_period": 488, "majority_choice": null, "timestamp": "2022-10-19T22:09:25.938Z", "updated": "2022-10-19T22:09:25.938Z"}}, {"model": "main.sessionplayerpartperiod", "pk": 6129, "fields": {"session_player_part": 307, "parameter_set_labels_period": 9, "choice": null, "session_part_period": 489, "majority_choice": null, "timestamp": "2022-10-19T22:09:25.938Z", "updated": "2022-10-19T22:09:25.938Z"}}, {"model": "main.sessionplayerpartperiod", "pk": 6130, "fields": {"session_player_part": 307, "parameter_set_labels_period": 10, "choice": null, "session_part_period": 490, "majority_choice": null, "timestamp": "2022-10-19T22:09:25.938Z", "updated": "2022-10-19T22:09:25.938Z"}}, {"model": "main.sessionplayerpartperiod", "pk": 6131, "fields": {"session_player_part": 307, "parameter_set_labels_period": 11, "choice": null, "session_part_period": 491, "majority_choice": null, "timestamp": "2022-10-19T22:09:25.938Z", "updated": "2022-10-19T22:09:25.938Z"}}, {"model": "main.sessionplayerpartperiod", "pk": 6132, "fields": {"session_player_part": 307, "parameter_set_labels_period": 12, "choice": null, "session_part_period": 492, "majority_choice": null, "timestamp": "2022-10-19T22:09:25.938Z", "updated": "2022-10-19T22:09:25.938Z"}}, {"model": "main.sessionplayerpartperiod", "pk": 6133, "fields": {"session_player_part": 307, "parameter_set_labels_period": 13, "choice": null, "session_part_period": 493, "majority_choice": null, "timestamp": "2022-10-19T22:09:25.939Z", "updated": "2022-10-19T22:09:25.939Z"}}, {"model": "main.sessionplayerpartperiod", "pk": 6134, "fields": {"session_player_part": 307, "parameter_set_labels_period": 14, "choice": null, "session_part_period": 494, "majority_choice": null, "timestamp": "2022-10-19T22:09:25.939Z", "updated": "2022-10-19T22:09:25.939Z"}}, {"model": "main.sessionplayerpartperiod", "pk": 6135, "fields": {"session_player_part": 307, "parameter_set_labels_period": 15, "choice": null, "session_part_period": 495, "majority_choice": null, "timestamp": "2022-10-19T22:09:25.939Z", "updated": "2022-10-19T22:09:25.939Z"}}, {"model": "main.sessionplayerpartperiod", "pk": 6136, "fields": {"session_player_part": 307, "parameter_set_labels_period": 16, "choice": null, "session_part_period": 496, "majority_choice": null, "timestamp": "2022-10-19T22:09:25.939Z", "updated": "2022-10-19T22:09:25.939Z"}}, {"model": "main.sessionplayerpartperiod", "pk": 6137, "fields": {"session_player_part": 307, "parameter_set_labels_period": 17, "choice": null, "session_part_period": 497, "majority_choice": null, "timestamp": "2022-10-19T22:09:25.939Z", "updated": "2022-10-19T22:09:25.939Z"}}, {"model": "main.sessionplayerpartperiod", "pk": 6138, "fields": {"session_player_part": 307, "parameter_set_labels_period": 18, "choice": null, "session_part_period": 498, "majority_choice": null, "timestamp": "2022-10-19T22:09:25.939Z", "updated": "2022-10-19T22:09:25.939Z"}}, {"model": "main.sessionplayerpartperiod", "pk": 6139, "fields": {"session_player_part": 307, "parameter_set_labels_period": 19, "choice": null, "session_part_period": 499, "majority_choice": null, "timestamp": "2022-10-19T22:09:25.939Z", "updated": "2022-10-19T22:09:25.939Z"}}, {"model": "main.sessionplayerpartperiod", "pk": 6140, "fields": {"session_player_part": 307, "parameter_set_labels_period": 20, "choice": null, "session_part_period": 500, "majority_choice": null, "timestamp": "2022-10-19T22:09:25.939Z", "updated": "2022-10-19T22:09:25.939Z"}}, {"model": "main.sessionplayerpartperiod", "pk": 6141, "fields": {"session_player_part": 308, "parameter_set_labels_period": 1, "choice": null, "session_part_period": 501, "majority_choice": null, "timestamp": "2022-10-19T22:09:25.975Z", "updated": "2022-10-19T22:09:25.975Z"}}, {"model": "main.sessionplayerpartperiod", "pk": 6142, "fields": {"session_player_part": 308, "parameter_set_labels_period": 2, "choice": null, "session_part_period": 502, "majority_choice": null, "timestamp": "2022-10-19T22:09:25.975Z", "updated": "2022-10-19T22:09:25.975Z"}}, {"model": "main.sessionplayerpartperiod", "pk": 6143, "fields": {"session_player_part": 308, "parameter_set_labels_period": 3, "choice": null, "session_part_period": 503, "majority_choice": null, "timestamp": "2022-10-19T22:09:25.975Z", "updated": "2022-10-19T22:09:25.975Z"}}, {"model": "main.sessionplayerpartperiod", "pk": 6144, "fields": {"session_player_part": 308, "parameter_set_labels_period": 4, "choice": null, "session_part_period": 504, "majority_choice": null, "timestamp": "2022-10-19T22:09:25.975Z", "updated": "2022-10-19T22:09:25.975Z"}}, {"model": "main.sessionplayerpartperiod", "pk": 6145, "fields": {"session_player_part": 308, "parameter_set_labels_period": 5, "choice": null, "session_part_period": 505, "majority_choice": null, "timestamp": "2022-10-19T22:09:25.975Z", "updated": "2022-10-19T22:09:25.975Z"}}, {"model": "main.sessionplayerpartperiod", "pk": 6146, "fields": {"session_player_part": 308, "parameter_set_labels_period": 6, "choice": null, "session_part_period": 506, "majority_choice": null, "timestamp": "2022-10-19T22:09:25.975Z", "updated": "2022-10-19T22:09:25.975Z"}}, {"model": "main.sessionplayerpartperiod", "pk": 6147, "fields": {"session_player_part": 308, "parameter_set_labels_period": 61, "choice": null, "session_part_period": 507, "majority_choice": null, "timestamp": "2022-10-19T22:09:25.975Z", "updated": "2022-10-19T22:09:25.975Z"}}, {"model": "main.sessionplayerpartperiod", "pk": 6148, "fields": {"session_player_part": 308, "parameter_set_labels_period": 8, "choice": null, "session_part_period": 508, "majority_choice": null, "timestamp": "2022-10-19T22:09:25.975Z", "updated": "2022-10-19T22:09:25.975Z"}}, {"model": "main.sessionplayerpartperiod", "pk": 6149, "fields": {"session_player_part": 308, "parameter_set_labels_period": 9, "choice": null, "session_part_period": 509, "majority_choice": null, "timestamp": "2022-10-19T22:09:25.975Z", "updated": "2022-10-19T22:09:25.975Z"}}, {"model": "main.sessionplayerpartperiod", "pk": 6150, "fields": {"session_player_part": 308, "parameter_set_labels_period": 10, "choice": null, "session_part_period": 510, "majority_choice": null, "timestamp": "2022-10-19T22:09:25.975Z", "updated": "2022-10-19T22:09:25.975Z"}}, {"model": "main.sessionplayerpartperiod", "pk": 6151, "fields": {"session_player_part": 308, "parameter_set_labels_period": 11, "choice": null, "session_part_period": 511, "majority_choice": null, "timestamp": "2022-10-19T22:09:25.975Z", "updated": "2022-10-19T22:09:25.975Z"}}, {"model": "main.sessionplayerpartperiod", "pk": 6152, "fields": {"session_player_part": 308, "parameter_set_labels_period": 12, "choice": null, "session_part_period": 512, "majority_choice": null, "timestamp": "2022-10-19T22:09:25.975Z", "updated": "2022-10-19T22:09:25.975Z"}}, {"model": "main.sessionplayerpartperiod", "pk": 6153, "fields": {"session_player_part": 308, "parameter_set_labels_period": 13, "choice": null, "session_part_period": 513, "majority_choice": null, "timestamp": "2022-10-19T22:09:25.975Z", "updated": "2022-10-19T22:09:25.975Z"}}, {"model": "main.sessionplayerpartperiod", "pk": 6154, "fields": {"session_player_part": 308, "parameter_set_labels_period": 14, "choice": null, "session_part_period": 514, "majority_choice": null, "timestamp": "2022-10-19T22:09:25.975Z", "updated": "2022-10-19T22:09:25.975Z"}}, {"model": "main.sessionplayerpartperiod", "pk": 6155, "fields": {"session_player_part": 308, "parameter_set_labels_period": 15, "choice": null, "session_part_period": 515, "majority_choice": null, "timestamp": "2022-10-19T22:09:25.975Z", "updated": "2022-10-19T22:09:25.975Z"}}, {"model": "main.sessionplayerpartperiod", "pk": 6156, "fields": {"session_player_part": 308, "parameter_set_labels_period": 16, "choice": null, "session_part_period": 516, "majority_choice": null, "timestamp": "2022-10-19T22:09:25.975Z", "updated": "2022-10-19T22:09:25.975Z"}}, {"model": "main.sessionplayerpartperiod", "pk": 6157, "fields": {"session_player_part": 308, "parameter_set_labels_period": 17, "choice": null, "session_part_period": 517, "majority_choice": null, "timestamp": "2022-10-19T22:09:25.975Z", "updated": "2022-10-19T22:09:25.975Z"}}, {"model": "main.sessionplayerpartperiod", "pk": 6158, "fields": {"session_player_part": 308, "parameter_set_labels_period": 18, "choice": null, "session_part_period": 518, "majority_choice": null, "timestamp": "2022-10-19T22:09:25.975Z", "updated": "2022-10-19T22:09:25.975Z"}}, {"model": "main.sessionplayerpartperiod", "pk": 6159, "fields": {"session_player_part": 308, "parameter_set_labels_period": 19, "choice": null, "session_part_period": 519, "majority_choice": null, "timestamp": "2022-10-19T22:09:25.975Z", "updated": "2022-10-19T22:09:25.975Z"}}, {"model": "main.sessionplayerpartperiod", "pk": 6160, "fields": {"session_player_part": 308, "parameter_set_labels_period": 20, "choice": null, "session_part_period": 520, "majority_choice": null, "timestamp": "2022-10-19T22:09:25.975Z", "updated": "2022-10-19T22:09:25.975Z"}}, {"model": "main.sessionplayerpartperiod", "pk": 6161, "fields": {"session_player_part": 309, "parameter_set_labels_period": 21, "choice": null, "session_part_period": 521, "majority_choice": null, "timestamp": "2022-10-19T22:09:26.011Z", "updated": "2022-10-19T22:09:26.011Z"}}, {"model": "main.sessionplayerpartperiod", "pk": 6162, "fields": {"session_player_part": 309, "parameter_set_labels_period": 22, "choice": null, "session_part_period": 522, "majority_choice": null, "timestamp": "2022-10-19T22:09:26.011Z", "updated": "2022-10-19T22:09:26.011Z"}}, {"model": "main.sessionplayerpartperiod", "pk": 6163, "fields": {"session_player_part": 309, "parameter_set_labels_period": 23, "choice": null, "session_part_period": 523, "majority_choice": null, "timestamp": "2022-10-19T22:09:26.011Z", "updated": "2022-10-19T22:09:26.011Z"}}, {"model": "main.sessionplayerpartperiod", "pk": 6164, "fields": {"session_player_part": 309, "parameter_set_labels_period": 24, "choice": null, "session_part_period": 524, "majority_choice": null, "timestamp": "2022-10-19T22:09:26.011Z", "updated": "2022-10-19T22:09:26.011Z"}}, {"model": "main.sessionplayerpartperiod", "pk": 6165, "fields": {"session_player_part": 309, "parameter_set_labels_period": 25, "choice": null, "session_part_period": 525, "majority_choice": null, "timestamp": "2022-10-19T22:09:26.011Z", "updated": "2022-10-19T22:09:26.011Z"}}, {"model": "main.sessionplayerpartperiod", "pk": 6166, "fields": {"session_player_part": 309, "parameter_set_labels_period": 26, "choice": null, "session_part_period": 526, "majority_choice": null, "timestamp": "2022-10-19T22:09:26.011Z", "updated": "2022-10-19T22:09:26.011Z"}}, {"model": "main.sessionplayerpartperiod", "pk": 6167, "fields": {"session_player_part": 309, "parameter_set_labels_period": 27, "choice": null, "session_part_period": 527, "majority_choice": null, "timestamp": "2022-10-19T22:09:26.011Z", "updated": "2022-10-19T22:09:26.011Z"}}, {"model": "main.sessionplayerpartperiod", "pk": 6168, "fields": {"session_player_part": 309, "parameter_set_labels_period": 28, "choice": null, "session_part_period": 528, "majority_choice": null, "timestamp": "2022-10-19T22:09:26.011Z", "updated": "2022-10-19T22:09:26.011Z"}}, {"model": "main.sessionplayerpartperiod", "pk": 6169, "fields": {"session_player_part": 309, "parameter_set_labels_period": 29, "choice": null, "session_part_period": 529, "majority_choice": null, "timestamp": "2022-10-19T22:09:26.011Z", "updated": "2022-10-19T22:09:26.011Z"}}, {"model": "main.sessionplayerpartperiod", "pk": 6170, "fields": {"session_player_part": 309, "parameter_set_labels_period": 30, "choice": null, "session_part_period": 530, "majority_choice": null, "timestamp": "2022-10-19T22:09:26.011Z", "updated": "2022-10-19T22:09:26.011Z"}}, {"model": "main.sessionplayerpartperiod", "pk": 6171, "fields": {"session_player_part": 309, "parameter_set_labels_period": 31, "choice": null, "session_part_period": 531, "majority_choice": null, "timestamp": "2022-10-19T22:09:26.011Z", "updated": "2022-10-19T22:09:26.011Z"}}, {"model": "main.sessionplayerpartperiod", "pk": 6172, "fields": {"session_player_part": 309, "parameter_set_labels_period": 32, "choice": null, "session_part_period": 532, "majority_choice": null, "timestamp": "2022-10-19T22:09:26.011Z", "updated": "2022-10-19T22:09:26.011Z"}}, {"model": "main.sessionplayerpartperiod", "pk": 6173, "fields": {"session_player_part": 309, "parameter_set_labels_period": 33, "choice": null, "session_part_period": 533, "majority_choice": null, "timestamp": "2022-10-19T22:09:26.011Z", "updated": "2022-10-19T22:09:26.011Z"}}, {"model": "main.sessionplayerpartperiod", "pk": 6174, "fields": {"session_player_part": 309, "parameter_set_labels_period": 34, "choice": null, "session_part_period": 534, "majority_choice": null, "timestamp": "2022-10-19T22:09:26.011Z", "updated": "2022-10-19T22:09:26.011Z"}}, {"model": "main.sessionplayerpartperiod", "pk": 6175, "fields": {"session_player_part": 309, "parameter_set_labels_period": 35, "choice": null, "session_part_period": 535, "majority_choice": null, "timestamp": "2022-10-19T22:09:26.011Z", "updated": "2022-10-19T22:09:26.011Z"}}, {"model": "main.sessionplayerpartperiod", "pk": 6176, "fields": {"session_player_part": 309, "parameter_set_labels_period": 36, "choice": null, "session_part_period": 536, "majority_choice": null, "timestamp": "2022-10-19T22:09:26.011Z", "updated": "2022-10-19T22:09:26.011Z"}}, {"model": "main.sessionplayerpartperiod", "pk": 6177, "fields": {"session_player_part": 309, "parameter_set_labels_period": 37, "choice": null, "session_part_period": 537, "majority_choice": null, "timestamp": "2022-10-19T22:09:26.011Z", "updated": "2022-10-19T22:09:26.011Z"}}, {"model": "main.sessionplayerpartperiod", "pk": 6178, "fields": {"session_player_part": 309, "parameter_set_labels_period": 38, "choice": null, "session_part_period": 538, "majority_choice": null, "timestamp": "2022-10-19T22:09:26.011Z", "updated": "2022-10-19T22:09:26.011Z"}}, {"model": "main.sessionplayerpartperiod", "pk": 6179, "fields": {"session_player_part": 309, "parameter_set_labels_period": 39, "choice": null, "session_part_period": 539, "majority_choice": null, "timestamp": "2022-10-19T22:09:26.011Z", "updated": "2022-10-19T22:09:26.011Z"}}, {"model": "main.sessionplayerpartperiod", "pk": 6180, "fields": {"session_player_part": 309, "parameter_set_labels_period": 40, "choice": null, "session_part_period": 540, "majority_choice": null, "timestamp": "2022-10-19T22:09:26.011Z", "updated": "2022-10-19T22:09:26.011Z"}}, {"model": "main.sessionplayerpartperiod", "pk": 6181, "fields": {"session_player_part": 310, "parameter_set_labels_period": 1, "choice": null, "session_part_period": 481, "majority_choice": null, "timestamp": "2022-10-19T22:09:26.057Z", "updated": "2022-10-19T22:09:26.057Z"}}, {"model": "main.sessionplayerpartperiod", "pk": 6182, "fields": {"session_player_part": 310, "parameter_set_labels_period": 2, "choice": null, "session_part_period": 482, "majority_choice": null, "timestamp": "2022-10-19T22:09:26.057Z", "updated": "2022-10-19T22:09:26.057Z"}}, {"model": "main.sessionplayerpartperiod", "pk": 6183, "fields": {"session_player_part": 310, "parameter_set_labels_period": 3, "choice": null, "session_part_period": 483, "majority_choice": null, "timestamp": "2022-10-19T22:09:26.057Z", "updated": "2022-10-19T22:09:26.057Z"}}, {"model": "main.sessionplayerpartperiod", "pk": 6184, "fields": {"session_player_part": 310, "parameter_set_labels_period": 4, "choice": null, "session_part_period": 484, "majority_choice": null, "timestamp": "2022-10-19T22:09:26.057Z", "updated": "2022-10-19T22:09:26.057Z"}}, {"model": "main.sessionplayerpartperiod", "pk": 6185, "fields": {"session_player_part": 310, "parameter_set_labels_period": 5, "choice": null, "session_part_period": 485, "majority_choice": null, "timestamp": "2022-10-19T22:09:26.057Z", "updated": "2022-10-19T22:09:26.057Z"}}, {"model": "main.sessionplayerpartperiod", "pk": 6186, "fields": {"session_player_part": 310, "parameter_set_labels_period": 6, "choice": null, "session_part_period": 486, "majority_choice": null, "timestamp": "2022-10-19T22:09:26.057Z", "updated": "2022-10-19T22:09:26.057Z"}}, {"model": "main.sessionplayerpartperiod", "pk": 6187, "fields": {"session_player_part": 310, "parameter_set_labels_period": 61, "choice": null, "session_part_period": 487, "majority_choice": null, "timestamp": "2022-10-19T22:09:26.057Z", "updated": "2022-10-19T22:09:26.057Z"}}, {"model": "main.sessionplayerpartperiod", "pk": 6188, "fields": {"session_player_part": 310, "parameter_set_labels_period": 8, "choice": null, "session_part_period": 488, "majority_choice": null, "timestamp": "2022-10-19T22:09:26.057Z", "updated": "2022-10-19T22:09:26.057Z"}}, {"model": "main.sessionplayerpartperiod", "pk": 6189, "fields": {"session_player_part": 310, "parameter_set_labels_period": 9, "choice": null, "session_part_period": 489, "majority_choice": null, "timestamp": "2022-10-19T22:09:26.057Z", "updated": "2022-10-19T22:09:26.057Z"}}, {"model": "main.sessionplayerpartperiod", "pk": 6190, "fields": {"session_player_part": 310, "parameter_set_labels_period": 10, "choice": null, "session_part_period": 490, "majority_choice": null, "timestamp": "2022-10-19T22:09:26.057Z", "updated": "2022-10-19T22:09:26.057Z"}}, {"model": "main.sessionplayerpartperiod", "pk": 6191, "fields": {"session_player_part": 310, "parameter_set_labels_period": 11, "choice": null, "session_part_period": 491, "majority_choice": null, "timestamp": "2022-10-19T22:09:26.057Z", "updated": "2022-10-19T22:09:26.057Z"}}, {"model": "main.sessionplayerpartperiod", "pk": 6192, "fields": {"session_player_part": 310, "parameter_set_labels_period": 12, "choice": null, "session_part_period": 492, "majority_choice": null, "timestamp": "2022-10-19T22:09:26.057Z", "updated": "2022-10-19T22:09:26.057Z"}}, {"model": "main.sessionplayerpartperiod", "pk": 6193, "fields": {"session_player_part": 310, "parameter_set_labels_period": 13, "choice": null, "session_part_period": 493, "majority_choice": null, "timestamp": "2022-10-19T22:09:26.057Z", "updated": "2022-10-19T22:09:26.057Z"}}, {"model": "main.sessionplayerpartperiod", "pk": 6194, "fields": {"session_player_part": 310, "parameter_set_labels_period": 14, "choice": null, "session_part_period": 494, "majority_choice": null, "timestamp": "2022-10-19T22:09:26.057Z", "updated": "2022-10-19T22:09:26.057Z"}}, {"model": "main.sessionplayerpartperiod", "pk": 6195, "fields": {"session_player_part": 310, "parameter_set_labels_period": 15, "choice": null, "session_part_period": 495, "majority_choice": null, "timestamp": "2022-10-19T22:09:26.057Z", "updated": "2022-10-19T22:09:26.057Z"}}, {"model": "main.sessionplayerpartperiod", "pk": 6196, "fields": {"session_player_part": 310, "parameter_set_labels_period": 16, "choice": null, "session_part_period": 496, "majority_choice": null, "timestamp": "2022-10-19T22:09:26.057Z", "updated": "2022-10-19T22:09:26.057Z"}}, {"model": "main.sessionplayerpartperiod", "pk": 6197, "fields": {"session_player_part": 310, "parameter_set_labels_period": 17, "choice": null, "session_part_period": 497, "majority_choice": null, "timestamp": "2022-10-19T22:09:26.057Z", "updated": "2022-10-19T22:09:26.057Z"}}, {"model": "main.sessionplayerpartperiod", "pk": 6198, "fields": {"session_player_part": 310, "parameter_set_labels_period": 18, "choice": null, "session_part_period": 498, "majority_choice": null, "timestamp": "2022-10-19T22:09:26.057Z", "updated": "2022-10-19T22:09:26.057Z"}}, {"model": "main.sessionplayerpartperiod", "pk": 6199, "fields": {"session_player_part": 310, "parameter_set_labels_period": 19, "choice": null, "session_part_period": 499, "majority_choice": null, "timestamp": "2022-10-19T22:09:26.057Z", "updated": "2022-10-19T22:09:26.057Z"}}, {"model": "main.sessionplayerpartperiod", "pk": 6200, "fields": {"session_player_part": 310, "parameter_set_labels_period": 20, "choice": null, "session_part_period": 500, "majority_choice": null, "timestamp": "2022-10-19T22:09:26.057Z", "updated": "2022-10-19T22:09:26.057Z"}}, {"model": "main.sessionplayerpartperiod", "pk": 6201, "fields": {"session_player_part": 311, "parameter_set_labels_period": 21, "choice": null, "session_part_period": 501, "majority_choice": null, "timestamp": "2022-10-19T22:09:26.093Z", "updated": "2022-10-19T22:09:26.093Z"}}, {"model": "main.sessionplayerpartperiod", "pk": 6202, "fields": {"session_player_part": 311, "parameter_set_labels_period": 22, "choice": null, "session_part_period": 502, "majority_choice": null, "timestamp": "2022-10-19T22:09:26.093Z", "updated": "2022-10-19T22:09:26.093Z"}}, {"model": "main.sessionplayerpartperiod", "pk": 6203, "fields": {"session_player_part": 311, "parameter_set_labels_period": 23, "choice": null, "session_part_period": 503, "majority_choice": null, "timestamp": "2022-10-19T22:09:26.093Z", "updated": "2022-10-19T22:09:26.093Z"}}, {"model": "main.sessionplayerpartperiod", "pk": 6204, "fields": {"session_player_part": 311, "parameter_set_labels_period": 24, "choice": null, "session_part_period": 504, "majority_choice": null, "timestamp": "2022-10-19T22:09:26.093Z", "updated": "2022-10-19T22:09:26.093Z"}}, {"model": "main.sessionplayerpartperiod", "pk": 6205, "fields": {"session_player_part": 311, "parameter_set_labels_period": 25, "choice": null, "session_part_period": 505, "majority_choice": null, "timestamp": "2022-10-19T22:09:26.093Z", "updated": "2022-10-19T22:09:26.093Z"}}, {"model": "main.sessionplayerpartperiod", "pk": 6206, "fields": {"session_player_part": 311, "parameter_set_labels_period": 26, "choice": null, "session_part_period": 506, "majority_choice": null, "timestamp": "2022-10-19T22:09:26.093Z", "updated": "2022-10-19T22:09:26.093Z"}}, {"model": "main.sessionplayerpartperiod", "pk": 6207, "fields": {"session_player_part": 311, "parameter_set_labels_period": 27, "choice": null, "session_part_period": 507, "majority_choice": null, "timestamp": "2022-10-19T22:09:26.093Z", "updated": "2022-10-19T22:09:26.093Z"}}, {"model": "main.sessionplayerpartperiod", "pk": 6208, "fields": {"session_player_part": 311, "parameter_set_labels_period": 28, "choice": null, "session_part_period": 508, "majority_choice": null, "timestamp": "2022-10-19T22:09:26.093Z", "updated": "2022-10-19T22:09:26.093Z"}}, {"model": "main.sessionplayerpartperiod", "pk": 6209, "fields": {"session_player_part": 311, "parameter_set_labels_period": 29, "choice": null, "session_part_period": 509, "majority_choice": null, "timestamp": "2022-10-19T22:09:26.093Z", "updated": "2022-10-19T22:09:26.093Z"}}, {"model": "main.sessionplayerpartperiod", "pk": 6210, "fields": {"session_player_part": 311, "parameter_set_labels_period": 30, "choice": null, "session_part_period": 510, "majority_choice": null, "timestamp": "2022-10-19T22:09:26.093Z", "updated": "2022-10-19T22:09:26.093Z"}}, {"model": "main.sessionplayerpartperiod", "pk": 6211, "fields": {"session_player_part": 311, "parameter_set_labels_period": 31, "choice": null, "session_part_period": 511, "majority_choice": null, "timestamp": "2022-10-19T22:09:26.093Z", "updated": "2022-10-19T22:09:26.093Z"}}, {"model": "main.sessionplayerpartperiod", "pk": 6212, "fields": {"session_player_part": 311, "parameter_set_labels_period": 32, "choice": null, "session_part_period": 512, "majority_choice": null, "timestamp": "2022-10-19T22:09:26.093Z", "updated": "2022-10-19T22:09:26.093Z"}}, {"model": "main.sessionplayerpartperiod", "pk": 6213, "fields": {"session_player_part": 311, "parameter_set_labels_period": 33, "choice": null, "session_part_period": 513, "majority_choice": null, "timestamp": "2022-10-19T22:09:26.093Z", "updated": "2022-10-19T22:09:26.093Z"}}, {"model": "main.sessionplayerpartperiod", "pk": 6214, "fields": {"session_player_part": 311, "parameter_set_labels_period": 34, "choice": null, "session_part_period": 514, "majority_choice": null, "timestamp": "2022-10-19T22:09:26.093Z", "updated": "2022-10-19T22:09:26.093Z"}}, {"model": "main.sessionplayerpartperiod", "pk": 6215, "fields": {"session_player_part": 311, "parameter_set_labels_period": 35, "choice": null, "session_part_period": 515, "majority_choice": null, "timestamp": "2022-10-19T22:09:26.093Z", "updated": "2022-10-19T22:09:26.093Z"}}, {"model": "main.sessionplayerpartperiod", "pk": 6216, "fields": {"session_player_part": 311, "parameter_set_labels_period": 36, "choice": null, "session_part_period": 516, "majority_choice": null, "timestamp": "2022-10-19T22:09:26.093Z", "updated": "2022-10-19T22:09:26.093Z"}}, {"model": "main.sessionplayerpartperiod", "pk": 6217, "fields": {"session_player_part": 311, "parameter_set_labels_period": 37, "choice": null, "session_part_period": 517, "majority_choice": null, "timestamp": "2022-10-19T22:09:26.093Z", "updated": "2022-10-19T22:09:26.093Z"}}, {"model": "main.sessionplayerpartperiod", "pk": 6218, "fields": {"session_player_part": 311, "parameter_set_labels_period": 38, "choice": null, "session_part_period": 518, "majority_choice": null, "timestamp": "2022-10-19T22:09:26.093Z", "updated": "2022-10-19T22:09:26.093Z"}}, {"model": "main.sessionplayerpartperiod", "pk": 6219, "fields": {"session_player_part": 311, "parameter_set_labels_period": 39, "choice": null, "session_part_period": 519, "majority_choice": null, "timestamp": "2022-10-19T22:09:26.093Z", "updated": "2022-10-19T22:09:26.093Z"}}, {"model": "main.sessionplayerpartperiod", "pk": 6220, "fields": {"session_player_part": 311, "parameter_set_labels_period": 40, "choice": null, "session_part_period": 520, "majority_choice": null, "timestamp": "2022-10-19T22:09:26.093Z", "updated": "2022-10-19T22:09:26.093Z"}}, {"model": "main.sessionplayerpartperiod", "pk": 6221, "fields": {"session_player_part": 312, "parameter_set_labels_period": 21, "choice": null, "session_part_period": 521, "majority_choice": null, "timestamp": "2022-10-19T22:09:26.129Z", "updated": "2022-10-19T22:09:26.129Z"}}, {"model": "main.sessionplayerpartperiod", "pk": 6222, "fields": {"session_player_part": 312, "parameter_set_labels_period": 22, "choice": null, "session_part_period": 522, "majority_choice": null, "timestamp": "2022-10-19T22:09:26.129Z", "updated": "2022-10-19T22:09:26.129Z"}}, {"model": "main.sessionplayerpartperiod", "pk": 6223, "fields": {"session_player_part": 312, "parameter_set_labels_period": 23, "choice": null, "session_part_period": 523, "majority_choice": null, "timestamp": "2022-10-19T22:09:26.129Z", "updated": "2022-10-19T22:09:26.129Z"}}, {"model": "main.sessionplayerpartperiod", "pk": 6224, "fields": {"session_player_part": 312, "parameter_set_labels_period": 24, "choice": null, "session_part_period": 524, "majority_choice": null, "timestamp": "2022-10-19T22:09:26.129Z", "updated": "2022-10-19T22:09:26.129Z"}}, {"model": "main.sessionplayerpartperiod", "pk": 6225, "fields": {"session_player_part": 312, "parameter_set_labels_period": 25, "choice": null, "session_part_period": 525, "majority_choice": null, "timestamp": "2022-10-19T22:09:26.129Z", "updated": "2022-10-19T22:09:26.129Z"}}, {"model": "main.sessionplayerpartperiod", "pk": 6226, "fields": {"session_player_part": 312, "parameter_set_labels_period": 26, "choice": null, "session_part_period": 526, "majority_choice": null, "timestamp": "2022-10-19T22:09:26.129Z", "updated": "2022-10-19T22:09:26.129Z"}}, {"model": "main.sessionplayerpartperiod", "pk": 6227, "fields": {"session_player_part": 312, "parameter_set_labels_period": 27, "choice": null, "session_part_period": 527, "majority_choice": null, "timestamp": "2022-10-19T22:09:26.129Z", "updated": "2022-10-19T22:09:26.129Z"}}, {"model": "main.sessionplayerpartperiod", "pk": 6228, "fields": {"session_player_part": 312, "parameter_set_labels_period": 28, "choice": null, "session_part_period": 528, "majority_choice": null, "timestamp": "2022-10-19T22:09:26.129Z", "updated": "2022-10-19T22:09:26.129Z"}}, {"model": "main.sessionplayerpartperiod", "pk": 6229, "fields": {"session_player_part": 312, "parameter_set_labels_period": 29, "choice": null, "session_part_period": 529, "majority_choice": null, "timestamp": "2022-10-19T22:09:26.129Z", "updated": "2022-10-19T22:09:26.129Z"}}, {"model": "main.sessionplayerpartperiod", "pk": 6230, "fields": {"session_player_part": 312, "parameter_set_labels_period": 30, "choice": null, "session_part_period": 530, "majority_choice": null, "timestamp": "2022-10-19T22:09:26.129Z", "updated": "2022-10-19T22:09:26.129Z"}}, {"model": "main.sessionplayerpartperiod", "pk": 6231, "fields": {"session_player_part": 312, "parameter_set_labels_period": 31, "choice": null, "session_part_period": 531, "majority_choice": null, "timestamp": "2022-10-19T22:09:26.129Z", "updated": "2022-10-19T22:09:26.129Z"}}, {"model": "main.sessionplayerpartperiod", "pk": 6232, "fields": {"session_player_part": 312, "parameter_set_labels_period": 32, "choice": null, "session_part_period": 532, "majority_choice": null, "timestamp": "2022-10-19T22:09:26.129Z", "updated": "2022-10-19T22:09:26.129Z"}}, {"model": "main.sessionplayerpartperiod", "pk": 6233, "fields": {"session_player_part": 312, "parameter_set_labels_period": 33, "choice": null, "session_part_period": 533, "majority_choice": null, "timestamp": "2022-10-19T22:09:26.129Z", "updated": "2022-10-19T22:09:26.129Z"}}, {"model": "main.sessionplayerpartperiod", "pk": 6234, "fields": {"session_player_part": 312, "parameter_set_labels_period": 34, "choice": null, "session_part_period": 534, "majority_choice": null, "timestamp": "2022-10-19T22:09:26.129Z", "updated": "2022-10-19T22:09:26.129Z"}}, {"model": "main.sessionplayerpartperiod", "pk": 6235, "fields": {"session_player_part": 312, "parameter_set_labels_period": 35, "choice": null, "session_part_period": 535, "majority_choice": null, "timestamp": "2022-10-19T22:09:26.129Z", "updated": "2022-10-19T22:09:26.129Z"}}, {"model": "main.sessionplayerpartperiod", "pk": 6236, "fields": {"session_player_part": 312, "parameter_set_labels_period": 36, "choice": null, "session_part_period": 536, "majority_choice": null, "timestamp": "2022-10-19T22:09:26.129Z", "updated": "2022-10-19T22:09:26.129Z"}}, {"model": "main.sessionplayerpartperiod", "pk": 6237, "fields": {"session_player_part": 312, "parameter_set_labels_period": 37, "choice": null, "session_part_period": 537, "majority_choice": null, "timestamp": "2022-10-19T22:09:26.129Z", "updated": "2022-10-19T22:09:26.129Z"}}, {"model": "main.sessionplayerpartperiod", "pk": 6238, "fields": {"session_player_part": 312, "parameter_set_labels_period": 38, "choice": null, "session_part_period": 538, "majority_choice": null, "timestamp": "2022-10-19T22:09:26.129Z", "updated": "2022-10-19T22:09:26.129Z"}}, {"model": "main.sessionplayerpartperiod", "pk": 6239, "fields": {"session_player_part": 312, "parameter_set_labels_period": 39, "choice": null, "session_part_period": 539, "majority_choice": null, "timestamp": "2022-10-19T22:09:26.129Z", "updated": "2022-10-19T22:09:26.129Z"}}, {"model": "main.sessionplayerpartperiod", "pk": 6240, "fields": {"session_player_part": 312, "parameter_set_labels_period": 40, "choice": null, "session_part_period": 540, "majority_choice": null, "timestamp": "2022-10-19T22:09:26.129Z", "updated": "2022-10-19T22:09:26.129Z"}}, {"model": "main.sessionplayerpartperiod", "pk": 6241, "fields": {"session_player_part": 313, "parameter_set_labels_period": 1, "choice": null, "session_part_period": 481, "majority_choice": null, "timestamp": "2022-10-19T22:09:26.174Z", "updated": "2022-10-19T22:09:26.174Z"}}, {"model": "main.sessionplayerpartperiod", "pk": 6242, "fields": {"session_player_part": 313, "parameter_set_labels_period": 2, "choice": null, "session_part_period": 482, "majority_choice": null, "timestamp": "2022-10-19T22:09:26.174Z", "updated": "2022-10-19T22:09:26.174Z"}}, {"model": "main.sessionplayerpartperiod", "pk": 6243, "fields": {"session_player_part": 313, "parameter_set_labels_period": 3, "choice": null, "session_part_period": 483, "majority_choice": null, "timestamp": "2022-10-19T22:09:26.174Z", "updated": "2022-10-19T22:09:26.174Z"}}, {"model": "main.sessionplayerpartperiod", "pk": 6244, "fields": {"session_player_part": 313, "parameter_set_labels_period": 4, "choice": null, "session_part_period": 484, "majority_choice": null, "timestamp": "2022-10-19T22:09:26.174Z", "updated": "2022-10-19T22:09:26.174Z"}}, {"model": "main.sessionplayerpartperiod", "pk": 6245, "fields": {"session_player_part": 313, "parameter_set_labels_period": 5, "choice": null, "session_part_period": 485, "majority_choice": null, "timestamp": "2022-10-19T22:09:26.174Z", "updated": "2022-10-19T22:09:26.174Z"}}, {"model": "main.sessionplayerpartperiod", "pk": 6246, "fields": {"session_player_part": 313, "parameter_set_labels_period": 6, "choice": null, "session_part_period": 486, "majority_choice": null, "timestamp": "2022-10-19T22:09:26.174Z", "updated": "2022-10-19T22:09:26.174Z"}}, {"model": "main.sessionplayerpartperiod", "pk": 6247, "fields": {"session_player_part": 313, "parameter_set_labels_period": 61, "choice": null, "session_part_period": 487, "majority_choice": null, "timestamp": "2022-10-19T22:09:26.174Z", "updated": "2022-10-19T22:09:26.174Z"}}, {"model": "main.sessionplayerpartperiod", "pk": 6248, "fields": {"session_player_part": 313, "parameter_set_labels_period": 8, "choice": null, "session_part_period": 488, "majority_choice": null, "timestamp": "2022-10-19T22:09:26.174Z", "updated": "2022-10-19T22:09:26.174Z"}}, {"model": "main.sessionplayerpartperiod", "pk": 6249, "fields": {"session_player_part": 313, "parameter_set_labels_period": 9, "choice": null, "session_part_period": 489, "majority_choice": null, "timestamp": "2022-10-19T22:09:26.174Z", "updated": "2022-10-19T22:09:26.174Z"}}, {"model": "main.sessionplayerpartperiod", "pk": 6250, "fields": {"session_player_part": 313, "parameter_set_labels_period": 10, "choice": null, "session_part_period": 490, "majority_choice": null, "timestamp": "2022-10-19T22:09:26.174Z", "updated": "2022-10-19T22:09:26.174Z"}}, {"model": "main.sessionplayerpartperiod", "pk": 6251, "fields": {"session_player_part": 313, "parameter_set_labels_period": 11, "choice": null, "session_part_period": 491, "majority_choice": null, "timestamp": "2022-10-19T22:09:26.174Z", "updated": "2022-10-19T22:09:26.174Z"}}, {"model": "main.sessionplayerpartperiod", "pk": 6252, "fields": {"session_player_part": 313, "parameter_set_labels_period": 12, "choice": null, "session_part_period": 492, "majority_choice": null, "timestamp": "2022-10-19T22:09:26.174Z", "updated": "2022-10-19T22:09:26.174Z"}}, {"model": "main.sessionplayerpartperiod", "pk": 6253, "fields": {"session_player_part": 313, "parameter_set_labels_period": 13, "choice": null, "session_part_period": 493, "majority_choice": null, "timestamp": "2022-10-19T22:09:26.174Z", "updated": "2022-10-19T22:09:26.174Z"}}, {"model": "main.sessionplayerpartperiod", "pk": 6254, "fields": {"session_player_part": 313, "parameter_set_labels_period": 14, "choice": null, "session_part_period": 494, "majority_choice": null, "timestamp": "2022-10-19T22:09:26.174Z", "updated": "2022-10-19T22:09:26.174Z"}}, {"model": "main.sessionplayerpartperiod", "pk": 6255, "fields": {"session_player_part": 313, "parameter_set_labels_period": 15, "choice": null, "session_part_period": 495, "majority_choice": null, "timestamp": "2022-10-19T22:09:26.174Z", "updated": "2022-10-19T22:09:26.174Z"}}, {"model": "main.sessionplayerpartperiod", "pk": 6256, "fields": {"session_player_part": 313, "parameter_set_labels_period": 16, "choice": null, "session_part_period": 496, "majority_choice": null, "timestamp": "2022-10-19T22:09:26.174Z", "updated": "2022-10-19T22:09:26.174Z"}}, {"model": "main.sessionplayerpartperiod", "pk": 6257, "fields": {"session_player_part": 313, "parameter_set_labels_period": 17, "choice": null, "session_part_period": 497, "majority_choice": null, "timestamp": "2022-10-19T22:09:26.174Z", "updated": "2022-10-19T22:09:26.174Z"}}, {"model": "main.sessionplayerpartperiod", "pk": 6258, "fields": {"session_player_part": 313, "parameter_set_labels_period": 18, "choice": null, "session_part_period": 498, "majority_choice": null, "timestamp": "2022-10-19T22:09:26.174Z", "updated": "2022-10-19T22:09:26.174Z"}}, {"model": "main.sessionplayerpartperiod", "pk": 6259, "fields": {"session_player_part": 313, "parameter_set_labels_period": 19, "choice": null, "session_part_period": 499, "majority_choice": null, "timestamp": "2022-10-19T22:09:26.174Z", "updated": "2022-10-19T22:09:26.174Z"}}, {"model": "main.sessionplayerpartperiod", "pk": 6260, "fields": {"session_player_part": 313, "parameter_set_labels_period": 20, "choice": null, "session_part_period": 500, "majority_choice": null, "timestamp": "2022-10-19T22:09:26.174Z", "updated": "2022-10-19T22:09:26.174Z"}}, {"model": "main.sessionplayerpartperiod", "pk": 6261, "fields": {"session_player_part": 314, "parameter_set_labels_period": 41, "choice": null, "session_part_period": 501, "majority_choice": null, "timestamp": "2022-10-19T22:09:26.210Z", "updated": "2022-10-19T22:09:26.210Z"}}, {"model": "main.sessionplayerpartperiod", "pk": 6262, "fields": {"session_player_part": 314, "parameter_set_labels_period": 42, "choice": null, "session_part_period": 502, "majority_choice": null, "timestamp": "2022-10-19T22:09:26.210Z", "updated": "2022-10-19T22:09:26.210Z"}}, {"model": "main.sessionplayerpartperiod", "pk": 6263, "fields": {"session_player_part": 314, "parameter_set_labels_period": 43, "choice": null, "session_part_period": 503, "majority_choice": null, "timestamp": "2022-10-19T22:09:26.210Z", "updated": "2022-10-19T22:09:26.210Z"}}, {"model": "main.sessionplayerpartperiod", "pk": 6264, "fields": {"session_player_part": 314, "parameter_set_labels_period": 44, "choice": null, "session_part_period": 504, "majority_choice": null, "timestamp": "2022-10-19T22:09:26.210Z", "updated": "2022-10-19T22:09:26.210Z"}}, {"model": "main.sessionplayerpartperiod", "pk": 6265, "fields": {"session_player_part": 314, "parameter_set_labels_period": 45, "choice": null, "session_part_period": 505, "majority_choice": null, "timestamp": "2022-10-19T22:09:26.210Z", "updated": "2022-10-19T22:09:26.210Z"}}, {"model": "main.sessionplayerpartperiod", "pk": 6266, "fields": {"session_player_part": 314, "parameter_set_labels_period": 46, "choice": null, "session_part_period": 506, "majority_choice": null, "timestamp": "2022-10-19T22:09:26.210Z", "updated": "2022-10-19T22:09:26.210Z"}}, {"model": "main.sessionplayerpartperiod", "pk": 6267, "fields": {"session_player_part": 314, "parameter_set_labels_period": 47, "choice": null, "session_part_period": 507, "majority_choice": null, "timestamp": "2022-10-19T22:09:26.210Z", "updated": "2022-10-19T22:09:26.210Z"}}, {"model": "main.sessionplayerpartperiod", "pk": 6268, "fields": {"session_player_part": 314, "parameter_set_labels_period": 48, "choice": null, "session_part_period": 508, "majority_choice": null, "timestamp": "2022-10-19T22:09:26.210Z", "updated": "2022-10-19T22:09:26.210Z"}}, {"model": "main.sessionplayerpartperiod", "pk": 6269, "fields": {"session_player_part": 314, "parameter_set_labels_period": 49, "choice": null, "session_part_period": 509, "majority_choice": null, "timestamp": "2022-10-19T22:09:26.210Z", "updated": "2022-10-19T22:09:26.210Z"}}, {"model": "main.sessionplayerpartperiod", "pk": 6270, "fields": {"session_player_part": 314, "parameter_set_labels_period": 50, "choice": null, "session_part_period": 510, "majority_choice": null, "timestamp": "2022-10-19T22:09:26.210Z", "updated": "2022-10-19T22:09:26.210Z"}}, {"model": "main.sessionplayerpartperiod", "pk": 6271, "fields": {"session_player_part": 314, "parameter_set_labels_period": 51, "choice": null, "session_part_period": 511, "majority_choice": null, "timestamp": "2022-10-19T22:09:26.210Z", "updated": "2022-10-19T22:09:26.210Z"}}, {"model": "main.sessionplayerpartperiod", "pk": 6272, "fields": {"session_player_part": 314, "parameter_set_labels_period": 52, "choice": null, "session_part_period": 512, "majority_choice": null, "timestamp": "2022-10-19T22:09:26.210Z", "updated": "2022-10-19T22:09:26.210Z"}}, {"model": "main.sessionplayerpartperiod", "pk": 6273, "fields": {"session_player_part": 314, "parameter_set_labels_period": 53, "choice": null, "session_part_period": 513, "majority_choice": null, "timestamp": "2022-10-19T22:09:26.210Z", "updated": "2022-10-19T22:09:26.210Z"}}, {"model": "main.sessionplayerpartperiod", "pk": 6274, "fields": {"session_player_part": 314, "parameter_set_labels_period": 54, "choice": null, "session_part_period": 514, "majority_choice": null, "timestamp": "2022-10-19T22:09:26.210Z", "updated": "2022-10-19T22:09:26.210Z"}}, {"model": "main.sessionplayerpartperiod", "pk": 6275, "fields": {"session_player_part": 314, "parameter_set_labels_period": 55, "choice": null, "session_part_period": 515, "majority_choice": null, "timestamp": "2022-10-19T22:09:26.210Z", "updated": "2022-10-19T22:09:26.210Z"}}, {"model": "main.sessionplayerpartperiod", "pk": 6276, "fields": {"session_player_part": 314, "parameter_set_labels_period": 56, "choice": null, "session_part_period": 516, "majority_choice": null, "timestamp": "2022-10-19T22:09:26.210Z", "updated": "2022-10-19T22:09:26.210Z"}}, {"model": "main.sessionplayerpartperiod", "pk": 6277, "fields": {"session_player_part": 314, "parameter_set_labels_period": 57, "choice": null, "session_part_period": 517, "majority_choice": null, "timestamp": "2022-10-19T22:09:26.210Z", "updated": "2022-10-19T22:09:26.210Z"}}, {"model": "main.sessionplayerpartperiod", "pk": 6278, "fields": {"session_player_part": 314, "parameter_set_labels_period": 58, "choice": null, "session_part_period": 518, "majority_choice": null, "timestamp": "2022-10-19T22:09:26.210Z", "updated": "2022-10-19T22:09:26.210Z"}}, {"model": "main.sessionplayerpartperiod", "pk": 6279, "fields": {"session_player_part": 314, "parameter_set_labels_period": 59, "choice": null, "session_part_period": 519, "majority_choice": null, "timestamp": "2022-10-19T22:09:26.210Z", "updated": "2022-10-19T22:09:26.210Z"}}, {"model": "main.sessionplayerpartperiod", "pk": 6280, "fields": {"session_player_part": 314, "parameter_set_labels_period": 60, "choice": null, "session_part_period": 520, "majority_choice": null, "timestamp": "2022-10-19T22:09:26.210Z", "updated": "2022-10-19T22:09:26.210Z"}}, {"model": "main.sessionplayerpartperiod", "pk": 6281, "fields": {"session_player_part": 315, "parameter_set_labels_period": 41, "choice": null, "session_part_period": 521, "majority_choice": null, "timestamp": "2022-10-19T22:09:26.246Z", "updated": "2022-10-19T22:09:26.246Z"}}, {"model": "main.sessionplayerpartperiod", "pk": 6282, "fields": {"session_player_part": 315, "parameter_set_labels_period": 42, "choice": null, "session_part_period": 522, "majority_choice": null, "timestamp": "2022-10-19T22:09:26.246Z", "updated": "2022-10-19T22:09:26.246Z"}}, {"model": "main.sessionplayerpartperiod", "pk": 6283, "fields": {"session_player_part": 315, "parameter_set_labels_period": 43, "choice": null, "session_part_period": 523, "majority_choice": null, "timestamp": "2022-10-19T22:09:26.246Z", "updated": "2022-10-19T22:09:26.246Z"}}, {"model": "main.sessionplayerpartperiod", "pk": 6284, "fields": {"session_player_part": 315, "parameter_set_labels_period": 44, "choice": null, "session_part_period": 524, "majority_choice": null, "timestamp": "2022-10-19T22:09:26.246Z", "updated": "2022-10-19T22:09:26.246Z"}}, {"model": "main.sessionplayerpartperiod", "pk": 6285, "fields": {"session_player_part": 315, "parameter_set_labels_period": 45, "choice": null, "session_part_period": 525, "majority_choice": null, "timestamp": "2022-10-19T22:09:26.246Z", "updated": "2022-10-19T22:09:26.246Z"}}, {"model": "main.sessionplayerpartperiod", "pk": 6286, "fields": {"session_player_part": 315, "parameter_set_labels_period": 46, "choice": null, "session_part_period": 526, "majority_choice": null, "timestamp": "2022-10-19T22:09:26.246Z", "updated": "2022-10-19T22:09:26.246Z"}}, {"model": "main.sessionplayerpartperiod", "pk": 6287, "fields": {"session_player_part": 315, "parameter_set_labels_period": 47, "choice": null, "session_part_period": 527, "majority_choice": null, "timestamp": "2022-10-19T22:09:26.246Z", "updated": "2022-10-19T22:09:26.246Z"}}, {"model": "main.sessionplayerpartperiod", "pk": 6288, "fields": {"session_player_part": 315, "parameter_set_labels_period": 48, "choice": null, "session_part_period": 528, "majority_choice": null, "timestamp": "2022-10-19T22:09:26.246Z", "updated": "2022-10-19T22:09:26.246Z"}}, {"model": "main.sessionplayerpartperiod", "pk": 6289, "fields": {"session_player_part": 315, "parameter_set_labels_period": 49, "choice": null, "session_part_period": 529, "majority_choice": null, "timestamp": "2022-10-19T22:09:26.246Z", "updated": "2022-10-19T22:09:26.246Z"}}, {"model": "main.sessionplayerpartperiod", "pk": 6290, "fields": {"session_player_part": 315, "parameter_set_labels_period": 50, "choice": null, "session_part_period": 530, "majority_choice": null, "timestamp": "2022-10-19T22:09:26.246Z", "updated": "2022-10-19T22:09:26.246Z"}}, {"model": "main.sessionplayerpartperiod", "pk": 6291, "fields": {"session_player_part": 315, "parameter_set_labels_period": 51, "choice": null, "session_part_period": 531, "majority_choice": null, "timestamp": "2022-10-19T22:09:26.246Z", "updated": "2022-10-19T22:09:26.246Z"}}, {"model": "main.sessionplayerpartperiod", "pk": 6292, "fields": {"session_player_part": 315, "parameter_set_labels_period": 52, "choice": null, "session_part_period": 532, "majority_choice": null, "timestamp": "2022-10-19T22:09:26.246Z", "updated": "2022-10-19T22:09:26.246Z"}}, {"model": "main.sessionplayerpartperiod", "pk": 6293, "fields": {"session_player_part": 315, "parameter_set_labels_period": 53, "choice": null, "session_part_period": 533, "majority_choice": null, "timestamp": "2022-10-19T22:09:26.246Z", "updated": "2022-10-19T22:09:26.246Z"}}, {"model": "main.sessionplayerpartperiod", "pk": 6294, "fields": {"session_player_part": 315, "parameter_set_labels_period": 54, "choice": null, "session_part_period": 534, "majority_choice": null, "timestamp": "2022-10-19T22:09:26.246Z", "updated": "2022-10-19T22:09:26.246Z"}}, {"model": "main.sessionplayerpartperiod", "pk": 6295, "fields": {"session_player_part": 315, "parameter_set_labels_period": 55, "choice": null, "session_part_period": 535, "majority_choice": null, "timestamp": "2022-10-19T22:09:26.246Z", "updated": "2022-10-19T22:09:26.246Z"}}, {"model": "main.sessionplayerpartperiod", "pk": 6296, "fields": {"session_player_part": 315, "parameter_set_labels_period": 56, "choice": null, "session_part_period": 536, "majority_choice": null, "timestamp": "2022-10-19T22:09:26.246Z", "updated": "2022-10-19T22:09:26.246Z"}}, {"model": "main.sessionplayerpartperiod", "pk": 6297, "fields": {"session_player_part": 315, "parameter_set_labels_period": 57, "choice": null, "session_part_period": 537, "majority_choice": null, "timestamp": "2022-10-19T22:09:26.246Z", "updated": "2022-10-19T22:09:26.246Z"}}, {"model": "main.sessionplayerpartperiod", "pk": 6298, "fields": {"session_player_part": 315, "parameter_set_labels_period": 58, "choice": null, "session_part_period": 538, "majority_choice": null, "timestamp": "2022-10-19T22:09:26.246Z", "updated": "2022-10-19T22:09:26.246Z"}}, {"model": "main.sessionplayerpartperiod", "pk": 6299, "fields": {"session_player_part": 315, "parameter_set_labels_period": 59, "choice": null, "session_part_period": 539, "majority_choice": null, "timestamp": "2022-10-19T22:09:26.246Z", "updated": "2022-10-19T22:09:26.246Z"}}, {"model": "main.sessionplayerpartperiod", "pk": 6300, "fields": {"session_player_part": 315, "parameter_set_labels_period": 60, "choice": null, "session_part_period": 540, "majority_choice": null, "timestamp": "2022-10-19T22:09:26.246Z", "updated": "2022-10-19T22:09:26.246Z"}}, {"model": "main.sessionplayerpartperiod", "pk": 6301, "fields": {"session_player_part": 316, "parameter_set_labels_period": 1, "choice": null, "session_part_period": 481, "majority_choice": null, "timestamp": "2022-10-19T22:09:26.290Z", "updated": "2022-10-19T22:09:26.290Z"}}, {"model": "main.sessionplayerpartperiod", "pk": 6302, "fields": {"session_player_part": 316, "parameter_set_labels_period": 2, "choice": null, "session_part_period": 482, "majority_choice": null, "timestamp": "2022-10-19T22:09:26.291Z", "updated": "2022-10-19T22:09:26.291Z"}}, {"model": "main.sessionplayerpartperiod", "pk": 6303, "fields": {"session_player_part": 316, "parameter_set_labels_period": 3, "choice": null, "session_part_period": 483, "majority_choice": null, "timestamp": "2022-10-19T22:09:26.291Z", "updated": "2022-10-19T22:09:26.291Z"}}, {"model": "main.sessionplayerpartperiod", "pk": 6304, "fields": {"session_player_part": 316, "parameter_set_labels_period": 4, "choice": null, "session_part_period": 484, "majority_choice": null, "timestamp": "2022-10-19T22:09:26.291Z", "updated": "2022-10-19T22:09:26.291Z"}}, {"model": "main.sessionplayerpartperiod", "pk": 6305, "fields": {"session_player_part": 316, "parameter_set_labels_period": 5, "choice": null, "session_part_period": 485, "majority_choice": null, "timestamp": "2022-10-19T22:09:26.291Z", "updated": "2022-10-19T22:09:26.291Z"}}, {"model": "main.sessionplayerpartperiod", "pk": 6306, "fields": {"session_player_part": 316, "parameter_set_labels_period": 6, "choice": null, "session_part_period": 486, "majority_choice": null, "timestamp": "2022-10-19T22:09:26.291Z", "updated": "2022-10-19T22:09:26.291Z"}}, {"model": "main.sessionplayerpartperiod", "pk": 6307, "fields": {"session_player_part": 316, "parameter_set_labels_period": 61, "choice": null, "session_part_period": 487, "majority_choice": null, "timestamp": "2022-10-19T22:09:26.291Z", "updated": "2022-10-19T22:09:26.291Z"}}, {"model": "main.sessionplayerpartperiod", "pk": 6308, "fields": {"session_player_part": 316, "parameter_set_labels_period": 8, "choice": null, "session_part_period": 488, "majority_choice": null, "timestamp": "2022-10-19T22:09:26.291Z", "updated": "2022-10-19T22:09:26.291Z"}}, {"model": "main.sessionplayerpartperiod", "pk": 6309, "fields": {"session_player_part": 316, "parameter_set_labels_period": 9, "choice": null, "session_part_period": 489, "majority_choice": null, "timestamp": "2022-10-19T22:09:26.291Z", "updated": "2022-10-19T22:09:26.291Z"}}, {"model": "main.sessionplayerpartperiod", "pk": 6310, "fields": {"session_player_part": 316, "parameter_set_labels_period": 10, "choice": null, "session_part_period": 490, "majority_choice": null, "timestamp": "2022-10-19T22:09:26.291Z", "updated": "2022-10-19T22:09:26.291Z"}}, {"model": "main.sessionplayerpartperiod", "pk": 6311, "fields": {"session_player_part": 316, "parameter_set_labels_period": 11, "choice": null, "session_part_period": 491, "majority_choice": null, "timestamp": "2022-10-19T22:09:26.291Z", "updated": "2022-10-19T22:09:26.291Z"}}, {"model": "main.sessionplayerpartperiod", "pk": 6312, "fields": {"session_player_part": 316, "parameter_set_labels_period": 12, "choice": null, "session_part_period": 492, "majority_choice": null, "timestamp": "2022-10-19T22:09:26.291Z", "updated": "2022-10-19T22:09:26.291Z"}}, {"model": "main.sessionplayerpartperiod", "pk": 6313, "fields": {"session_player_part": 316, "parameter_set_labels_period": 13, "choice": null, "session_part_period": 493, "majority_choice": null, "timestamp": "2022-10-19T22:09:26.291Z", "updated": "2022-10-19T22:09:26.291Z"}}, {"model": "main.sessionplayerpartperiod", "pk": 6314, "fields": {"session_player_part": 316, "parameter_set_labels_period": 14, "choice": null, "session_part_period": 494, "majority_choice": null, "timestamp": "2022-10-19T22:09:26.291Z", "updated": "2022-10-19T22:09:26.291Z"}}, {"model": "main.sessionplayerpartperiod", "pk": 6315, "fields": {"session_player_part": 316, "parameter_set_labels_period": 15, "choice": null, "session_part_period": 495, "majority_choice": null, "timestamp": "2022-10-19T22:09:26.291Z", "updated": "2022-10-19T22:09:26.291Z"}}, {"model": "main.sessionplayerpartperiod", "pk": 6316, "fields": {"session_player_part": 316, "parameter_set_labels_period": 16, "choice": null, "session_part_period": 496, "majority_choice": null, "timestamp": "2022-10-19T22:09:26.291Z", "updated": "2022-10-19T22:09:26.291Z"}}, {"model": "main.sessionplayerpartperiod", "pk": 6317, "fields": {"session_player_part": 316, "parameter_set_labels_period": 17, "choice": null, "session_part_period": 497, "majority_choice": null, "timestamp": "2022-10-19T22:09:26.291Z", "updated": "2022-10-19T22:09:26.291Z"}}, {"model": "main.sessionplayerpartperiod", "pk": 6318, "fields": {"session_player_part": 316, "parameter_set_labels_period": 18, "choice": null, "session_part_period": 498, "majority_choice": null, "timestamp": "2022-10-19T22:09:26.291Z", "updated": "2022-10-19T22:09:26.291Z"}}, {"model": "main.sessionplayerpartperiod", "pk": 6319, "fields": {"session_player_part": 316, "parameter_set_labels_period": 19, "choice": null, "session_part_period": 499, "majority_choice": null, "timestamp": "2022-10-19T22:09:26.291Z", "updated": "2022-10-19T22:09:26.291Z"}}, {"model": "main.sessionplayerpartperiod", "pk": 6320, "fields": {"session_player_part": 316, "parameter_set_labels_period": 20, "choice": null, "session_part_period": 500, "majority_choice": null, "timestamp": "2022-10-19T22:09:26.291Z", "updated": "2022-10-19T22:09:26.291Z"}}, {"model": "main.sessionplayerpartperiod", "pk": 6321, "fields": {"session_player_part": 317, "parameter_set_labels_period": 1, "choice": null, "session_part_period": 501, "majority_choice": null, "timestamp": "2022-10-19T22:09:26.327Z", "updated": "2022-10-19T22:09:26.327Z"}}, {"model": "main.sessionplayerpartperiod", "pk": 6322, "fields": {"session_player_part": 317, "parameter_set_labels_period": 2, "choice": null, "session_part_period": 502, "majority_choice": null, "timestamp": "2022-10-19T22:09:26.327Z", "updated": "2022-10-19T22:09:26.327Z"}}, {"model": "main.sessionplayerpartperiod", "pk": 6323, "fields": {"session_player_part": 317, "parameter_set_labels_period": 3, "choice": null, "session_part_period": 503, "majority_choice": null, "timestamp": "2022-10-19T22:09:26.327Z", "updated": "2022-10-19T22:09:26.327Z"}}, {"model": "main.sessionplayerpartperiod", "pk": 6324, "fields": {"session_player_part": 317, "parameter_set_labels_period": 4, "choice": null, "session_part_period": 504, "majority_choice": null, "timestamp": "2022-10-19T22:09:26.327Z", "updated": "2022-10-19T22:09:26.327Z"}}, {"model": "main.sessionplayerpartperiod", "pk": 6325, "fields": {"session_player_part": 317, "parameter_set_labels_period": 5, "choice": null, "session_part_period": 505, "majority_choice": null, "timestamp": "2022-10-19T22:09:26.327Z", "updated": "2022-10-19T22:09:26.327Z"}}, {"model": "main.sessionplayerpartperiod", "pk": 6326, "fields": {"session_player_part": 317, "parameter_set_labels_period": 6, "choice": null, "session_part_period": 506, "majority_choice": null, "timestamp": "2022-10-19T22:09:26.327Z", "updated": "2022-10-19T22:09:26.327Z"}}, {"model": "main.sessionplayerpartperiod", "pk": 6327, "fields": {"session_player_part": 317, "parameter_set_labels_period": 61, "choice": null, "session_part_period": 507, "majority_choice": null, "timestamp": "2022-10-19T22:09:26.327Z", "updated": "2022-10-19T22:09:26.327Z"}}, {"model": "main.sessionplayerpartperiod", "pk": 6328, "fields": {"session_player_part": 317, "parameter_set_labels_period": 8, "choice": null, "session_part_period": 508, "majority_choice": null, "timestamp": "2022-10-19T22:09:26.327Z", "updated": "2022-10-19T22:09:26.327Z"}}, {"model": "main.sessionplayerpartperiod", "pk": 6329, "fields": {"session_player_part": 317, "parameter_set_labels_period": 9, "choice": null, "session_part_period": 509, "majority_choice": null, "timestamp": "2022-10-19T22:09:26.327Z", "updated": "2022-10-19T22:09:26.327Z"}}, {"model": "main.sessionplayerpartperiod", "pk": 6330, "fields": {"session_player_part": 317, "parameter_set_labels_period": 10, "choice": null, "session_part_period": 510, "majority_choice": null, "timestamp": "2022-10-19T22:09:26.327Z", "updated": "2022-10-19T22:09:26.327Z"}}, {"model": "main.sessionplayerpartperiod", "pk": 6331, "fields": {"session_player_part": 317, "parameter_set_labels_period": 11, "choice": null, "session_part_period": 511, "majority_choice": null, "timestamp": "2022-10-19T22:09:26.327Z", "updated": "2022-10-19T22:09:26.327Z"}}, {"model": "main.sessionplayerpartperiod", "pk": 6332, "fields": {"session_player_part": 317, "parameter_set_labels_period": 12, "choice": null, "session_part_period": 512, "majority_choice": null, "timestamp": "2022-10-19T22:09:26.327Z", "updated": "2022-10-19T22:09:26.327Z"}}, {"model": "main.sessionplayerpartperiod", "pk": 6333, "fields": {"session_player_part": 317, "parameter_set_labels_period": 13, "choice": null, "session_part_period": 513, "majority_choice": null, "timestamp": "2022-10-19T22:09:26.327Z", "updated": "2022-10-19T22:09:26.327Z"}}, {"model": "main.sessionplayerpartperiod", "pk": 6334, "fields": {"session_player_part": 317, "parameter_set_labels_period": 14, "choice": null, "session_part_period": 514, "majority_choice": null, "timestamp": "2022-10-19T22:09:26.327Z", "updated": "2022-10-19T22:09:26.327Z"}}, {"model": "main.sessionplayerpartperiod", "pk": 6335, "fields": {"session_player_part": 317, "parameter_set_labels_period": 15, "choice": null, "session_part_period": 515, "majority_choice": null, "timestamp": "2022-10-19T22:09:26.327Z", "updated": "2022-10-19T22:09:26.327Z"}}, {"model": "main.sessionplayerpartperiod", "pk": 6336, "fields": {"session_player_part": 317, "parameter_set_labels_period": 16, "choice": null, "session_part_period": 516, "majority_choice": null, "timestamp": "2022-10-19T22:09:26.327Z", "updated": "2022-10-19T22:09:26.327Z"}}, {"model": "main.sessionplayerpartperiod", "pk": 6337, "fields": {"session_player_part": 317, "parameter_set_labels_period": 17, "choice": null, "session_part_period": 517, "majority_choice": null, "timestamp": "2022-10-19T22:09:26.327Z", "updated": "2022-10-19T22:09:26.327Z"}}, {"model": "main.sessionplayerpartperiod", "pk": 6338, "fields": {"session_player_part": 317, "parameter_set_labels_period": 18, "choice": null, "session_part_period": 518, "majority_choice": null, "timestamp": "2022-10-19T22:09:26.327Z", "updated": "2022-10-19T22:09:26.327Z"}}, {"model": "main.sessionplayerpartperiod", "pk": 6339, "fields": {"session_player_part": 317, "parameter_set_labels_period": 19, "choice": null, "session_part_period": 519, "majority_choice": null, "timestamp": "2022-10-19T22:09:26.327Z", "updated": "2022-10-19T22:09:26.327Z"}}, {"model": "main.sessionplayerpartperiod", "pk": 6340, "fields": {"session_player_part": 317, "parameter_set_labels_period": 20, "choice": null, "session_part_period": 520, "majority_choice": null, "timestamp": "2022-10-19T22:09:26.327Z", "updated": "2022-10-19T22:09:26.327Z"}}, {"model": "main.sessionplayerpartperiod", "pk": 6341, "fields": {"session_player_part": 318, "parameter_set_labels_period": 41, "choice": null, "session_part_period": 521, "majority_choice": null, "timestamp": "2022-10-19T22:09:26.363Z", "updated": "2022-10-19T22:09:26.363Z"}}, {"model": "main.sessionplayerpartperiod", "pk": 6342, "fields": {"session_player_part": 318, "parameter_set_labels_period": 42, "choice": null, "session_part_period": 522, "majority_choice": null, "timestamp": "2022-10-19T22:09:26.363Z", "updated": "2022-10-19T22:09:26.363Z"}}, {"model": "main.sessionplayerpartperiod", "pk": 6343, "fields": {"session_player_part": 318, "parameter_set_labels_period": 43, "choice": null, "session_part_period": 523, "majority_choice": null, "timestamp": "2022-10-19T22:09:26.363Z", "updated": "2022-10-19T22:09:26.363Z"}}, {"model": "main.sessionplayerpartperiod", "pk": 6344, "fields": {"session_player_part": 318, "parameter_set_labels_period": 44, "choice": null, "session_part_period": 524, "majority_choice": null, "timestamp": "2022-10-19T22:09:26.363Z", "updated": "2022-10-19T22:09:26.363Z"}}, {"model": "main.sessionplayerpartperiod", "pk": 6345, "fields": {"session_player_part": 318, "parameter_set_labels_period": 45, "choice": null, "session_part_period": 525, "majority_choice": null, "timestamp": "2022-10-19T22:09:26.363Z", "updated": "2022-10-19T22:09:26.363Z"}}, {"model": "main.sessionplayerpartperiod", "pk": 6346, "fields": {"session_player_part": 318, "parameter_set_labels_period": 46, "choice": null, "session_part_period": 526, "majority_choice": null, "timestamp": "2022-10-19T22:09:26.363Z", "updated": "2022-10-19T22:09:26.363Z"}}, {"model": "main.sessionplayerpartperiod", "pk": 6347, "fields": {"session_player_part": 318, "parameter_set_labels_period": 47, "choice": null, "session_part_period": 527, "majority_choice": null, "timestamp": "2022-10-19T22:09:26.363Z", "updated": "2022-10-19T22:09:26.363Z"}}, {"model": "main.sessionplayerpartperiod", "pk": 6348, "fields": {"session_player_part": 318, "parameter_set_labels_period": 48, "choice": null, "session_part_period": 528, "majority_choice": null, "timestamp": "2022-10-19T22:09:26.363Z", "updated": "2022-10-19T22:09:26.363Z"}}, {"model": "main.sessionplayerpartperiod", "pk": 6349, "fields": {"session_player_part": 318, "parameter_set_labels_period": 49, "choice": null, "session_part_period": 529, "majority_choice": null, "timestamp": "2022-10-19T22:09:26.363Z", "updated": "2022-10-19T22:09:26.363Z"}}, {"model": "main.sessionplayerpartperiod", "pk": 6350, "fields": {"session_player_part": 318, "parameter_set_labels_period": 50, "choice": null, "session_part_period": 530, "majority_choice": null, "timestamp": "2022-10-19T22:09:26.363Z", "updated": "2022-10-19T22:09:26.363Z"}}, {"model": "main.sessionplayerpartperiod", "pk": 6351, "fields": {"session_player_part": 318, "parameter_set_labels_period": 51, "choice": null, "session_part_period": 531, "majority_choice": null, "timestamp": "2022-10-19T22:09:26.363Z", "updated": "2022-10-19T22:09:26.363Z"}}, {"model": "main.sessionplayerpartperiod", "pk": 6352, "fields": {"session_player_part": 318, "parameter_set_labels_period": 52, "choice": null, "session_part_period": 532, "majority_choice": null, "timestamp": "2022-10-19T22:09:26.363Z", "updated": "2022-10-19T22:09:26.363Z"}}, {"model": "main.sessionplayerpartperiod", "pk": 6353, "fields": {"session_player_part": 318, "parameter_set_labels_period": 53, "choice": null, "session_part_period": 533, "majority_choice": null, "timestamp": "2022-10-19T22:09:26.363Z", "updated": "2022-10-19T22:09:26.363Z"}}, {"model": "main.sessionplayerpartperiod", "pk": 6354, "fields": {"session_player_part": 318, "parameter_set_labels_period": 54, "choice": null, "session_part_period": 534, "majority_choice": null, "timestamp": "2022-10-19T22:09:26.363Z", "updated": "2022-10-19T22:09:26.363Z"}}, {"model": "main.sessionplayerpartperiod", "pk": 6355, "fields": {"session_player_part": 318, "parameter_set_labels_period": 55, "choice": null, "session_part_period": 535, "majority_choice": null, "timestamp": "2022-10-19T22:09:26.363Z", "updated": "2022-10-19T22:09:26.363Z"}}, {"model": "main.sessionplayerpartperiod", "pk": 6356, "fields": {"session_player_part": 318, "parameter_set_labels_period": 56, "choice": null, "session_part_period": 536, "majority_choice": null, "timestamp": "2022-10-19T22:09:26.363Z", "updated": "2022-10-19T22:09:26.363Z"}}, {"model": "main.sessionplayerpartperiod", "pk": 6357, "fields": {"session_player_part": 318, "parameter_set_labels_period": 57, "choice": null, "session_part_period": 537, "majority_choice": null, "timestamp": "2022-10-19T22:09:26.363Z", "updated": "2022-10-19T22:09:26.363Z"}}, {"model": "main.sessionplayerpartperiod", "pk": 6358, "fields": {"session_player_part": 318, "parameter_set_labels_period": 58, "choice": null, "session_part_period": 538, "majority_choice": null, "timestamp": "2022-10-19T22:09:26.363Z", "updated": "2022-10-19T22:09:26.363Z"}}, {"model": "main.sessionplayerpartperiod", "pk": 6359, "fields": {"session_player_part": 318, "parameter_set_labels_period": 59, "choice": null, "session_part_period": 539, "majority_choice": null, "timestamp": "2022-10-19T22:09:26.363Z", "updated": "2022-10-19T22:09:26.363Z"}}, {"model": "main.sessionplayerpartperiod", "pk": 6360, "fields": {"session_player_part": 318, "parameter_set_labels_period": 60, "choice": null, "session_part_period": 540, "majority_choice": null, "timestamp": "2022-10-19T22:09:26.363Z", "updated": "2022-10-19T22:09:26.363Z"}}, {"model": "main.sessionplayerpartperiod", "pk": 6361, "fields": {"session_player_part": 319, "parameter_set_labels_period": 1, "choice": null, "session_part_period": 481, "majority_choice": null, "timestamp": "2022-10-19T22:09:26.408Z", "updated": "2022-10-19T22:09:26.408Z"}}, {"model": "main.sessionplayerpartperiod", "pk": 6362, "fields": {"session_player_part": 319, "parameter_set_labels_period": 2, "choice": null, "session_part_period": 482, "majority_choice": null, "timestamp": "2022-10-19T22:09:26.408Z", "updated": "2022-10-19T22:09:26.408Z"}}, {"model": "main.sessionplayerpartperiod", "pk": 6363, "fields": {"session_player_part": 319, "parameter_set_labels_period": 3, "choice": null, "session_part_period": 483, "majority_choice": null, "timestamp": "2022-10-19T22:09:26.408Z", "updated": "2022-10-19T22:09:26.408Z"}}, {"model": "main.sessionplayerpartperiod", "pk": 6364, "fields": {"session_player_part": 319, "parameter_set_labels_period": 4, "choice": null, "session_part_period": 484, "majority_choice": null, "timestamp": "2022-10-19T22:09:26.408Z", "updated": "2022-10-19T22:09:26.408Z"}}, {"model": "main.sessionplayerpartperiod", "pk": 6365, "fields": {"session_player_part": 319, "parameter_set_labels_period": 5, "choice": null, "session_part_period": 485, "majority_choice": null, "timestamp": "2022-10-19T22:09:26.408Z", "updated": "2022-10-19T22:09:26.408Z"}}, {"model": "main.sessionplayerpartperiod", "pk": 6366, "fields": {"session_player_part": 319, "parameter_set_labels_period": 6, "choice": null, "session_part_period": 486, "majority_choice": null, "timestamp": "2022-10-19T22:09:26.408Z", "updated": "2022-10-19T22:09:26.408Z"}}, {"model": "main.sessionplayerpartperiod", "pk": 6367, "fields": {"session_player_part": 319, "parameter_set_labels_period": 61, "choice": null, "session_part_period": 487, "majority_choice": null, "timestamp": "2022-10-19T22:09:26.408Z", "updated": "2022-10-19T22:09:26.408Z"}}, {"model": "main.sessionplayerpartperiod", "pk": 6368, "fields": {"session_player_part": 319, "parameter_set_labels_period": 8, "choice": null, "session_part_period": 488, "majority_choice": null, "timestamp": "2022-10-19T22:09:26.408Z", "updated": "2022-10-19T22:09:26.408Z"}}, {"model": "main.sessionplayerpartperiod", "pk": 6369, "fields": {"session_player_part": 319, "parameter_set_labels_period": 9, "choice": null, "session_part_period": 489, "majority_choice": null, "timestamp": "2022-10-19T22:09:26.408Z", "updated": "2022-10-19T22:09:26.408Z"}}, {"model": "main.sessionplayerpartperiod", "pk": 6370, "fields": {"session_player_part": 319, "parameter_set_labels_period": 10, "choice": null, "session_part_period": 490, "majority_choice": null, "timestamp": "2022-10-19T22:09:26.408Z", "updated": "2022-10-19T22:09:26.408Z"}}, {"model": "main.sessionplayerpartperiod", "pk": 6371, "fields": {"session_player_part": 319, "parameter_set_labels_period": 11, "choice": null, "session_part_period": 491, "majority_choice": null, "timestamp": "2022-10-19T22:09:26.408Z", "updated": "2022-10-19T22:09:26.408Z"}}, {"model": "main.sessionplayerpartperiod", "pk": 6372, "fields": {"session_player_part": 319, "parameter_set_labels_period": 12, "choice": null, "session_part_period": 492, "majority_choice": null, "timestamp": "2022-10-19T22:09:26.408Z", "updated": "2022-10-19T22:09:26.408Z"}}, {"model": "main.sessionplayerpartperiod", "pk": 6373, "fields": {"session_player_part": 319, "parameter_set_labels_period": 13, "choice": null, "session_part_period": 493, "majority_choice": null, "timestamp": "2022-10-19T22:09:26.408Z", "updated": "2022-10-19T22:09:26.408Z"}}, {"model": "main.sessionplayerpartperiod", "pk": 6374, "fields": {"session_player_part": 319, "parameter_set_labels_period": 14, "choice": null, "session_part_period": 494, "majority_choice": null, "timestamp": "2022-10-19T22:09:26.408Z", "updated": "2022-10-19T22:09:26.408Z"}}, {"model": "main.sessionplayerpartperiod", "pk": 6375, "fields": {"session_player_part": 319, "parameter_set_labels_period": 15, "choice": null, "session_part_period": 495, "majority_choice": null, "timestamp": "2022-10-19T22:09:26.408Z", "updated": "2022-10-19T22:09:26.408Z"}}, {"model": "main.sessionplayerpartperiod", "pk": 6376, "fields": {"session_player_part": 319, "parameter_set_labels_period": 16, "choice": null, "session_part_period": 496, "majority_choice": null, "timestamp": "2022-10-19T22:09:26.408Z", "updated": "2022-10-19T22:09:26.408Z"}}, {"model": "main.sessionplayerpartperiod", "pk": 6377, "fields": {"session_player_part": 319, "parameter_set_labels_period": 17, "choice": null, "session_part_period": 497, "majority_choice": null, "timestamp": "2022-10-19T22:09:26.408Z", "updated": "2022-10-19T22:09:26.408Z"}}, {"model": "main.sessionplayerpartperiod", "pk": 6378, "fields": {"session_player_part": 319, "parameter_set_labels_period": 18, "choice": null, "session_part_period": 498, "majority_choice": null, "timestamp": "2022-10-19T22:09:26.408Z", "updated": "2022-10-19T22:09:26.408Z"}}, {"model": "main.sessionplayerpartperiod", "pk": 6379, "fields": {"session_player_part": 319, "parameter_set_labels_period": 19, "choice": null, "session_part_period": 499, "majority_choice": null, "timestamp": "2022-10-19T22:09:26.408Z", "updated": "2022-10-19T22:09:26.408Z"}}, {"model": "main.sessionplayerpartperiod", "pk": 6380, "fields": {"session_player_part": 319, "parameter_set_labels_period": 20, "choice": null, "session_part_period": 500, "majority_choice": null, "timestamp": "2022-10-19T22:09:26.408Z", "updated": "2022-10-19T22:09:26.408Z"}}, {"model": "main.sessionplayerpartperiod", "pk": 6381, "fields": {"session_player_part": 320, "parameter_set_labels_period": 21, "choice": null, "session_part_period": 501, "majority_choice": null, "timestamp": "2022-10-19T22:09:26.462Z", "updated": "2022-10-19T22:09:26.462Z"}}, {"model": "main.sessionplayerpartperiod", "pk": 6382, "fields": {"session_player_part": 320, "parameter_set_labels_period": 22, "choice": null, "session_part_period": 502, "majority_choice": null, "timestamp": "2022-10-19T22:09:26.462Z", "updated": "2022-10-19T22:09:26.462Z"}}, {"model": "main.sessionplayerpartperiod", "pk": 6383, "fields": {"session_player_part": 320, "parameter_set_labels_period": 23, "choice": null, "session_part_period": 503, "majority_choice": null, "timestamp": "2022-10-19T22:09:26.462Z", "updated": "2022-10-19T22:09:26.462Z"}}, {"model": "main.sessionplayerpartperiod", "pk": 6384, "fields": {"session_player_part": 320, "parameter_set_labels_period": 24, "choice": null, "session_part_period": 504, "majority_choice": null, "timestamp": "2022-10-19T22:09:26.462Z", "updated": "2022-10-19T22:09:26.462Z"}}, {"model": "main.sessionplayerpartperiod", "pk": 6385, "fields": {"session_player_part": 320, "parameter_set_labels_period": 25, "choice": null, "session_part_period": 505, "majority_choice": null, "timestamp": "2022-10-19T22:09:26.462Z", "updated": "2022-10-19T22:09:26.462Z"}}, {"model": "main.sessionplayerpartperiod", "pk": 6386, "fields": {"session_player_part": 320, "parameter_set_labels_period": 26, "choice": null, "session_part_period": 506, "majority_choice": null, "timestamp": "2022-10-19T22:09:26.462Z", "updated": "2022-10-19T22:09:26.462Z"}}, {"model": "main.sessionplayerpartperiod", "pk": 6387, "fields": {"session_player_part": 320, "parameter_set_labels_period": 27, "choice": null, "session_part_period": 507, "majority_choice": null, "timestamp": "2022-10-19T22:09:26.462Z", "updated": "2022-10-19T22:09:26.462Z"}}, {"model": "main.sessionplayerpartperiod", "pk": 6388, "fields": {"session_player_part": 320, "parameter_set_labels_period": 28, "choice": null, "session_part_period": 508, "majority_choice": null, "timestamp": "2022-10-19T22:09:26.462Z", "updated": "2022-10-19T22:09:26.462Z"}}, {"model": "main.sessionplayerpartperiod", "pk": 6389, "fields": {"session_player_part": 320, "parameter_set_labels_period": 29, "choice": null, "session_part_period": 509, "majority_choice": null, "timestamp": "2022-10-19T22:09:26.462Z", "updated": "2022-10-19T22:09:26.462Z"}}, {"model": "main.sessionplayerpartperiod", "pk": 6390, "fields": {"session_player_part": 320, "parameter_set_labels_period": 30, "choice": null, "session_part_period": 510, "majority_choice": null, "timestamp": "2022-10-19T22:09:26.462Z", "updated": "2022-10-19T22:09:26.462Z"}}, {"model": "main.sessionplayerpartperiod", "pk": 6391, "fields": {"session_player_part": 320, "parameter_set_labels_period": 31, "choice": null, "session_part_period": 511, "majority_choice": null, "timestamp": "2022-10-19T22:09:26.462Z", "updated": "2022-10-19T22:09:26.462Z"}}, {"model": "main.sessionplayerpartperiod", "pk": 6392, "fields": {"session_player_part": 320, "parameter_set_labels_period": 32, "choice": null, "session_part_period": 512, "majority_choice": null, "timestamp": "2022-10-19T22:09:26.462Z", "updated": "2022-10-19T22:09:26.462Z"}}, {"model": "main.sessionplayerpartperiod", "pk": 6393, "fields": {"session_player_part": 320, "parameter_set_labels_period": 33, "choice": null, "session_part_period": 513, "majority_choice": null, "timestamp": "2022-10-19T22:09:26.462Z", "updated": "2022-10-19T22:09:26.462Z"}}, {"model": "main.sessionplayerpartperiod", "pk": 6394, "fields": {"session_player_part": 320, "parameter_set_labels_period": 34, "choice": null, "session_part_period": 514, "majority_choice": null, "timestamp": "2022-10-19T22:09:26.462Z", "updated": "2022-10-19T22:09:26.462Z"}}, {"model": "main.sessionplayerpartperiod", "pk": 6395, "fields": {"session_player_part": 320, "parameter_set_labels_period": 35, "choice": null, "session_part_period": 515, "majority_choice": null, "timestamp": "2022-10-19T22:09:26.462Z", "updated": "2022-10-19T22:09:26.462Z"}}, {"model": "main.sessionplayerpartperiod", "pk": 6396, "fields": {"session_player_part": 320, "parameter_set_labels_period": 36, "choice": null, "session_part_period": 516, "majority_choice": null, "timestamp": "2022-10-19T22:09:26.462Z", "updated": "2022-10-19T22:09:26.462Z"}}, {"model": "main.sessionplayerpartperiod", "pk": 6397, "fields": {"session_player_part": 320, "parameter_set_labels_period": 37, "choice": null, "session_part_period": 517, "majority_choice": null, "timestamp": "2022-10-19T22:09:26.462Z", "updated": "2022-10-19T22:09:26.462Z"}}, {"model": "main.sessionplayerpartperiod", "pk": 6398, "fields": {"session_player_part": 320, "parameter_set_labels_period": 38, "choice": null, "session_part_period": 518, "majority_choice": null, "timestamp": "2022-10-19T22:09:26.462Z", "updated": "2022-10-19T22:09:26.462Z"}}, {"model": "main.sessionplayerpartperiod", "pk": 6399, "fields": {"session_player_part": 320, "parameter_set_labels_period": 39, "choice": null, "session_part_period": 519, "majority_choice": null, "timestamp": "2022-10-19T22:09:26.462Z", "updated": "2022-10-19T22:09:26.462Z"}}, {"model": "main.sessionplayerpartperiod", "pk": 6400, "fields": {"session_player_part": 320, "parameter_set_labels_period": 40, "choice": null, "session_part_period": 520, "majority_choice": null, "timestamp": "2022-10-19T22:09:26.462Z", "updated": "2022-10-19T22:09:26.462Z"}}, {"model": "main.sessionplayerpartperiod", "pk": 6401, "fields": {"session_player_part": 321, "parameter_set_labels_period": 41, "choice": null, "session_part_period": 521, "majority_choice": null, "timestamp": "2022-10-19T22:09:26.498Z", "updated": "2022-10-19T22:09:26.498Z"}}, {"model": "main.sessionplayerpartperiod", "pk": 6402, "fields": {"session_player_part": 321, "parameter_set_labels_period": 42, "choice": null, "session_part_period": 522, "majority_choice": null, "timestamp": "2022-10-19T22:09:26.498Z", "updated": "2022-10-19T22:09:26.498Z"}}, {"model": "main.sessionplayerpartperiod", "pk": 6403, "fields": {"session_player_part": 321, "parameter_set_labels_period": 43, "choice": null, "session_part_period": 523, "majority_choice": null, "timestamp": "2022-10-19T22:09:26.498Z", "updated": "2022-10-19T22:09:26.498Z"}}, {"model": "main.sessionplayerpartperiod", "pk": 6404, "fields": {"session_player_part": 321, "parameter_set_labels_period": 44, "choice": null, "session_part_period": 524, "majority_choice": null, "timestamp": "2022-10-19T22:09:26.498Z", "updated": "2022-10-19T22:09:26.498Z"}}, {"model": "main.sessionplayerpartperiod", "pk": 6405, "fields": {"session_player_part": 321, "parameter_set_labels_period": 45, "choice": null, "session_part_period": 525, "majority_choice": null, "timestamp": "2022-10-19T22:09:26.498Z", "updated": "2022-10-19T22:09:26.498Z"}}, {"model": "main.sessionplayerpartperiod", "pk": 6406, "fields": {"session_player_part": 321, "parameter_set_labels_period": 46, "choice": null, "session_part_period": 526, "majority_choice": null, "timestamp": "2022-10-19T22:09:26.498Z", "updated": "2022-10-19T22:09:26.498Z"}}, {"model": "main.sessionplayerpartperiod", "pk": 6407, "fields": {"session_player_part": 321, "parameter_set_labels_period": 47, "choice": null, "session_part_period": 527, "majority_choice": null, "timestamp": "2022-10-19T22:09:26.498Z", "updated": "2022-10-19T22:09:26.498Z"}}, {"model": "main.sessionplayerpartperiod", "pk": 6408, "fields": {"session_player_part": 321, "parameter_set_labels_period": 48, "choice": null, "session_part_period": 528, "majority_choice": null, "timestamp": "2022-10-19T22:09:26.498Z", "updated": "2022-10-19T22:09:26.498Z"}}, {"model": "main.sessionplayerpartperiod", "pk": 6409, "fields": {"session_player_part": 321, "parameter_set_labels_period": 49, "choice": null, "session_part_period": 529, "majority_choice": null, "timestamp": "2022-10-19T22:09:26.498Z", "updated": "2022-10-19T22:09:26.498Z"}}, {"model": "main.sessionplayerpartperiod", "pk": 6410, "fields": {"session_player_part": 321, "parameter_set_labels_period": 50, "choice": null, "session_part_period": 530, "majority_choice": null, "timestamp": "2022-10-19T22:09:26.498Z", "updated": "2022-10-19T22:09:26.498Z"}}, {"model": "main.sessionplayerpartperiod", "pk": 6411, "fields": {"session_player_part": 321, "parameter_set_labels_period": 51, "choice": null, "session_part_period": 531, "majority_choice": null, "timestamp": "2022-10-19T22:09:26.498Z", "updated": "2022-10-19T22:09:26.498Z"}}, {"model": "main.sessionplayerpartperiod", "pk": 6412, "fields": {"session_player_part": 321, "parameter_set_labels_period": 52, "choice": null, "session_part_period": 532, "majority_choice": null, "timestamp": "2022-10-19T22:09:26.498Z", "updated": "2022-10-19T22:09:26.498Z"}}, {"model": "main.sessionplayerpartperiod", "pk": 6413, "fields": {"session_player_part": 321, "parameter_set_labels_period": 53, "choice": null, "session_part_period": 533, "majority_choice": null, "timestamp": "2022-10-19T22:09:26.498Z", "updated": "2022-10-19T22:09:26.498Z"}}, {"model": "main.sessionplayerpartperiod", "pk": 6414, "fields": {"session_player_part": 321, "parameter_set_labels_period": 54, "choice": null, "session_part_period": 534, "majority_choice": null, "timestamp": "2022-10-19T22:09:26.498Z", "updated": "2022-10-19T22:09:26.498Z"}}, {"model": "main.sessionplayerpartperiod", "pk": 6415, "fields": {"session_player_part": 321, "parameter_set_labels_period": 55, "choice": null, "session_part_period": 535, "majority_choice": null, "timestamp": "2022-10-19T22:09:26.498Z", "updated": "2022-10-19T22:09:26.498Z"}}, {"model": "main.sessionplayerpartperiod", "pk": 6416, "fields": {"session_player_part": 321, "parameter_set_labels_period": 56, "choice": null, "session_part_period": 536, "majority_choice": null, "timestamp": "2022-10-19T22:09:26.498Z", "updated": "2022-10-19T22:09:26.498Z"}}, {"model": "main.sessionplayerpartperiod", "pk": 6417, "fields": {"session_player_part": 321, "parameter_set_labels_period": 57, "choice": null, "session_part_period": 537, "majority_choice": null, "timestamp": "2022-10-19T22:09:26.498Z", "updated": "2022-10-19T22:09:26.498Z"}}, {"model": "main.sessionplayerpartperiod", "pk": 6418, "fields": {"session_player_part": 321, "parameter_set_labels_period": 58, "choice": null, "session_part_period": 538, "majority_choice": null, "timestamp": "2022-10-19T22:09:26.498Z", "updated": "2022-10-19T22:09:26.498Z"}}, {"model": "main.sessionplayerpartperiod", "pk": 6419, "fields": {"session_player_part": 321, "parameter_set_labels_period": 59, "choice": null, "session_part_period": 539, "majority_choice": null, "timestamp": "2022-10-19T22:09:26.498Z", "updated": "2022-10-19T22:09:26.498Z"}}, {"model": "main.sessionplayerpartperiod", "pk": 6420, "fields": {"session_player_part": 321, "parameter_set_labels_period": 60, "choice": null, "session_part_period": 540, "majority_choice": null, "timestamp": "2022-10-19T22:09:26.498Z", "updated": "2022-10-19T22:09:26.498Z"}}, {"model": "main.sessionplayerpartperiod", "pk": 6421, "fields": {"session_player_part": 322, "parameter_set_labels_period": 1, "choice": null, "session_part_period": 481, "majority_choice": null, "timestamp": "2022-10-19T22:09:26.545Z", "updated": "2022-10-19T22:09:26.545Z"}}, {"model": "main.sessionplayerpartperiod", "pk": 6422, "fields": {"session_player_part": 322, "parameter_set_labels_period": 2, "choice": null, "session_part_period": 482, "majority_choice": null, "timestamp": "2022-10-19T22:09:26.545Z", "updated": "2022-10-19T22:09:26.545Z"}}, {"model": "main.sessionplayerpartperiod", "pk": 6423, "fields": {"session_player_part": 322, "parameter_set_labels_period": 3, "choice": null, "session_part_period": 483, "majority_choice": null, "timestamp": "2022-10-19T22:09:26.545Z", "updated": "2022-10-19T22:09:26.545Z"}}, {"model": "main.sessionplayerpartperiod", "pk": 6424, "fields": {"session_player_part": 322, "parameter_set_labels_period": 4, "choice": null, "session_part_period": 484, "majority_choice": null, "timestamp": "2022-10-19T22:09:26.545Z", "updated": "2022-10-19T22:09:26.545Z"}}, {"model": "main.sessionplayerpartperiod", "pk": 6425, "fields": {"session_player_part": 322, "parameter_set_labels_period": 5, "choice": null, "session_part_period": 485, "majority_choice": null, "timestamp": "2022-10-19T22:09:26.545Z", "updated": "2022-10-19T22:09:26.545Z"}}, {"model": "main.sessionplayerpartperiod", "pk": 6426, "fields": {"session_player_part": 322, "parameter_set_labels_period": 6, "choice": null, "session_part_period": 486, "majority_choice": null, "timestamp": "2022-10-19T22:09:26.545Z", "updated": "2022-10-19T22:09:26.545Z"}}, {"model": "main.sessionplayerpartperiod", "pk": 6427, "fields": {"session_player_part": 322, "parameter_set_labels_period": 61, "choice": null, "session_part_period": 487, "majority_choice": null, "timestamp": "2022-10-19T22:09:26.545Z", "updated": "2022-10-19T22:09:26.545Z"}}, {"model": "main.sessionplayerpartperiod", "pk": 6428, "fields": {"session_player_part": 322, "parameter_set_labels_period": 8, "choice": null, "session_part_period": 488, "majority_choice": null, "timestamp": "2022-10-19T22:09:26.545Z", "updated": "2022-10-19T22:09:26.545Z"}}, {"model": "main.sessionplayerpartperiod", "pk": 6429, "fields": {"session_player_part": 322, "parameter_set_labels_period": 9, "choice": null, "session_part_period": 489, "majority_choice": null, "timestamp": "2022-10-19T22:09:26.545Z", "updated": "2022-10-19T22:09:26.545Z"}}, {"model": "main.sessionplayerpartperiod", "pk": 6430, "fields": {"session_player_part": 322, "parameter_set_labels_period": 10, "choice": null, "session_part_period": 490, "majority_choice": null, "timestamp": "2022-10-19T22:09:26.545Z", "updated": "2022-10-19T22:09:26.545Z"}}, {"model": "main.sessionplayerpartperiod", "pk": 6431, "fields": {"session_player_part": 322, "parameter_set_labels_period": 11, "choice": null, "session_part_period": 491, "majority_choice": null, "timestamp": "2022-10-19T22:09:26.545Z", "updated": "2022-10-19T22:09:26.545Z"}}, {"model": "main.sessionplayerpartperiod", "pk": 6432, "fields": {"session_player_part": 322, "parameter_set_labels_period": 12, "choice": null, "session_part_period": 492, "majority_choice": null, "timestamp": "2022-10-19T22:09:26.545Z", "updated": "2022-10-19T22:09:26.545Z"}}, {"model": "main.sessionplayerpartperiod", "pk": 6433, "fields": {"session_player_part": 322, "parameter_set_labels_period": 13, "choice": null, "session_part_period": 493, "majority_choice": null, "timestamp": "2022-10-19T22:09:26.545Z", "updated": "2022-10-19T22:09:26.545Z"}}, {"model": "main.sessionplayerpartperiod", "pk": 6434, "fields": {"session_player_part": 322, "parameter_set_labels_period": 14, "choice": null, "session_part_period": 494, "majority_choice": null, "timestamp": "2022-10-19T22:09:26.545Z", "updated": "2022-10-19T22:09:26.545Z"}}, {"model": "main.sessionplayerpartperiod", "pk": 6435, "fields": {"session_player_part": 322, "parameter_set_labels_period": 15, "choice": null, "session_part_period": 495, "majority_choice": null, "timestamp": "2022-10-19T22:09:26.545Z", "updated": "2022-10-19T22:09:26.545Z"}}, {"model": "main.sessionplayerpartperiod", "pk": 6436, "fields": {"session_player_part": 322, "parameter_set_labels_period": 16, "choice": null, "session_part_period": 496, "majority_choice": null, "timestamp": "2022-10-19T22:09:26.545Z", "updated": "2022-10-19T22:09:26.545Z"}}, {"model": "main.sessionplayerpartperiod", "pk": 6437, "fields": {"session_player_part": 322, "parameter_set_labels_period": 17, "choice": null, "session_part_period": 497, "majority_choice": null, "timestamp": "2022-10-19T22:09:26.545Z", "updated": "2022-10-19T22:09:26.545Z"}}, {"model": "main.sessionplayerpartperiod", "pk": 6438, "fields": {"session_player_part": 322, "parameter_set_labels_period": 18, "choice": null, "session_part_period": 498, "majority_choice": null, "timestamp": "2022-10-19T22:09:26.545Z", "updated": "2022-10-19T22:09:26.545Z"}}, {"model": "main.sessionplayerpartperiod", "pk": 6439, "fields": {"session_player_part": 322, "parameter_set_labels_period": 19, "choice": null, "session_part_period": 499, "majority_choice": null, "timestamp": "2022-10-19T22:09:26.545Z", "updated": "2022-10-19T22:09:26.545Z"}}, {"model": "main.sessionplayerpartperiod", "pk": 6440, "fields": {"session_player_part": 322, "parameter_set_labels_period": 20, "choice": null, "session_part_period": 500, "majority_choice": null, "timestamp": "2022-10-19T22:09:26.545Z", "updated": "2022-10-19T22:09:26.545Z"}}, {"model": "main.sessionplayerpartperiod", "pk": 6441, "fields": {"session_player_part": 323, "parameter_set_labels_period": 41, "choice": null, "session_part_period": 501, "majority_choice": null, "timestamp": "2022-10-19T22:09:26.581Z", "updated": "2022-10-19T22:09:26.581Z"}}, {"model": "main.sessionplayerpartperiod", "pk": 6442, "fields": {"session_player_part": 323, "parameter_set_labels_period": 42, "choice": null, "session_part_period": 502, "majority_choice": null, "timestamp": "2022-10-19T22:09:26.581Z", "updated": "2022-10-19T22:09:26.581Z"}}, {"model": "main.sessionplayerpartperiod", "pk": 6443, "fields": {"session_player_part": 323, "parameter_set_labels_period": 43, "choice": null, "session_part_period": 503, "majority_choice": null, "timestamp": "2022-10-19T22:09:26.581Z", "updated": "2022-10-19T22:09:26.581Z"}}, {"model": "main.sessionplayerpartperiod", "pk": 6444, "fields": {"session_player_part": 323, "parameter_set_labels_period": 44, "choice": null, "session_part_period": 504, "majority_choice": null, "timestamp": "2022-10-19T22:09:26.581Z", "updated": "2022-10-19T22:09:26.581Z"}}, {"model": "main.sessionplayerpartperiod", "pk": 6445, "fields": {"session_player_part": 323, "parameter_set_labels_period": 45, "choice": null, "session_part_period": 505, "majority_choice": null, "timestamp": "2022-10-19T22:09:26.581Z", "updated": "2022-10-19T22:09:26.581Z"}}, {"model": "main.sessionplayerpartperiod", "pk": 6446, "fields": {"session_player_part": 323, "parameter_set_labels_period": 46, "choice": null, "session_part_period": 506, "majority_choice": null, "timestamp": "2022-10-19T22:09:26.581Z", "updated": "2022-10-19T22:09:26.581Z"}}, {"model": "main.sessionplayerpartperiod", "pk": 6447, "fields": {"session_player_part": 323, "parameter_set_labels_period": 47, "choice": null, "session_part_period": 507, "majority_choice": null, "timestamp": "2022-10-19T22:09:26.581Z", "updated": "2022-10-19T22:09:26.581Z"}}, {"model": "main.sessionplayerpartperiod", "pk": 6448, "fields": {"session_player_part": 323, "parameter_set_labels_period": 48, "choice": null, "session_part_period": 508, "majority_choice": null, "timestamp": "2022-10-19T22:09:26.581Z", "updated": "2022-10-19T22:09:26.581Z"}}, {"model": "main.sessionplayerpartperiod", "pk": 6449, "fields": {"session_player_part": 323, "parameter_set_labels_period": 49, "choice": null, "session_part_period": 509, "majority_choice": null, "timestamp": "2022-10-19T22:09:26.581Z", "updated": "2022-10-19T22:09:26.581Z"}}, {"model": "main.sessionplayerpartperiod", "pk": 6450, "fields": {"session_player_part": 323, "parameter_set_labels_period": 50, "choice": null, "session_part_period": 510, "majority_choice": null, "timestamp": "2022-10-19T22:09:26.581Z", "updated": "2022-10-19T22:09:26.581Z"}}, {"model": "main.sessionplayerpartperiod", "pk": 6451, "fields": {"session_player_part": 323, "parameter_set_labels_period": 51, "choice": null, "session_part_period": 511, "majority_choice": null, "timestamp": "2022-10-19T22:09:26.581Z", "updated": "2022-10-19T22:09:26.581Z"}}, {"model": "main.sessionplayerpartperiod", "pk": 6452, "fields": {"session_player_part": 323, "parameter_set_labels_period": 52, "choice": null, "session_part_period": 512, "majority_choice": null, "timestamp": "2022-10-19T22:09:26.581Z", "updated": "2022-10-19T22:09:26.581Z"}}, {"model": "main.sessionplayerpartperiod", "pk": 6453, "fields": {"session_player_part": 323, "parameter_set_labels_period": 53, "choice": null, "session_part_period": 513, "majority_choice": null, "timestamp": "2022-10-19T22:09:26.581Z", "updated": "2022-10-19T22:09:26.581Z"}}, {"model": "main.sessionplayerpartperiod", "pk": 6454, "fields": {"session_player_part": 323, "parameter_set_labels_period": 54, "choice": null, "session_part_period": 514, "majority_choice": null, "timestamp": "2022-10-19T22:09:26.581Z", "updated": "2022-10-19T22:09:26.581Z"}}, {"model": "main.sessionplayerpartperiod", "pk": 6455, "fields": {"session_player_part": 323, "parameter_set_labels_period": 55, "choice": null, "session_part_period": 515, "majority_choice": null, "timestamp": "2022-10-19T22:09:26.581Z", "updated": "2022-10-19T22:09:26.581Z"}}, {"model": "main.sessionplayerpartperiod", "pk": 6456, "fields": {"session_player_part": 323, "parameter_set_labels_period": 56, "choice": null, "session_part_period": 516, "majority_choice": null, "timestamp": "2022-10-19T22:09:26.581Z", "updated": "2022-10-19T22:09:26.581Z"}}, {"model": "main.sessionplayerpartperiod", "pk": 6457, "fields": {"session_player_part": 323, "parameter_set_labels_period": 57, "choice": null, "session_part_period": 517, "majority_choice": null, "timestamp": "2022-10-19T22:09:26.581Z", "updated": "2022-10-19T22:09:26.581Z"}}, {"model": "main.sessionplayerpartperiod", "pk": 6458, "fields": {"session_player_part": 323, "parameter_set_labels_period": 58, "choice": null, "session_part_period": 518, "majority_choice": null, "timestamp": "2022-10-19T22:09:26.581Z", "updated": "2022-10-19T22:09:26.581Z"}}, {"model": "main.sessionplayerpartperiod", "pk": 6459, "fields": {"session_player_part": 323, "parameter_set_labels_period": 59, "choice": null, "session_part_period": 519, "majority_choice": null, "timestamp": "2022-10-19T22:09:26.581Z", "updated": "2022-10-19T22:09:26.581Z"}}, {"model": "main.sessionplayerpartperiod", "pk": 6460, "fields": {"session_player_part": 323, "parameter_set_labels_period": 60, "choice": null, "session_part_period": 520, "majority_choice": null, "timestamp": "2022-10-19T22:09:26.581Z", "updated": "2022-10-19T22:09:26.581Z"}}, {"model": "main.sessionplayerpartperiod", "pk": 6461, "fields": {"session_player_part": 324, "parameter_set_labels_period": 41, "choice": null, "session_part_period": 521, "majority_choice": null, "timestamp": "2022-10-19T22:09:26.617Z", "updated": "2022-10-19T22:09:26.617Z"}}, {"model": "main.sessionplayerpartperiod", "pk": 6462, "fields": {"session_player_part": 324, "parameter_set_labels_period": 42, "choice": null, "session_part_period": 522, "majority_choice": null, "timestamp": "2022-10-19T22:09:26.617Z", "updated": "2022-10-19T22:09:26.617Z"}}, {"model": "main.sessionplayerpartperiod", "pk": 6463, "fields": {"session_player_part": 324, "parameter_set_labels_period": 43, "choice": null, "session_part_period": 523, "majority_choice": null, "timestamp": "2022-10-19T22:09:26.617Z", "updated": "2022-10-19T22:09:26.617Z"}}, {"model": "main.sessionplayerpartperiod", "pk": 6464, "fields": {"session_player_part": 324, "parameter_set_labels_period": 44, "choice": null, "session_part_period": 524, "majority_choice": null, "timestamp": "2022-10-19T22:09:26.617Z", "updated": "2022-10-19T22:09:26.617Z"}}, {"model": "main.sessionplayerpartperiod", "pk": 6465, "fields": {"session_player_part": 324, "parameter_set_labels_period": 45, "choice": null, "session_part_period": 525, "majority_choice": null, "timestamp": "2022-10-19T22:09:26.617Z", "updated": "2022-10-19T22:09:26.617Z"}}, {"model": "main.sessionplayerpartperiod", "pk": 6466, "fields": {"session_player_part": 324, "parameter_set_labels_period": 46, "choice": null, "session_part_period": 526, "majority_choice": null, "timestamp": "2022-10-19T22:09:26.617Z", "updated": "2022-10-19T22:09:26.617Z"}}, {"model": "main.sessionplayerpartperiod", "pk": 6467, "fields": {"session_player_part": 324, "parameter_set_labels_period": 47, "choice": null, "session_part_period": 527, "majority_choice": null, "timestamp": "2022-10-19T22:09:26.617Z", "updated": "2022-10-19T22:09:26.617Z"}}, {"model": "main.sessionplayerpartperiod", "pk": 6468, "fields": {"session_player_part": 324, "parameter_set_labels_period": 48, "choice": null, "session_part_period": 528, "majority_choice": null, "timestamp": "2022-10-19T22:09:26.617Z", "updated": "2022-10-19T22:09:26.617Z"}}, {"model": "main.sessionplayerpartperiod", "pk": 6469, "fields": {"session_player_part": 324, "parameter_set_labels_period": 49, "choice": null, "session_part_period": 529, "majority_choice": null, "timestamp": "2022-10-19T22:09:26.617Z", "updated": "2022-10-19T22:09:26.617Z"}}, {"model": "main.sessionplayerpartperiod", "pk": 6470, "fields": {"session_player_part": 324, "parameter_set_labels_period": 50, "choice": null, "session_part_period": 530, "majority_choice": null, "timestamp": "2022-10-19T22:09:26.617Z", "updated": "2022-10-19T22:09:26.617Z"}}, {"model": "main.sessionplayerpartperiod", "pk": 6471, "fields": {"session_player_part": 324, "parameter_set_labels_period": 51, "choice": null, "session_part_period": 531, "majority_choice": null, "timestamp": "2022-10-19T22:09:26.617Z", "updated": "2022-10-19T22:09:26.617Z"}}, {"model": "main.sessionplayerpartperiod", "pk": 6472, "fields": {"session_player_part": 324, "parameter_set_labels_period": 52, "choice": null, "session_part_period": 532, "majority_choice": null, "timestamp": "2022-10-19T22:09:26.617Z", "updated": "2022-10-19T22:09:26.617Z"}}, {"model": "main.sessionplayerpartperiod", "pk": 6473, "fields": {"session_player_part": 324, "parameter_set_labels_period": 53, "choice": null, "session_part_period": 533, "majority_choice": null, "timestamp": "2022-10-19T22:09:26.617Z", "updated": "2022-10-19T22:09:26.617Z"}}, {"model": "main.sessionplayerpartperiod", "pk": 6474, "fields": {"session_player_part": 324, "parameter_set_labels_period": 54, "choice": null, "session_part_period": 534, "majority_choice": null, "timestamp": "2022-10-19T22:09:26.617Z", "updated": "2022-10-19T22:09:26.617Z"}}, {"model": "main.sessionplayerpartperiod", "pk": 6475, "fields": {"session_player_part": 324, "parameter_set_labels_period": 55, "choice": null, "session_part_period": 535, "majority_choice": null, "timestamp": "2022-10-19T22:09:26.617Z", "updated": "2022-10-19T22:09:26.617Z"}}, {"model": "main.sessionplayerpartperiod", "pk": 6476, "fields": {"session_player_part": 324, "parameter_set_labels_period": 56, "choice": null, "session_part_period": 536, "majority_choice": null, "timestamp": "2022-10-19T22:09:26.617Z", "updated": "2022-10-19T22:09:26.617Z"}}, {"model": "main.sessionplayerpartperiod", "pk": 6477, "fields": {"session_player_part": 324, "parameter_set_labels_period": 57, "choice": null, "session_part_period": 537, "majority_choice": null, "timestamp": "2022-10-19T22:09:26.617Z", "updated": "2022-10-19T22:09:26.617Z"}}, {"model": "main.sessionplayerpartperiod", "pk": 6478, "fields": {"session_player_part": 324, "parameter_set_labels_period": 58, "choice": null, "session_part_period": 538, "majority_choice": null, "timestamp": "2022-10-19T22:09:26.617Z", "updated": "2022-10-19T22:09:26.617Z"}}, {"model": "main.sessionplayerpartperiod", "pk": 6479, "fields": {"session_player_part": 324, "parameter_set_labels_period": 59, "choice": null, "session_part_period": 539, "majority_choice": null, "timestamp": "2022-10-19T22:09:26.617Z", "updated": "2022-10-19T22:09:26.617Z"}}, {"model": "main.sessionplayerpartperiod", "pk": 6480, "fields": {"session_player_part": 324, "parameter_set_labels_period": 60, "choice": null, "session_part_period": 540, "majority_choice": null, "timestamp": "2022-10-19T22:09:26.617Z", "updated": "2022-10-19T22:09:26.617Z"}}, {"model": "main.sessionplayerpartperiod", "pk": 6829, "fields": {"session_player_part": 382, "parameter_set_labels_period": 62, "choice": 5, "session_part_period": 661, "majority_choice": null, "timestamp": "2022-10-26T17:15:35.772Z", "updated": "2022-10-26T17:19:58.651Z"}}, {"model": "main.sessionplayerpartperiod", "pk": 6830, "fields": {"session_player_part": 382, "parameter_set_labels_period": 63, "choice": 5, "session_part_period": 662, "majority_choice": null, "timestamp": "2022-10-26T17:15:35.772Z", "updated": "2022-10-26T19:23:58.515Z"}}, {"model": "main.sessionplayerpartperiod", "pk": 6831, "fields": {"session_player_part": 383, "parameter_set_labels_period": 62, "choice": null, "session_part_period": 663, "majority_choice": null, "timestamp": "2022-10-26T17:15:35.780Z", "updated": "2022-10-26T17:15:35.780Z"}}, {"model": "main.sessionplayerpartperiod", "pk": 6832, "fields": {"session_player_part": 383, "parameter_set_labels_period": 63, "choice": null, "session_part_period": 664, "majority_choice": null, "timestamp": "2022-10-26T17:15:35.780Z", "updated": "2022-10-26T17:15:35.780Z"}}, {"model": "main.sessionplayerpartperiod", "pk": 6833, "fields": {"session_player_part": 384, "parameter_set_labels_period": 62, "choice": null, "session_part_period": 665, "majority_choice": null, "timestamp": "2022-10-26T17:15:35.787Z", "updated": "2022-10-26T17:15:35.787Z"}}, {"model": "main.sessionplayerpartperiod", "pk": 6834, "fields": {"session_player_part": 384, "parameter_set_labels_period": 63, "choice": null, "session_part_period": 666, "majority_choice": null, "timestamp": "2022-10-26T17:15:35.787Z", "updated": "2022-10-26T17:15:35.787Z"}}, {"model": "main.sessionplayerpartperiod", "pk": 6835, "fields": {"session_player_part": 385, "parameter_set_labels_period": 122, "choice": 6, "session_part_period": 661, "majority_choice": null, "timestamp": "2022-10-26T17:15:35.803Z", "updated": "2022-10-26T17:26:51.796Z"}}, {"model": "main.sessionplayerpartperiod", "pk": 6836, "fields": {"session_player_part": 385, "parameter_set_labels_period": 123, "choice": 6, "session_part_period": 662, "majority_choice": null, "timestamp": "2022-10-26T17:15:35.803Z", "updated": "2022-10-26T17:26:58.091Z"}}, {"model": "main.sessionplayerpartperiod", "pk": 6837, "fields": {"session_player_part": 386, "parameter_set_labels_period": 122, "choice": null, "session_part_period": 663, "majority_choice": null, "timestamp": "2022-10-26T17:15:35.809Z", "updated": "2022-10-26T17:15:35.809Z"}}, {"model": "main.sessionplayerpartperiod", "pk": 6838, "fields": {"session_player_part": 386, "parameter_set_labels_period": 123, "choice": null, "session_part_period": 664, "majority_choice": null, "timestamp": "2022-10-26T17:15:35.809Z", "updated": "2022-10-26T17:15:35.809Z"}}, {"model": "main.sessionplayerpartperiod", "pk": 6839, "fields": {"session_player_part": 387, "parameter_set_labels_period": 122, "choice": null, "session_part_period": 665, "majority_choice": null, "timestamp": "2022-10-26T17:15:35.815Z", "updated": "2022-10-26T17:15:35.815Z"}}, {"model": "main.sessionplayerpartperiod", "pk": 6840, "fields": {"session_player_part": 387, "parameter_set_labels_period": 123, "choice": null, "session_part_period": 666, "majority_choice": null, "timestamp": "2022-10-26T17:15:35.815Z", "updated": "2022-10-26T17:15:35.815Z"}}, {"model": "main.sessionplayerpartperiod", "pk": 6841, "fields": {"session_player_part": 388, "parameter_set_labels_period": 82, "choice": 5, "session_part_period": 661, "majority_choice": null, "timestamp": "2022-10-26T17:15:35.831Z", "updated": "2022-10-26T17:26:53.969Z"}}, {"model": "main.sessionplayerpartperiod", "pk": 6842, "fields": {"session_player_part": 388, "parameter_set_labels_period": 83, "choice": 5, "session_part_period": 662, "majority_choice": null, "timestamp": "2022-10-26T17:15:35.831Z", "updated": "2022-10-26T17:26:56.262Z"}}, {"model": "main.sessionplayerpartperiod", "pk": 6843, "fields": {"session_player_part": 389, "parameter_set_labels_period": 82, "choice": null, "session_part_period": 663, "majority_choice": null, "timestamp": "2022-10-26T17:15:35.837Z", "updated": "2022-10-26T17:15:35.837Z"}}, {"model": "main.sessionplayerpartperiod", "pk": 6844, "fields": {"session_player_part": 389, "parameter_set_labels_period": 83, "choice": null, "session_part_period": 664, "majority_choice": null, "timestamp": "2022-10-26T17:15:35.837Z", "updated": "2022-10-26T17:15:35.837Z"}}, {"model": "main.sessionplayerpartperiod", "pk": 6845, "fields": {"session_player_part": 390, "parameter_set_labels_period": 82, "choice": null, "session_part_period": 665, "majority_choice": null, "timestamp": "2022-10-26T17:15:35.845Z", "updated": "2022-10-26T17:15:35.845Z"}}, {"model": "main.sessionplayerpartperiod", "pk": 6846, "fields": {"session_player_part": 390, "parameter_set_labels_period": 83, "choice": null, "session_part_period": 666, "majority_choice": null, "timestamp": "2022-10-26T17:15:35.845Z", "updated": "2022-10-26T17:15:35.845Z"}}]